cohort_week,acquisition_channel,target_role,step_order,funnel_step,users_reached,conversion_from_signup,conversion_from_previous_step
2025-12-29,Company career site,Data Analyst,1,Account created,9,1.0,1.0
2025-12-29,Company career site,Data Analyst,2,Logged in,7,0.7778,0.7778
2025-12-29,Company career site,Data Analyst,3,Job saved,6,0.6667,0.8571
2025-12-29,Company career site,Data Analyst,4,Prep plan generated,5,0.5556,0.8333
2025-12-29,Company career site,Data Analyst,5,First note completed,5,0.5556,1.0
2025-12-29,Company career site,Data Analyst,6,Exam submitted,4,0.4444,0.8
2025-12-29,Company career site,Data Analyst,7,Mock interview completed,2,0.2222,0.5
2025-12-29,Company career site,Finance Analyst,1,Account created,10,1.0,1.0
2025-12-29,Company career site,Finance Analyst,2,Logged in,10,1.0,1.0
2025-12-29,Company career site,Finance Analyst,3,Job saved,6,0.6,0.6
2025-12-29,Company career site,Finance Analyst,4,Prep plan generated,5,0.5,0.8333
2025-12-29,Company career site,Finance Analyst,5,First note completed,5,0.5,1.0
2025-12-29,Company career site,Finance Analyst,6,Exam submitted,4,0.4,0.8
2025-12-29,Company career site,Finance Analyst,7,Mock interview completed,0,0.0,0.0
2025-12-29,Company career site,Product Manager,1,Account created,8,1.0,1.0
2025-12-29,Company career site,Product Manager,2,Logged in,6,0.75,0.75
2025-12-29,Company career site,Product Manager,3,Job saved,3,0.375,0.5
2025-12-29,Company career site,Product Manager,4,Prep plan generated,2,0.25,0.6667
2025-12-29,Company career site,Product Manager,5,First note completed,2,0.25,1.0
2025-12-29,Company career site,Product Manager,6,Exam submitted,2,0.25,1.0
2025-12-29,Company career site,Product Manager,7,Mock interview completed,0,0.0,0.0
2025-12-29,Company career site,Software Engineer,1,Account created,8,1.0,1.0
2025-12-29,Company career site,Software Engineer,2,Logged in,7,0.875,0.875
2025-12-29,Company career site,Software Engineer,3,Job saved,7,0.875,1.0
2025-12-29,Company career site,Software Engineer,4,Prep plan generated,6,0.75,0.8571
2025-12-29,Company career site,Software Engineer,5,First note completed,6,0.75,1.0
2025-12-29,Company career site,Software Engineer,6,Exam submitted,5,0.625,0.8333
2025-12-29,Company career site,Software Engineer,7,Mock interview completed,2,0.25,0.4
2025-12-29,Company career site,UX Designer,1,Account created,7,1.0,1.0
2025-12-29,Company career site,UX Designer,2,Logged in,7,1.0,1.0
2025-12-29,Company career site,UX Designer,3,Job saved,7,1.0,1.0
2025-12-29,Company career site,UX Designer,4,Prep plan generated,5,0.7143,0.7143
2025-12-29,Company career site,UX Designer,5,First note completed,5,0.7143,1.0
2025-12-29,Company career site,UX Designer,6,Exam submitted,4,0.5714,0.8
2025-12-29,Company career site,UX Designer,7,Mock interview completed,4,0.5714,1.0
2025-12-29,Handshake extension,Data Analyst,1,Account created,12,1.0,1.0
2025-12-29,Handshake extension,Data Analyst,2,Logged in,12,1.0,1.0
2025-12-29,Handshake extension,Data Analyst,3,Job saved,9,0.75,0.75
2025-12-29,Handshake extension,Data Analyst,4,Prep plan generated,6,0.5,0.6667
2025-12-29,Handshake extension,Data Analyst,5,First note completed,6,0.5,1.0
2025-12-29,Handshake extension,Data Analyst,6,Exam submitted,4,0.3333,0.6667
2025-12-29,Handshake extension,Data Analyst,7,Mock interview completed,2,0.1667,0.5
2025-12-29,Handshake extension,Finance Analyst,1,Account created,8,1.0,1.0
2025-12-29,Handshake extension,Finance Analyst,2,Logged in,7,0.875,0.875
2025-12-29,Handshake extension,Finance Analyst,3,Job saved,5,0.625,0.7143
2025-12-29,Handshake extension,Finance Analyst,4,Prep plan generated,5,0.625,1.0
2025-12-29,Handshake extension,Finance Analyst,5,First note completed,5,0.625,1.0
2025-12-29,Handshake extension,Finance Analyst,6,Exam submitted,2,0.25,0.4
2025-12-29,Handshake extension,Finance Analyst,7,Mock interview completed,1,0.125,0.5
2025-12-29,Handshake extension,Product Manager,1,Account created,6,1.0,1.0
2025-12-29,Handshake extension,Product Manager,2,Logged in,6,1.0,1.0
2025-12-29,Handshake extension,Product Manager,3,Job saved,3,0.5,0.5
2025-12-29,Handshake extension,Product Manager,4,Prep plan generated,1,0.1667,0.3333
2025-12-29,Handshake extension,Product Manager,5,First note completed,1,0.1667,1.0
2025-12-29,Handshake extension,Product Manager,6,Exam submitted,1,0.1667,1.0
2025-12-29,Handshake extension,Product Manager,7,Mock interview completed,0,0.0,0.0
2025-12-29,Handshake extension,Software Engineer,1,Account created,12,1.0,1.0
2025-12-29,Handshake extension,Software Engineer,2,Logged in,12,1.0,1.0
2025-12-29,Handshake extension,Software Engineer,3,Job saved,9,0.75,0.75
2025-12-29,Handshake extension,Software Engineer,4,Prep plan generated,8,0.6667,0.8889
2025-12-29,Handshake extension,Software Engineer,5,First note completed,8,0.6667,1.0
2025-12-29,Handshake extension,Software Engineer,6,Exam submitted,4,0.3333,0.5
2025-12-29,Handshake extension,Software Engineer,7,Mock interview completed,1,0.0833,0.25
2025-12-29,Handshake extension,UX Designer,1,Account created,13,1.0,1.0
2025-12-29,Handshake extension,UX Designer,2,Logged in,13,1.0,1.0
2025-12-29,Handshake extension,UX Designer,3,Job saved,9,0.6923,0.6923
2025-12-29,Handshake extension,UX Designer,4,Prep plan generated,7,0.5385,0.7778
2025-12-29,Handshake extension,UX Designer,5,First note completed,7,0.5385,1.0
2025-12-29,Handshake extension,UX Designer,6,Exam submitted,5,0.3846,0.7143
2025-12-29,Handshake extension,UX Designer,7,Mock interview completed,2,0.1538,0.4
2025-12-29,LinkedIn extension,Data Analyst,1,Account created,11,1.0,1.0
2025-12-29,LinkedIn extension,Data Analyst,2,Logged in,9,0.8182,0.8182
2025-12-29,LinkedIn extension,Data Analyst,3,Job saved,7,0.6364,0.7778
2025-12-29,LinkedIn extension,Data Analyst,4,Prep plan generated,6,0.5455,0.8571
2025-12-29,LinkedIn extension,Data Analyst,5,First note completed,6,0.5455,1.0
2025-12-29,LinkedIn extension,Data Analyst,6,Exam submitted,3,0.2727,0.5
2025-12-29,LinkedIn extension,Data Analyst,7,Mock interview completed,2,0.1818,0.6667
2025-12-29,LinkedIn extension,Finance Analyst,1,Account created,11,1.0,1.0
2025-12-29,LinkedIn extension,Finance Analyst,2,Logged in,11,1.0,1.0
2025-12-29,LinkedIn extension,Finance Analyst,3,Job saved,6,0.5455,0.5455
2025-12-29,LinkedIn extension,Finance Analyst,4,Prep plan generated,4,0.3636,0.6667
2025-12-29,LinkedIn extension,Finance Analyst,5,First note completed,4,0.3636,1.0
2025-12-29,LinkedIn extension,Finance Analyst,6,Exam submitted,3,0.2727,0.75
2025-12-29,LinkedIn extension,Finance Analyst,7,Mock interview completed,1,0.0909,0.3333
2025-12-29,LinkedIn extension,Product Manager,1,Account created,12,1.0,1.0
2025-12-29,LinkedIn extension,Product Manager,2,Logged in,12,1.0,1.0
2025-12-29,LinkedIn extension,Product Manager,3,Job saved,8,0.6667,0.6667
2025-12-29,LinkedIn extension,Product Manager,4,Prep plan generated,5,0.4167,0.625
2025-12-29,LinkedIn extension,Product Manager,5,First note completed,5,0.4167,1.0
2025-12-29,LinkedIn extension,Product Manager,6,Exam submitted,3,0.25,0.6
2025-12-29,LinkedIn extension,Product Manager,7,Mock interview completed,0,0.0,0.0
2025-12-29,LinkedIn extension,Software Engineer,1,Account created,19,1.0,1.0
2025-12-29,LinkedIn extension,Software Engineer,2,Logged in,18,0.9474,0.9474
2025-12-29,LinkedIn extension,Software Engineer,3,Job saved,13,0.6842,0.7222
2025-12-29,LinkedIn extension,Software Engineer,4,Prep plan generated,7,0.3684,0.5385
2025-12-29,LinkedIn extension,Software Engineer,5,First note completed,7,0.3684,1.0
2025-12-29,LinkedIn extension,Software Engineer,6,Exam submitted,4,0.2105,0.5714
2025-12-29,LinkedIn extension,Software Engineer,7,Mock interview completed,2,0.1053,0.5
2025-12-29,LinkedIn extension,UX Designer,1,Account created,9,1.0,1.0
2025-12-29,LinkedIn extension,UX Designer,2,Logged in,9,1.0,1.0
2025-12-29,LinkedIn extension,UX Designer,3,Job saved,6,0.6667,0.6667
2025-12-29,LinkedIn extension,UX Designer,4,Prep plan generated,6,0.6667,1.0
2025-12-29,LinkedIn extension,UX Designer,5,First note completed,6,0.6667,1.0
2025-12-29,LinkedIn extension,UX Designer,6,Exam submitted,4,0.4444,0.6667
2025-12-29,LinkedIn extension,UX Designer,7,Mock interview completed,1,0.1111,0.25
2025-12-29,Manual paste,Data Analyst,1,Account created,9,1.0,1.0
2025-12-29,Manual paste,Data Analyst,2,Logged in,8,0.8889,0.8889
2025-12-29,Manual paste,Data Analyst,3,Job saved,5,0.5556,0.625
2025-12-29,Manual paste,Data Analyst,4,Prep plan generated,4,0.4444,0.8
2025-12-29,Manual paste,Data Analyst,5,First note completed,4,0.4444,1.0
2025-12-29,Manual paste,Data Analyst,6,Exam submitted,3,0.3333,0.75
2025-12-29,Manual paste,Data Analyst,7,Mock interview completed,1,0.1111,0.3333
2025-12-29,Manual paste,Finance Analyst,1,Account created,8,1.0,1.0
2025-12-29,Manual paste,Finance Analyst,2,Logged in,7,0.875,0.875
2025-12-29,Manual paste,Finance Analyst,3,Job saved,4,0.5,0.5714
2025-12-29,Manual paste,Finance Analyst,4,Prep plan generated,4,0.5,1.0
2025-12-29,Manual paste,Finance Analyst,5,First note completed,4,0.5,1.0
2025-12-29,Manual paste,Finance Analyst,6,Exam submitted,2,0.25,0.5
2025-12-29,Manual paste,Finance Analyst,7,Mock interview completed,1,0.125,0.5
2025-12-29,Manual paste,Product Manager,1,Account created,14,1.0,1.0
2025-12-29,Manual paste,Product Manager,2,Logged in,14,1.0,1.0
2025-12-29,Manual paste,Product Manager,3,Job saved,6,0.4286,0.4286
2025-12-29,Manual paste,Product Manager,4,Prep plan generated,5,0.3571,0.8333
2025-12-29,Manual paste,Product Manager,5,First note completed,5,0.3571,1.0
2025-12-29,Manual paste,Product Manager,6,Exam submitted,2,0.1429,0.4
2025-12-29,Manual paste,Product Manager,7,Mock interview completed,0,0.0,0.0
2025-12-29,Manual paste,Software Engineer,1,Account created,13,1.0,1.0
2025-12-29,Manual paste,Software Engineer,2,Logged in,9,0.6923,0.6923
2025-12-29,Manual paste,Software Engineer,3,Job saved,6,0.4615,0.6667
2025-12-29,Manual paste,Software Engineer,4,Prep plan generated,5,0.3846,0.8333
2025-12-29,Manual paste,Software Engineer,5,First note completed,5,0.3846,1.0
2025-12-29,Manual paste,Software Engineer,6,Exam submitted,4,0.3077,0.8
2025-12-29,Manual paste,Software Engineer,7,Mock interview completed,2,0.1538,0.5
2025-12-29,Manual paste,UX Designer,1,Account created,9,1.0,1.0
2025-12-29,Manual paste,UX Designer,2,Logged in,8,0.8889,0.8889
2025-12-29,Manual paste,UX Designer,3,Job saved,5,0.5556,0.625
2025-12-29,Manual paste,UX Designer,4,Prep plan generated,4,0.4444,0.8
2025-12-29,Manual paste,UX Designer,5,First note completed,4,0.4444,1.0
2025-12-29,Manual paste,UX Designer,6,Exam submitted,3,0.3333,0.75
2025-12-29,Manual paste,UX Designer,7,Mock interview completed,1,0.1111,0.3333
2026-01-05,Company career site,Data Analyst,1,Account created,10,1.0,1.0
2026-01-05,Company career site,Data Analyst,2,Logged in,10,1.0,1.0
2026-01-05,Company career site,Data Analyst,3,Job saved,6,0.6,0.6
2026-01-05,Company career site,Data Analyst,4,Prep plan generated,5,0.5,0.8333
2026-01-05,Company career site,Data Analyst,5,First note completed,5,0.5,1.0
2026-01-05,Company career site,Data Analyst,6,Exam submitted,2,0.2,0.4
2026-01-05,Company career site,Data Analyst,7,Mock interview completed,0,0.0,0.0
2026-01-05,Company career site,Finance Analyst,1,Account created,12,1.0,1.0
2026-01-05,Company career site,Finance Analyst,2,Logged in,10,0.8333,0.8333
2026-01-05,Company career site,Finance Analyst,3,Job saved,8,0.6667,0.8
2026-01-05,Company career site,Finance Analyst,4,Prep plan generated,7,0.5833,0.875
2026-01-05,Company career site,Finance Analyst,5,First note completed,7,0.5833,1.0
2026-01-05,Company career site,Finance Analyst,6,Exam submitted,6,0.5,0.8571
2026-01-05,Company career site,Finance Analyst,7,Mock interview completed,2,0.1667,0.3333
2026-01-05,Company career site,Product Manager,1,Account created,9,1.0,1.0
2026-01-05,Company career site,Product Manager,2,Logged in,9,1.0,1.0
2026-01-05,Company career site,Product Manager,3,Job saved,6,0.6667,0.6667
2026-01-05,Company career site,Product Manager,4,Prep plan generated,3,0.3333,0.5
2026-01-05,Company career site,Product Manager,5,First note completed,3,0.3333,1.0
2026-01-05,Company career site,Product Manager,6,Exam submitted,2,0.2222,0.6667
2026-01-05,Company career site,Product Manager,7,Mock interview completed,0,0.0,0.0
2026-01-05,Company career site,Software Engineer,1,Account created,10,1.0,1.0
2026-01-05,Company career site,Software Engineer,2,Logged in,10,1.0,1.0
2026-01-05,Company career site,Software Engineer,3,Job saved,8,0.8,0.8
2026-01-05,Company career site,Software Engineer,4,Prep plan generated,7,0.7,0.875
2026-01-05,Company career site,Software Engineer,5,First note completed,7,0.7,1.0
2026-01-05,Company career site,Software Engineer,6,Exam submitted,4,0.4,0.5714
2026-01-05,Company career site,Software Engineer,7,Mock interview completed,2,0.2,0.5
2026-01-05,Company career site,UX Designer,1,Account created,16,1.0,1.0
2026-01-05,Company career site,UX Designer,2,Logged in,13,0.8125,0.8125
2026-01-05,Company career site,UX Designer,3,Job saved,7,0.4375,0.5385
2026-01-05,Company career site,UX Designer,4,Prep plan generated,5,0.3125,0.7143
2026-01-05,Company career site,UX Designer,5,First note completed,5,0.3125,1.0
2026-01-05,Company career site,UX Designer,6,Exam submitted,3,0.1875,0.6
2026-01-05,Company career site,UX Designer,7,Mock interview completed,0,0.0,0.0
2026-01-05,Handshake extension,Data Analyst,1,Account created,15,1.0,1.0
2026-01-05,Handshake extension,Data Analyst,2,Logged in,15,1.0,1.0
2026-01-05,Handshake extension,Data Analyst,3,Job saved,11,0.7333,0.7333
2026-01-05,Handshake extension,Data Analyst,4,Prep plan generated,6,0.4,0.5455
2026-01-05,Handshake extension,Data Analyst,5,First note completed,6,0.4,1.0
2026-01-05,Handshake extension,Data Analyst,6,Exam submitted,5,0.3333,0.8333
2026-01-05,Handshake extension,Data Analyst,7,Mock interview completed,1,0.0667,0.2
2026-01-05,Handshake extension,Finance Analyst,1,Account created,12,1.0,1.0
2026-01-05,Handshake extension,Finance Analyst,2,Logged in,11,0.9167,0.9167
2026-01-05,Handshake extension,Finance Analyst,3,Job saved,7,0.5833,0.6364
2026-01-05,Handshake extension,Finance Analyst,4,Prep plan generated,5,0.4167,0.7143
2026-01-05,Handshake extension,Finance Analyst,5,First note completed,5,0.4167,1.0
2026-01-05,Handshake extension,Finance Analyst,6,Exam submitted,4,0.3333,0.8
2026-01-05,Handshake extension,Finance Analyst,7,Mock interview completed,0,0.0,0.0
2026-01-05,Handshake extension,Product Manager,1,Account created,15,1.0,1.0
2026-01-05,Handshake extension,Product Manager,2,Logged in,14,0.9333,0.9333
2026-01-05,Handshake extension,Product Manager,3,Job saved,9,0.6,0.6429
2026-01-05,Handshake extension,Product Manager,4,Prep plan generated,6,0.4,0.6667
2026-01-05,Handshake extension,Product Manager,5,First note completed,6,0.4,1.0
2026-01-05,Handshake extension,Product Manager,6,Exam submitted,6,0.4,1.0
2026-01-05,Handshake extension,Product Manager,7,Mock interview completed,3,0.2,0.5
2026-01-05,Handshake extension,Software Engineer,1,Account created,10,1.0,1.0
2026-01-05,Handshake extension,Software Engineer,2,Logged in,10,1.0,1.0
2026-01-05,Handshake extension,Software Engineer,3,Job saved,9,0.9,0.9
2026-01-05,Handshake extension,Software Engineer,4,Prep plan generated,8,0.8,0.8889
2026-01-05,Handshake extension,Software Engineer,5,First note completed,8,0.8,1.0
2026-01-05,Handshake extension,Software Engineer,6,Exam submitted,6,0.6,0.75
2026-01-05,Handshake extension,Software Engineer,7,Mock interview completed,1,0.1,0.1667
2026-01-05,Handshake extension,UX Designer,1,Account created,17,1.0,1.0
2026-01-05,Handshake extension,UX Designer,2,Logged in,16,0.9412,0.9412
2026-01-05,Handshake extension,UX Designer,3,Job saved,15,0.8824,0.9375
2026-01-05,Handshake extension,UX Designer,4,Prep plan generated,11,0.6471,0.7333
2026-01-05,Handshake extension,UX Designer,5,First note completed,11,0.6471,1.0
2026-01-05,Handshake extension,UX Designer,6,Exam submitted,7,0.4118,0.6364
2026-01-05,Handshake extension,UX Designer,7,Mock interview completed,1,0.0588,0.1429
2026-01-05,LinkedIn extension,Data Analyst,1,Account created,18,1.0,1.0
2026-01-05,LinkedIn extension,Data Analyst,2,Logged in,15,0.8333,0.8333
2026-01-05,LinkedIn extension,Data Analyst,3,Job saved,9,0.5,0.6
2026-01-05,LinkedIn extension,Data Analyst,4,Prep plan generated,9,0.5,1.0
2026-01-05,LinkedIn extension,Data Analyst,5,First note completed,9,0.5,1.0
2026-01-05,LinkedIn extension,Data Analyst,6,Exam submitted,7,0.3889,0.7778
2026-01-05,LinkedIn extension,Data Analyst,7,Mock interview completed,6,0.3333,0.8571
2026-01-05,LinkedIn extension,Finance Analyst,1,Account created,20,1.0,1.0
2026-01-05,LinkedIn extension,Finance Analyst,2,Logged in,19,0.95,0.95
2026-01-05,LinkedIn extension,Finance Analyst,3,Job saved,10,0.5,0.5263
2026-01-05,LinkedIn extension,Finance Analyst,4,Prep plan generated,7,0.35,0.7
2026-01-05,LinkedIn extension,Finance Analyst,5,First note completed,7,0.35,1.0
2026-01-05,LinkedIn extension,Finance Analyst,6,Exam submitted,6,0.3,0.8571
2026-01-05,LinkedIn extension,Finance Analyst,7,Mock interview completed,5,0.25,0.8333
2026-01-05,LinkedIn extension,Product Manager,1,Account created,11,1.0,1.0
2026-01-05,LinkedIn extension,Product Manager,2,Logged in,11,1.0,1.0
2026-01-05,LinkedIn extension,Product Manager,3,Job saved,8,0.7273,0.7273
2026-01-05,LinkedIn extension,Product Manager,4,Prep plan generated,6,0.5455,0.75
2026-01-05,LinkedIn extension,Product Manager,5,First note completed,6,0.5455,1.0
2026-01-05,LinkedIn extension,Product Manager,6,Exam submitted,4,0.3636,0.6667
2026-01-05,LinkedIn extension,Product Manager,7,Mock interview completed,2,0.1818,0.5
2026-01-05,LinkedIn extension,Software Engineer,1,Account created,15,1.0,1.0
2026-01-05,LinkedIn extension,Software Engineer,2,Logged in,14,0.9333,0.9333
2026-01-05,LinkedIn extension,Software Engineer,3,Job saved,10,0.6667,0.7143
2026-01-05,LinkedIn extension,Software Engineer,4,Prep plan generated,7,0.4667,0.7
2026-01-05,LinkedIn extension,Software Engineer,5,First note completed,7,0.4667,1.0
2026-01-05,LinkedIn extension,Software Engineer,6,Exam submitted,5,0.3333,0.7143
2026-01-05,LinkedIn extension,Software Engineer,7,Mock interview completed,1,0.0667,0.2
2026-01-05,LinkedIn extension,UX Designer,1,Account created,19,1.0,1.0
2026-01-05,LinkedIn extension,UX Designer,2,Logged in,15,0.7895,0.7895
2026-01-05,LinkedIn extension,UX Designer,3,Job saved,11,0.5789,0.7333
2026-01-05,LinkedIn extension,UX Designer,4,Prep plan generated,8,0.4211,0.7273
2026-01-05,LinkedIn extension,UX Designer,5,First note completed,8,0.4211,1.0
2026-01-05,LinkedIn extension,UX Designer,6,Exam submitted,7,0.3684,0.875
2026-01-05,LinkedIn extension,UX Designer,7,Mock interview completed,3,0.1579,0.4286
2026-01-05,Manual paste,Data Analyst,1,Account created,19,1.0,1.0
2026-01-05,Manual paste,Data Analyst,2,Logged in,18,0.9474,0.9474
2026-01-05,Manual paste,Data Analyst,3,Job saved,12,0.6316,0.6667
2026-01-05,Manual paste,Data Analyst,4,Prep plan generated,11,0.5789,0.9167
2026-01-05,Manual paste,Data Analyst,5,First note completed,11,0.5789,1.0
2026-01-05,Manual paste,Data Analyst,6,Exam submitted,6,0.3158,0.5455
2026-01-05,Manual paste,Data Analyst,7,Mock interview completed,0,0.0,0.0
2026-01-05,Manual paste,Finance Analyst,1,Account created,13,1.0,1.0
2026-01-05,Manual paste,Finance Analyst,2,Logged in,11,0.8462,0.8462
2026-01-05,Manual paste,Finance Analyst,3,Job saved,9,0.6923,0.8182
2026-01-05,Manual paste,Finance Analyst,4,Prep plan generated,5,0.3846,0.5556
2026-01-05,Manual paste,Finance Analyst,5,First note completed,5,0.3846,1.0
2026-01-05,Manual paste,Finance Analyst,6,Exam submitted,3,0.2308,0.6
2026-01-05,Manual paste,Finance Analyst,7,Mock interview completed,0,0.0,0.0
2026-01-05,Manual paste,Product Manager,1,Account created,12,1.0,1.0
2026-01-05,Manual paste,Product Manager,2,Logged in,12,1.0,1.0
2026-01-05,Manual paste,Product Manager,3,Job saved,5,0.4167,0.4167
2026-01-05,Manual paste,Product Manager,4,Prep plan generated,2,0.1667,0.4
2026-01-05,Manual paste,Product Manager,5,First note completed,2,0.1667,1.0
2026-01-05,Manual paste,Product Manager,6,Exam submitted,1,0.0833,0.5
2026-01-05,Manual paste,Product Manager,7,Mock interview completed,0,0.0,0.0
2026-01-05,Manual paste,Software Engineer,1,Account created,18,1.0,1.0
2026-01-05,Manual paste,Software Engineer,2,Logged in,16,0.8889,0.8889
2026-01-05,Manual paste,Software Engineer,3,Job saved,11,0.6111,0.6875
2026-01-05,Manual paste,Software Engineer,4,Prep plan generated,5,0.2778,0.4545
2026-01-05,Manual paste,Software Engineer,5,First note completed,5,0.2778,1.0
2026-01-05,Manual paste,Software Engineer,6,Exam submitted,4,0.2222,0.8
2026-01-05,Manual paste,Software Engineer,7,Mock interview completed,3,0.1667,0.75
2026-01-05,Manual paste,UX Designer,1,Account created,19,1.0,1.0
2026-01-05,Manual paste,UX Designer,2,Logged in,15,0.7895,0.7895
2026-01-05,Manual paste,UX Designer,3,Job saved,10,0.5263,0.6667
2026-01-05,Manual paste,UX Designer,4,Prep plan generated,7,0.3684,0.7
2026-01-05,Manual paste,UX Designer,5,First note completed,7,0.3684,1.0
2026-01-05,Manual paste,UX Designer,6,Exam submitted,4,0.2105,0.5714
2026-01-05,Manual paste,UX Designer,7,Mock interview completed,2,0.1053,0.5
2026-01-12,Company career site,Data Analyst,1,Account created,13,1.0,1.0
2026-01-12,Company career site,Data Analyst,2,Logged in,10,0.7692,0.7692
2026-01-12,Company career site,Data Analyst,3,Job saved,8,0.6154,0.8
2026-01-12,Company career site,Data Analyst,4,Prep plan generated,7,0.5385,0.875
2026-01-12,Company career site,Data Analyst,5,First note completed,7,0.5385,1.0
2026-01-12,Company career site,Data Analyst,6,Exam submitted,2,0.1538,0.2857
2026-01-12,Company career site,Data Analyst,7,Mock interview completed,0,0.0,0.0
2026-01-12,Company career site,Finance Analyst,1,Account created,5,1.0,1.0
2026-01-12,Company career site,Finance Analyst,2,Logged in,5,1.0,1.0
2026-01-12,Company career site,Finance Analyst,3,Job saved,4,0.8,0.8
2026-01-12,Company career site,Finance Analyst,4,Prep plan generated,2,0.4,0.5
2026-01-12,Company career site,Finance Analyst,5,First note completed,2,0.4,1.0
2026-01-12,Company career site,Finance Analyst,6,Exam submitted,1,0.2,0.5
2026-01-12,Company career site,Finance Analyst,7,Mock interview completed,0,0.0,0.0
2026-01-12,Company career site,Product Manager,1,Account created,11,1.0,1.0
2026-01-12,Company career site,Product Manager,2,Logged in,10,0.9091,0.9091
2026-01-12,Company career site,Product Manager,3,Job saved,8,0.7273,0.8
2026-01-12,Company career site,Product Manager,4,Prep plan generated,4,0.3636,0.5
2026-01-12,Company career site,Product Manager,5,First note completed,4,0.3636,1.0
2026-01-12,Company career site,Product Manager,6,Exam submitted,4,0.3636,1.0
2026-01-12,Company career site,Product Manager,7,Mock interview completed,2,0.1818,0.5
2026-01-12,Company career site,Software Engineer,1,Account created,15,1.0,1.0
2026-01-12,Company career site,Software Engineer,2,Logged in,14,0.9333,0.9333
2026-01-12,Company career site,Software Engineer,3,Job saved,7,0.4667,0.5
2026-01-12,Company career site,Software Engineer,4,Prep plan generated,4,0.2667,0.5714
2026-01-12,Company career site,Software Engineer,5,First note completed,4,0.2667,1.0
2026-01-12,Company career site,Software Engineer,6,Exam submitted,2,0.1333,0.5
2026-01-12,Company career site,Software Engineer,7,Mock interview completed,1,0.0667,0.5
2026-01-12,Company career site,UX Designer,1,Account created,14,1.0,1.0
2026-01-12,Company career site,UX Designer,2,Logged in,13,0.9286,0.9286
2026-01-12,Company career site,UX Designer,3,Job saved,9,0.6429,0.6923
2026-01-12,Company career site,UX Designer,4,Prep plan generated,6,0.4286,0.6667
2026-01-12,Company career site,UX Designer,5,First note completed,6,0.4286,1.0
2026-01-12,Company career site,UX Designer,6,Exam submitted,3,0.2143,0.5
2026-01-12,Company career site,UX Designer,7,Mock interview completed,2,0.1429,0.6667
2026-01-12,Handshake extension,Data Analyst,1,Account created,15,1.0,1.0
2026-01-12,Handshake extension,Data Analyst,2,Logged in,12,0.8,0.8
2026-01-12,Handshake extension,Data Analyst,3,Job saved,8,0.5333,0.6667
2026-01-12,Handshake extension,Data Analyst,4,Prep plan generated,6,0.4,0.75
2026-01-12,Handshake extension,Data Analyst,5,First note completed,6,0.4,1.0
2026-01-12,Handshake extension,Data Analyst,6,Exam submitted,6,0.4,1.0
2026-01-12,Handshake extension,Data Analyst,7,Mock interview completed,2,0.1333,0.3333
2026-01-12,Handshake extension,Finance Analyst,1,Account created,12,1.0,1.0
2026-01-12,Handshake extension,Finance Analyst,2,Logged in,12,1.0,1.0
2026-01-12,Handshake extension,Finance Analyst,3,Job saved,11,0.9167,0.9167
2026-01-12,Handshake extension,Finance Analyst,4,Prep plan generated,8,0.6667,0.7273
2026-01-12,Handshake extension,Finance Analyst,5,First note completed,8,0.6667,1.0
2026-01-12,Handshake extension,Finance Analyst,6,Exam submitted,7,0.5833,0.875
2026-01-12,Handshake extension,Finance Analyst,7,Mock interview completed,2,0.1667,0.2857
2026-01-12,Handshake extension,Product Manager,1,Account created,16,1.0,1.0
2026-01-12,Handshake extension,Product Manager,2,Logged in,16,1.0,1.0
2026-01-12,Handshake extension,Product Manager,3,Job saved,11,0.6875,0.6875
2026-01-12,Handshake extension,Product Manager,4,Prep plan generated,11,0.6875,1.0
2026-01-12,Handshake extension,Product Manager,5,First note completed,11,0.6875,1.0
2026-01-12,Handshake extension,Product Manager,6,Exam submitted,7,0.4375,0.6364
2026-01-12,Handshake extension,Product Manager,7,Mock interview completed,4,0.25,0.5714
2026-01-12,Handshake extension,Software Engineer,1,Account created,18,1.0,1.0
2026-01-12,Handshake extension,Software Engineer,2,Logged in,18,1.0,1.0
2026-01-12,Handshake extension,Software Engineer,3,Job saved,14,0.7778,0.7778
2026-01-12,Handshake extension,Software Engineer,4,Prep plan generated,8,0.4444,0.5714
2026-01-12,Handshake extension,Software Engineer,5,First note completed,8,0.4444,1.0
2026-01-12,Handshake extension,Software Engineer,6,Exam submitted,5,0.2778,0.625
2026-01-12,Handshake extension,Software Engineer,7,Mock interview completed,2,0.1111,0.4
2026-01-12,Handshake extension,UX Designer,1,Account created,14,1.0,1.0
2026-01-12,Handshake extension,UX Designer,2,Logged in,12,0.8571,0.8571
2026-01-12,Handshake extension,UX Designer,3,Job saved,11,0.7857,0.9167
2026-01-12,Handshake extension,UX Designer,4,Prep plan generated,8,0.5714,0.7273
2026-01-12,Handshake extension,UX Designer,5,First note completed,8,0.5714,1.0
2026-01-12,Handshake extension,UX Designer,6,Exam submitted,7,0.5,0.875
2026-01-12,Handshake extension,UX Designer,7,Mock interview completed,3,0.2143,0.4286
2026-01-12,LinkedIn extension,Data Analyst,1,Account created,26,1.0,1.0
2026-01-12,LinkedIn extension,Data Analyst,2,Logged in,23,0.8846,0.8846
2026-01-12,LinkedIn extension,Data Analyst,3,Job saved,13,0.5,0.5652
2026-01-12,LinkedIn extension,Data Analyst,4,Prep plan generated,9,0.3462,0.6923
2026-01-12,LinkedIn extension,Data Analyst,5,First note completed,9,0.3462,1.0
2026-01-12,LinkedIn extension,Data Analyst,6,Exam submitted,5,0.1923,0.5556
2026-01-12,LinkedIn extension,Data Analyst,7,Mock interview completed,4,0.1538,0.8
2026-01-12,LinkedIn extension,Finance Analyst,1,Account created,19,1.0,1.0
2026-01-12,LinkedIn extension,Finance Analyst,2,Logged in,15,0.7895,0.7895
2026-01-12,LinkedIn extension,Finance Analyst,3,Job saved,7,0.3684,0.4667
2026-01-12,LinkedIn extension,Finance Analyst,4,Prep plan generated,6,0.3158,0.8571
2026-01-12,LinkedIn extension,Finance Analyst,5,First note completed,6,0.3158,1.0
2026-01-12,LinkedIn extension,Finance Analyst,6,Exam submitted,5,0.2632,0.8333
2026-01-12,LinkedIn extension,Finance Analyst,7,Mock interview completed,0,0.0,0.0
2026-01-12,LinkedIn extension,Product Manager,1,Account created,24,1.0,1.0
2026-01-12,LinkedIn extension,Product Manager,2,Logged in,20,0.8333,0.8333
2026-01-12,LinkedIn extension,Product Manager,3,Job saved,16,0.6667,0.8
2026-01-12,LinkedIn extension,Product Manager,4,Prep plan generated,14,0.5833,0.875
2026-01-12,LinkedIn extension,Product Manager,5,First note completed,14,0.5833,1.0
2026-01-12,LinkedIn extension,Product Manager,6,Exam submitted,12,0.5,0.8571
2026-01-12,LinkedIn extension,Product Manager,7,Mock interview completed,2,0.0833,0.1667
2026-01-12,LinkedIn extension,Software Engineer,1,Account created,22,1.0,1.0
2026-01-12,LinkedIn extension,Software Engineer,2,Logged in,21,0.9545,0.9545
2026-01-12,LinkedIn extension,Software Engineer,3,Job saved,15,0.6818,0.7143
2026-01-12,LinkedIn extension,Software Engineer,4,Prep plan generated,14,0.6364,0.9333
2026-01-12,LinkedIn extension,Software Engineer,5,First note completed,14,0.6364,1.0
2026-01-12,LinkedIn extension,Software Engineer,6,Exam submitted,7,0.3182,0.5
2026-01-12,LinkedIn extension,Software Engineer,7,Mock interview completed,4,0.1818,0.5714
2026-01-12,LinkedIn extension,UX Designer,1,Account created,33,1.0,1.0
2026-01-12,LinkedIn extension,UX Designer,2,Logged in,29,0.8788,0.8788
2026-01-12,LinkedIn extension,UX Designer,3,Job saved,18,0.5455,0.6207
2026-01-12,LinkedIn extension,UX Designer,4,Prep plan generated,14,0.4242,0.7778
2026-01-12,LinkedIn extension,UX Designer,5,First note completed,14,0.4242,1.0
2026-01-12,LinkedIn extension,UX Designer,6,Exam submitted,9,0.2727,0.6429
2026-01-12,LinkedIn extension,UX Designer,7,Mock interview completed,5,0.1515,0.5556
2026-01-12,Manual paste,Data Analyst,1,Account created,16,1.0,1.0
2026-01-12,Manual paste,Data Analyst,2,Logged in,14,0.875,0.875
2026-01-12,Manual paste,Data Analyst,3,Job saved,5,0.3125,0.3571
2026-01-12,Manual paste,Data Analyst,4,Prep plan generated,4,0.25,0.8
2026-01-12,Manual paste,Data Analyst,5,First note completed,4,0.25,1.0
2026-01-12,Manual paste,Data Analyst,6,Exam submitted,2,0.125,0.5
2026-01-12,Manual paste,Data Analyst,7,Mock interview completed,0,0.0,0.0
2026-01-12,Manual paste,Finance Analyst,1,Account created,13,1.0,1.0
2026-01-12,Manual paste,Finance Analyst,2,Logged in,10,0.7692,0.7692
2026-01-12,Manual paste,Finance Analyst,3,Job saved,2,0.1538,0.2
2026-01-12,Manual paste,Finance Analyst,4,Prep plan generated,2,0.1538,1.0
2026-01-12,Manual paste,Finance Analyst,5,First note completed,2,0.1538,1.0
2026-01-12,Manual paste,Finance Analyst,6,Exam submitted,2,0.1538,1.0
2026-01-12,Manual paste,Finance Analyst,7,Mock interview completed,1,0.0769,0.5
2026-01-12,Manual paste,Product Manager,1,Account created,21,1.0,1.0
2026-01-12,Manual paste,Product Manager,2,Logged in,20,0.9524,0.9524
2026-01-12,Manual paste,Product Manager,3,Job saved,13,0.619,0.65
2026-01-12,Manual paste,Product Manager,4,Prep plan generated,7,0.3333,0.5385
2026-01-12,Manual paste,Product Manager,5,First note completed,7,0.3333,1.0
2026-01-12,Manual paste,Product Manager,6,Exam submitted,5,0.2381,0.7143
2026-01-12,Manual paste,Product Manager,7,Mock interview completed,3,0.1429,0.6
2026-01-12,Manual paste,Software Engineer,1,Account created,16,1.0,1.0
2026-01-12,Manual paste,Software Engineer,2,Logged in,15,0.9375,0.9375
2026-01-12,Manual paste,Software Engineer,3,Job saved,11,0.6875,0.7333
2026-01-12,Manual paste,Software Engineer,4,Prep plan generated,8,0.5,0.7273
2026-01-12,Manual paste,Software Engineer,5,First note completed,8,0.5,1.0
2026-01-12,Manual paste,Software Engineer,6,Exam submitted,6,0.375,0.75
2026-01-12,Manual paste,Software Engineer,7,Mock interview completed,1,0.0625,0.1667
2026-01-12,Manual paste,UX Designer,1,Account created,20,1.0,1.0
2026-01-12,Manual paste,UX Designer,2,Logged in,17,0.85,0.85
2026-01-12,Manual paste,UX Designer,3,Job saved,10,0.5,0.5882
2026-01-12,Manual paste,UX Designer,4,Prep plan generated,7,0.35,0.7
2026-01-12,Manual paste,UX Designer,5,First note completed,7,0.35,1.0
2026-01-12,Manual paste,UX Designer,6,Exam submitted,4,0.2,0.5714
2026-01-12,Manual paste,UX Designer,7,Mock interview completed,0,0.0,0.0
2026-01-19,Company career site,Data Analyst,1,Account created,10,1.0,1.0
2026-01-19,Company career site,Data Analyst,2,Logged in,8,0.8,0.8
2026-01-19,Company career site,Data Analyst,3,Job saved,6,0.6,0.75
2026-01-19,Company career site,Data Analyst,4,Prep plan generated,5,0.5,0.8333
2026-01-19,Company career site,Data Analyst,5,First note completed,5,0.5,1.0
2026-01-19,Company career site,Data Analyst,6,Exam submitted,3,0.3,0.6
2026-01-19,Company career site,Data Analyst,7,Mock interview completed,1,0.1,0.3333
2026-01-19,Company career site,Finance Analyst,1,Account created,16,1.0,1.0
2026-01-19,Company career site,Finance Analyst,2,Logged in,15,0.9375,0.9375
2026-01-19,Company career site,Finance Analyst,3,Job saved,11,0.6875,0.7333
2026-01-19,Company career site,Finance Analyst,4,Prep plan generated,7,0.4375,0.6364
2026-01-19,Company career site,Finance Analyst,5,First note completed,7,0.4375,1.0
2026-01-19,Company career site,Finance Analyst,6,Exam submitted,4,0.25,0.5714
2026-01-19,Company career site,Finance Analyst,7,Mock interview completed,2,0.125,0.5
2026-01-19,Company career site,Product Manager,1,Account created,8,1.0,1.0
2026-01-19,Company career site,Product Manager,2,Logged in,8,1.0,1.0
2026-01-19,Company career site,Product Manager,3,Job saved,6,0.75,0.75
2026-01-19,Company career site,Product Manager,4,Prep plan generated,4,0.5,0.6667
2026-01-19,Company career site,Product Manager,5,First note completed,4,0.5,1.0
2026-01-19,Company career site,Product Manager,6,Exam submitted,2,0.25,0.5
2026-01-19,Company career site,Product Manager,7,Mock interview completed,1,0.125,0.5
2026-01-19,Company career site,Software Engineer,1,Account created,16,1.0,1.0
2026-01-19,Company career site,Software Engineer,2,Logged in,12,0.75,0.75
2026-01-19,Company career site,Software Engineer,3,Job saved,8,0.5,0.6667
2026-01-19,Company career site,Software Engineer,4,Prep plan generated,6,0.375,0.75
2026-01-19,Company career site,Software Engineer,5,First note completed,6,0.375,1.0
2026-01-19,Company career site,Software Engineer,6,Exam submitted,4,0.25,0.6667
2026-01-19,Company career site,Software Engineer,7,Mock interview completed,1,0.0625,0.25
2026-01-19,Company career site,UX Designer,1,Account created,13,1.0,1.0
2026-01-19,Company career site,UX Designer,2,Logged in,9,0.6923,0.6923
2026-01-19,Company career site,UX Designer,3,Job saved,6,0.4615,0.6667
2026-01-19,Company career site,UX Designer,4,Prep plan generated,3,0.2308,0.5
2026-01-19,Company career site,UX Designer,5,First note completed,3,0.2308,1.0
2026-01-19,Company career site,UX Designer,6,Exam submitted,2,0.1538,0.6667
2026-01-19,Company career site,UX Designer,7,Mock interview completed,0,0.0,0.0
2026-01-19,Handshake extension,Data Analyst,1,Account created,9,1.0,1.0
2026-01-19,Handshake extension,Data Analyst,2,Logged in,9,1.0,1.0
2026-01-19,Handshake extension,Data Analyst,3,Job saved,8,0.8889,0.8889
2026-01-19,Handshake extension,Data Analyst,4,Prep plan generated,7,0.7778,0.875
2026-01-19,Handshake extension,Data Analyst,5,First note completed,7,0.7778,1.0
2026-01-19,Handshake extension,Data Analyst,6,Exam submitted,6,0.6667,0.8571
2026-01-19,Handshake extension,Data Analyst,7,Mock interview completed,1,0.1111,0.1667
2026-01-19,Handshake extension,Finance Analyst,1,Account created,16,1.0,1.0
2026-01-19,Handshake extension,Finance Analyst,2,Logged in,16,1.0,1.0
2026-01-19,Handshake extension,Finance Analyst,3,Job saved,13,0.8125,0.8125
2026-01-19,Handshake extension,Finance Analyst,4,Prep plan generated,7,0.4375,0.5385
2026-01-19,Handshake extension,Finance Analyst,5,First note completed,7,0.4375,1.0
2026-01-19,Handshake extension,Finance Analyst,6,Exam submitted,5,0.3125,0.7143
2026-01-19,Handshake extension,Finance Analyst,7,Mock interview completed,2,0.125,0.4
2026-01-19,Handshake extension,Product Manager,1,Account created,14,1.0,1.0
2026-01-19,Handshake extension,Product Manager,2,Logged in,14,1.0,1.0
2026-01-19,Handshake extension,Product Manager,3,Job saved,11,0.7857,0.7857
2026-01-19,Handshake extension,Product Manager,4,Prep plan generated,7,0.5,0.6364
2026-01-19,Handshake extension,Product Manager,5,First note completed,7,0.5,1.0
2026-01-19,Handshake extension,Product Manager,6,Exam submitted,7,0.5,1.0
2026-01-19,Handshake extension,Product Manager,7,Mock interview completed,3,0.2143,0.4286
2026-01-19,Handshake extension,Software Engineer,1,Account created,16,1.0,1.0
2026-01-19,Handshake extension,Software Engineer,2,Logged in,16,1.0,1.0
2026-01-19,Handshake extension,Software Engineer,3,Job saved,12,0.75,0.75
2026-01-19,Handshake extension,Software Engineer,4,Prep plan generated,8,0.5,0.6667
2026-01-19,Handshake extension,Software Engineer,5,First note completed,8,0.5,1.0
2026-01-19,Handshake extension,Software Engineer,6,Exam submitted,5,0.3125,0.625
2026-01-19,Handshake extension,Software Engineer,7,Mock interview completed,2,0.125,0.4
2026-01-19,Handshake extension,UX Designer,1,Account created,10,1.0,1.0
2026-01-19,Handshake extension,UX Designer,2,Logged in,10,1.0,1.0
2026-01-19,Handshake extension,UX Designer,3,Job saved,8,0.8,0.8
2026-01-19,Handshake extension,UX Designer,4,Prep plan generated,7,0.7,0.875
2026-01-19,Handshake extension,UX Designer,5,First note completed,7,0.7,1.0
2026-01-19,Handshake extension,UX Designer,6,Exam submitted,6,0.6,0.8571
2026-01-19,Handshake extension,UX Designer,7,Mock interview completed,2,0.2,0.3333
2026-01-19,LinkedIn extension,Data Analyst,1,Account created,13,1.0,1.0
2026-01-19,LinkedIn extension,Data Analyst,2,Logged in,11,0.8462,0.8462
2026-01-19,LinkedIn extension,Data Analyst,3,Job saved,5,0.3846,0.4545
2026-01-19,LinkedIn extension,Data Analyst,4,Prep plan generated,5,0.3846,1.0
2026-01-19,LinkedIn extension,Data Analyst,5,First note completed,5,0.3846,1.0
2026-01-19,LinkedIn extension,Data Analyst,6,Exam submitted,3,0.2308,0.6
2026-01-19,LinkedIn extension,Data Analyst,7,Mock interview completed,3,0.2308,1.0
2026-01-19,LinkedIn extension,Finance Analyst,1,Account created,24,1.0,1.0
2026-01-19,LinkedIn extension,Finance Analyst,2,Logged in,23,0.9583,0.9583
2026-01-19,LinkedIn extension,Finance Analyst,3,Job saved,14,0.5833,0.6087
2026-01-19,LinkedIn extension,Finance Analyst,4,Prep plan generated,11,0.4583,0.7857
2026-01-19,LinkedIn extension,Finance Analyst,5,First note completed,11,0.4583,1.0
2026-01-19,LinkedIn extension,Finance Analyst,6,Exam submitted,8,0.3333,0.7273
2026-01-19,LinkedIn extension,Finance Analyst,7,Mock interview completed,6,0.25,0.75
2026-01-19,LinkedIn extension,Product Manager,1,Account created,24,1.0,1.0
2026-01-19,LinkedIn extension,Product Manager,2,Logged in,22,0.9167,0.9167
2026-01-19,LinkedIn extension,Product Manager,3,Job saved,12,0.5,0.5455
2026-01-19,LinkedIn extension,Product Manager,4,Prep plan generated,11,0.4583,0.9167
2026-01-19,LinkedIn extension,Product Manager,5,First note completed,11,0.4583,1.0
2026-01-19,LinkedIn extension,Product Manager,6,Exam submitted,9,0.375,0.8182
2026-01-19,LinkedIn extension,Product Manager,7,Mock interview completed,6,0.25,0.6667
2026-01-19,LinkedIn extension,Software Engineer,1,Account created,25,1.0,1.0
2026-01-19,LinkedIn extension,Software Engineer,2,Logged in,21,0.84,0.84
2026-01-19,LinkedIn extension,Software Engineer,3,Job saved,13,0.52,0.619
2026-01-19,LinkedIn extension,Software Engineer,4,Prep plan generated,9,0.36,0.6923
2026-01-19,LinkedIn extension,Software Engineer,5,First note completed,9,0.36,1.0
2026-01-19,LinkedIn extension,Software Engineer,6,Exam submitted,6,0.24,0.6667
2026-01-19,LinkedIn extension,Software Engineer,7,Mock interview completed,2,0.08,0.3333
2026-01-19,LinkedIn extension,UX Designer,1,Account created,21,1.0,1.0
2026-01-19,LinkedIn extension,UX Designer,2,Logged in,20,0.9524,0.9524
2026-01-19,LinkedIn extension,UX Designer,3,Job saved,12,0.5714,0.6
2026-01-19,LinkedIn extension,UX Designer,4,Prep plan generated,9,0.4286,0.75
2026-01-19,LinkedIn extension,UX Designer,5,First note completed,9,0.4286,1.0
2026-01-19,LinkedIn extension,UX Designer,6,Exam submitted,8,0.381,0.8889
2026-01-19,LinkedIn extension,UX Designer,7,Mock interview completed,3,0.1429,0.375
2026-01-19,Manual paste,Data Analyst,1,Account created,20,1.0,1.0
2026-01-19,Manual paste,Data Analyst,2,Logged in,18,0.9,0.9
2026-01-19,Manual paste,Data Analyst,3,Job saved,11,0.55,0.6111
2026-01-19,Manual paste,Data Analyst,4,Prep plan generated,5,0.25,0.4545
2026-01-19,Manual paste,Data Analyst,5,First note completed,5,0.25,1.0
2026-01-19,Manual paste,Data Analyst,6,Exam submitted,3,0.15,0.6
2026-01-19,Manual paste,Data Analyst,7,Mock interview completed,1,0.05,0.3333
2026-01-19,Manual paste,Finance Analyst,1,Account created,20,1.0,1.0
2026-01-19,Manual paste,Finance Analyst,2,Logged in,15,0.75,0.75
2026-01-19,Manual paste,Finance Analyst,3,Job saved,9,0.45,0.6
2026-01-19,Manual paste,Finance Analyst,4,Prep plan generated,4,0.2,0.4444
2026-01-19,Manual paste,Finance Analyst,5,First note completed,4,0.2,1.0
2026-01-19,Manual paste,Finance Analyst,6,Exam submitted,3,0.15,0.75
2026-01-19,Manual paste,Finance Analyst,7,Mock interview completed,0,0.0,0.0
2026-01-19,Manual paste,Product Manager,1,Account created,22,1.0,1.0
2026-01-19,Manual paste,Product Manager,2,Logged in,18,0.8182,0.8182
2026-01-19,Manual paste,Product Manager,3,Job saved,14,0.6364,0.7778
2026-01-19,Manual paste,Product Manager,4,Prep plan generated,12,0.5455,0.8571
2026-01-19,Manual paste,Product Manager,5,First note completed,12,0.5455,1.0
2026-01-19,Manual paste,Product Manager,6,Exam submitted,9,0.4091,0.75
2026-01-19,Manual paste,Product Manager,7,Mock interview completed,3,0.1364,0.3333
2026-01-19,Manual paste,Software Engineer,1,Account created,25,1.0,1.0
2026-01-19,Manual paste,Software Engineer,2,Logged in,20,0.8,0.8
2026-01-19,Manual paste,Software Engineer,3,Job saved,16,0.64,0.8
2026-01-19,Manual paste,Software Engineer,4,Prep plan generated,13,0.52,0.8125
2026-01-19,Manual paste,Software Engineer,5,First note completed,13,0.52,1.0
2026-01-19,Manual paste,Software Engineer,6,Exam submitted,10,0.4,0.7692
2026-01-19,Manual paste,Software Engineer,7,Mock interview completed,3,0.12,0.3
2026-01-19,Manual paste,UX Designer,1,Account created,13,1.0,1.0
2026-01-19,Manual paste,UX Designer,2,Logged in,12,0.9231,0.9231
2026-01-19,Manual paste,UX Designer,3,Job saved,9,0.6923,0.75
2026-01-19,Manual paste,UX Designer,4,Prep plan generated,7,0.5385,0.7778
2026-01-19,Manual paste,UX Designer,5,First note completed,7,0.5385,1.0
2026-01-19,Manual paste,UX Designer,6,Exam submitted,6,0.4615,0.8571
2026-01-19,Manual paste,UX Designer,7,Mock interview completed,2,0.1538,0.3333
2026-01-26,Company career site,Data Analyst,1,Account created,14,1.0,1.0
2026-01-26,Company career site,Data Analyst,2,Logged in,13,0.9286,0.9286
2026-01-26,Company career site,Data Analyst,3,Job saved,11,0.7857,0.8462
2026-01-26,Company career site,Data Analyst,4,Prep plan generated,9,0.6429,0.8182
2026-01-26,Company career site,Data Analyst,5,First note completed,9,0.6429,1.0
2026-01-26,Company career site,Data Analyst,6,Exam submitted,5,0.3571,0.5556
2026-01-26,Company career site,Data Analyst,7,Mock interview completed,1,0.0714,0.2
2026-01-26,Company career site,Finance Analyst,1,Account created,9,1.0,1.0
2026-01-26,Company career site,Finance Analyst,2,Logged in,9,1.0,1.0
2026-01-26,Company career site,Finance Analyst,3,Job saved,7,0.7778,0.7778
2026-01-26,Company career site,Finance Analyst,4,Prep plan generated,5,0.5556,0.7143
2026-01-26,Company career site,Finance Analyst,5,First note completed,5,0.5556,1.0
2026-01-26,Company career site,Finance Analyst,6,Exam submitted,4,0.4444,0.8
2026-01-26,Company career site,Finance Analyst,7,Mock interview completed,1,0.1111,0.25
2026-01-26,Company career site,Product Manager,1,Account created,16,1.0,1.0
2026-01-26,Company career site,Product Manager,2,Logged in,14,0.875,0.875
2026-01-26,Company career site,Product Manager,3,Job saved,7,0.4375,0.5
2026-01-26,Company career site,Product Manager,4,Prep plan generated,5,0.3125,0.7143
2026-01-26,Company career site,Product Manager,5,First note completed,5,0.3125,1.0
2026-01-26,Company career site,Product Manager,6,Exam submitted,4,0.25,0.8
2026-01-26,Company career site,Product Manager,7,Mock interview completed,2,0.125,0.5
2026-01-26,Company career site,Software Engineer,1,Account created,8,1.0,1.0
2026-01-26,Company career site,Software Engineer,2,Logged in,7,0.875,0.875
2026-01-26,Company career site,Software Engineer,3,Job saved,4,0.5,0.5714
2026-01-26,Company career site,Software Engineer,4,Prep plan generated,3,0.375,0.75
2026-01-26,Company career site,Software Engineer,5,First note completed,3,0.375,1.0
2026-01-26,Company career site,Software Engineer,6,Exam submitted,2,0.25,0.6667
2026-01-26,Company career site,Software Engineer,7,Mock interview completed,1,0.125,0.5
2026-01-26,Company career site,UX Designer,1,Account created,14,1.0,1.0
2026-01-26,Company career site,UX Designer,2,Logged in,13,0.9286,0.9286
2026-01-26,Company career site,UX Designer,3,Job saved,11,0.7857,0.8462
2026-01-26,Company career site,UX Designer,4,Prep plan generated,9,0.6429,0.8182
2026-01-26,Company career site,UX Designer,5,First note completed,9,0.6429,1.0
2026-01-26,Company career site,UX Designer,6,Exam submitted,6,0.4286,0.6667
2026-01-26,Company career site,UX Designer,7,Mock interview completed,1,0.0714,0.1667
2026-01-26,Handshake extension,Data Analyst,1,Account created,14,1.0,1.0
2026-01-26,Handshake extension,Data Analyst,2,Logged in,12,0.8571,0.8571
2026-01-26,Handshake extension,Data Analyst,3,Job saved,8,0.5714,0.6667
2026-01-26,Handshake extension,Data Analyst,4,Prep plan generated,6,0.4286,0.75
2026-01-26,Handshake extension,Data Analyst,5,First note completed,6,0.4286,1.0
2026-01-26,Handshake extension,Data Analyst,6,Exam submitted,5,0.3571,0.8333
2026-01-26,Handshake extension,Data Analyst,7,Mock interview completed,2,0.1429,0.4
2026-01-26,Handshake extension,Finance Analyst,1,Account created,14,1.0,1.0
2026-01-26,Handshake extension,Finance Analyst,2,Logged in,14,1.0,1.0
2026-01-26,Handshake extension,Finance Analyst,3,Job saved,14,1.0,1.0
2026-01-26,Handshake extension,Finance Analyst,4,Prep plan generated,11,0.7857,0.7857
2026-01-26,Handshake extension,Finance Analyst,5,First note completed,11,0.7857,1.0
2026-01-26,Handshake extension,Finance Analyst,6,Exam submitted,7,0.5,0.6364
2026-01-26,Handshake extension,Finance Analyst,7,Mock interview completed,2,0.1429,0.2857
2026-01-26,Handshake extension,Product Manager,1,Account created,29,1.0,1.0
2026-01-26,Handshake extension,Product Manager,2,Logged in,26,0.8966,0.8966
2026-01-26,Handshake extension,Product Manager,3,Job saved,21,0.7241,0.8077
2026-01-26,Handshake extension,Product Manager,4,Prep plan generated,16,0.5517,0.7619
2026-01-26,Handshake extension,Product Manager,5,First note completed,16,0.5517,1.0
2026-01-26,Handshake extension,Product Manager,6,Exam submitted,14,0.4828,0.875
2026-01-26,Handshake extension,Product Manager,7,Mock interview completed,6,0.2069,0.4286
2026-01-26,Handshake extension,Software Engineer,1,Account created,19,1.0,1.0
2026-01-26,Handshake extension,Software Engineer,2,Logged in,17,0.8947,0.8947
2026-01-26,Handshake extension,Software Engineer,3,Job saved,12,0.6316,0.7059
2026-01-26,Handshake extension,Software Engineer,4,Prep plan generated,11,0.5789,0.9167
2026-01-26,Handshake extension,Software Engineer,5,First note completed,11,0.5789,1.0
2026-01-26,Handshake extension,Software Engineer,6,Exam submitted,5,0.2632,0.4545
2026-01-26,Handshake extension,Software Engineer,7,Mock interview completed,1,0.0526,0.2
2026-01-26,Handshake extension,UX Designer,1,Account created,15,1.0,1.0
2026-01-26,Handshake extension,UX Designer,2,Logged in,12,0.8,0.8
2026-01-26,Handshake extension,UX Designer,3,Job saved,9,0.6,0.75
2026-01-26,Handshake extension,UX Designer,4,Prep plan generated,6,0.4,0.6667
2026-01-26,Handshake extension,UX Designer,5,First note completed,6,0.4,1.0
2026-01-26,Handshake extension,UX Designer,6,Exam submitted,4,0.2667,0.6667
2026-01-26,Handshake extension,UX Designer,7,Mock interview completed,2,0.1333,0.5
2026-01-26,LinkedIn extension,Data Analyst,1,Account created,21,1.0,1.0
2026-01-26,LinkedIn extension,Data Analyst,2,Logged in,19,0.9048,0.9048
2026-01-26,LinkedIn extension,Data Analyst,3,Job saved,13,0.619,0.6842
2026-01-26,LinkedIn extension,Data Analyst,4,Prep plan generated,10,0.4762,0.7692
2026-01-26,LinkedIn extension,Data Analyst,5,First note completed,10,0.4762,1.0
2026-01-26,LinkedIn extension,Data Analyst,6,Exam submitted,8,0.381,0.8
2026-01-26,LinkedIn extension,Data Analyst,7,Mock interview completed,3,0.1429,0.375
2026-01-26,LinkedIn extension,Finance Analyst,1,Account created,30,1.0,1.0
2026-01-26,LinkedIn extension,Finance Analyst,2,Logged in,28,0.9333,0.9333
2026-01-26,LinkedIn extension,Finance Analyst,3,Job saved,15,0.5,0.5357
2026-01-26,LinkedIn extension,Finance Analyst,4,Prep plan generated,12,0.4,0.8
2026-01-26,LinkedIn extension,Finance Analyst,5,First note completed,12,0.4,1.0
2026-01-26,LinkedIn extension,Finance Analyst,6,Exam submitted,9,0.3,0.75
2026-01-26,LinkedIn extension,Finance Analyst,7,Mock interview completed,3,0.1,0.3333
2026-01-26,LinkedIn extension,Product Manager,1,Account created,27,1.0,1.0
2026-01-26,LinkedIn extension,Product Manager,2,Logged in,24,0.8889,0.8889
2026-01-26,LinkedIn extension,Product Manager,3,Job saved,19,0.7037,0.7917
2026-01-26,LinkedIn extension,Product Manager,4,Prep plan generated,13,0.4815,0.6842
2026-01-26,LinkedIn extension,Product Manager,5,First note completed,13,0.4815,1.0
2026-01-26,LinkedIn extension,Product Manager,6,Exam submitted,9,0.3333,0.6923
2026-01-26,LinkedIn extension,Product Manager,7,Mock interview completed,2,0.0741,0.2222
2026-01-26,LinkedIn extension,Software Engineer,1,Account created,21,1.0,1.0
2026-01-26,LinkedIn extension,Software Engineer,2,Logged in,20,0.9524,0.9524
2026-01-26,LinkedIn extension,Software Engineer,3,Job saved,16,0.7619,0.8
2026-01-26,LinkedIn extension,Software Engineer,4,Prep plan generated,12,0.5714,0.75
2026-01-26,LinkedIn extension,Software Engineer,5,First note completed,11,0.5238,0.9167
2026-01-26,LinkedIn extension,Software Engineer,6,Exam submitted,8,0.381,0.7273
2026-01-26,LinkedIn extension,Software Engineer,7,Mock interview completed,5,0.2381,0.625
2026-01-26,LinkedIn extension,UX Designer,1,Account created,20,1.0,1.0
2026-01-26,LinkedIn extension,UX Designer,2,Logged in,20,1.0,1.0
2026-01-26,LinkedIn extension,UX Designer,3,Job saved,15,0.75,0.75
2026-01-26,LinkedIn extension,UX Designer,4,Prep plan generated,8,0.4,0.5333
2026-01-26,LinkedIn extension,UX Designer,5,First note completed,8,0.4,1.0
2026-01-26,LinkedIn extension,UX Designer,6,Exam submitted,6,0.3,0.75
2026-01-26,LinkedIn extension,UX Designer,7,Mock interview completed,2,0.1,0.3333
2026-01-26,Manual paste,Data Analyst,1,Account created,12,1.0,1.0
2026-01-26,Manual paste,Data Analyst,2,Logged in,12,1.0,1.0
2026-01-26,Manual paste,Data Analyst,3,Job saved,6,0.5,0.5
2026-01-26,Manual paste,Data Analyst,4,Prep plan generated,3,0.25,0.5
2026-01-26,Manual paste,Data Analyst,5,First note completed,3,0.25,1.0
2026-01-26,Manual paste,Data Analyst,6,Exam submitted,2,0.1667,0.6667
2026-01-26,Manual paste,Data Analyst,7,Mock interview completed,0,0.0,0.0
2026-01-26,Manual paste,Finance Analyst,1,Account created,20,1.0,1.0
2026-01-26,Manual paste,Finance Analyst,2,Logged in,18,0.9,0.9
2026-01-26,Manual paste,Finance Analyst,3,Job saved,10,0.5,0.5556
2026-01-26,Manual paste,Finance Analyst,4,Prep plan generated,7,0.35,0.7
2026-01-26,Manual paste,Finance Analyst,5,First note completed,7,0.35,1.0
2026-01-26,Manual paste,Finance Analyst,6,Exam submitted,5,0.25,0.7143
2026-01-26,Manual paste,Finance Analyst,7,Mock interview completed,2,0.1,0.4
2026-01-26,Manual paste,Product Manager,1,Account created,18,1.0,1.0
2026-01-26,Manual paste,Product Manager,2,Logged in,18,1.0,1.0
2026-01-26,Manual paste,Product Manager,3,Job saved,8,0.4444,0.4444
2026-01-26,Manual paste,Product Manager,4,Prep plan generated,5,0.2778,0.625
2026-01-26,Manual paste,Product Manager,5,First note completed,5,0.2778,1.0
2026-01-26,Manual paste,Product Manager,6,Exam submitted,2,0.1111,0.4
2026-01-26,Manual paste,Product Manager,7,Mock interview completed,1,0.0556,0.5
2026-01-26,Manual paste,Software Engineer,1,Account created,17,1.0,1.0
2026-01-26,Manual paste,Software Engineer,2,Logged in,14,0.8235,0.8235
2026-01-26,Manual paste,Software Engineer,3,Job saved,5,0.2941,0.3571
2026-01-26,Manual paste,Software Engineer,4,Prep plan generated,2,0.1176,0.4
2026-01-26,Manual paste,Software Engineer,5,First note completed,2,0.1176,1.0
2026-01-26,Manual paste,Software Engineer,6,Exam submitted,2,0.1176,1.0
2026-01-26,Manual paste,Software Engineer,7,Mock interview completed,1,0.0588,0.5
2026-01-26,Manual paste,UX Designer,1,Account created,17,1.0,1.0
2026-01-26,Manual paste,UX Designer,2,Logged in,16,0.9412,0.9412
2026-01-26,Manual paste,UX Designer,3,Job saved,12,0.7059,0.75
2026-01-26,Manual paste,UX Designer,4,Prep plan generated,9,0.5294,0.75
2026-01-26,Manual paste,UX Designer,5,First note completed,9,0.5294,1.0
2026-01-26,Manual paste,UX Designer,6,Exam submitted,7,0.4118,0.7778
2026-01-26,Manual paste,UX Designer,7,Mock interview completed,1,0.0588,0.1429
2026-02-02,Company career site,Data Analyst,1,Account created,9,1.0,1.0
2026-02-02,Company career site,Data Analyst,2,Logged in,9,1.0,1.0
2026-02-02,Company career site,Data Analyst,3,Job saved,5,0.5556,0.5556
2026-02-02,Company career site,Data Analyst,4,Prep plan generated,4,0.4444,0.8
2026-02-02,Company career site,Data Analyst,5,First note completed,4,0.4444,1.0
2026-02-02,Company career site,Data Analyst,6,Exam submitted,3,0.3333,0.75
2026-02-02,Company career site,Data Analyst,7,Mock interview completed,1,0.1111,0.3333
2026-02-02,Company career site,Finance Analyst,1,Account created,15,1.0,1.0
2026-02-02,Company career site,Finance Analyst,2,Logged in,11,0.7333,0.7333
2026-02-02,Company career site,Finance Analyst,3,Job saved,5,0.3333,0.4545
2026-02-02,Company career site,Finance Analyst,4,Prep plan generated,4,0.2667,0.8
2026-02-02,Company career site,Finance Analyst,5,First note completed,4,0.2667,1.0
2026-02-02,Company career site,Finance Analyst,6,Exam submitted,2,0.1333,0.5
2026-02-02,Company career site,Finance Analyst,7,Mock interview completed,2,0.1333,1.0
2026-02-02,Company career site,Product Manager,1,Account created,11,1.0,1.0
2026-02-02,Company career site,Product Manager,2,Logged in,10,0.9091,0.9091
2026-02-02,Company career site,Product Manager,3,Job saved,7,0.6364,0.7
2026-02-02,Company career site,Product Manager,4,Prep plan generated,3,0.2727,0.4286
2026-02-02,Company career site,Product Manager,5,First note completed,3,0.2727,1.0
2026-02-02,Company career site,Product Manager,6,Exam submitted,1,0.0909,0.3333
2026-02-02,Company career site,Product Manager,7,Mock interview completed,1,0.0909,1.0
2026-02-02,Company career site,Software Engineer,1,Account created,19,1.0,1.0
2026-02-02,Company career site,Software Engineer,2,Logged in,15,0.7895,0.7895
2026-02-02,Company career site,Software Engineer,3,Job saved,13,0.6842,0.8667
2026-02-02,Company career site,Software Engineer,4,Prep plan generated,9,0.4737,0.6923
2026-02-02,Company career site,Software Engineer,5,First note completed,9,0.4737,1.0
2026-02-02,Company career site,Software Engineer,6,Exam submitted,8,0.4211,0.8889
2026-02-02,Company career site,Software Engineer,7,Mock interview completed,5,0.2632,0.625
2026-02-02,Company career site,UX Designer,1,Account created,9,1.0,1.0
2026-02-02,Company career site,UX Designer,2,Logged in,9,1.0,1.0
2026-02-02,Company career site,UX Designer,3,Job saved,5,0.5556,0.5556
2026-02-02,Company career site,UX Designer,4,Prep plan generated,1,0.1111,0.2
2026-02-02,Company career site,UX Designer,5,First note completed,1,0.1111,1.0
2026-02-02,Company career site,UX Designer,6,Exam submitted,1,0.1111,1.0
2026-02-02,Company career site,UX Designer,7,Mock interview completed,0,0.0,0.0
2026-02-02,Handshake extension,Data Analyst,1,Account created,13,1.0,1.0
2026-02-02,Handshake extension,Data Analyst,2,Logged in,13,1.0,1.0
2026-02-02,Handshake extension,Data Analyst,3,Job saved,10,0.7692,0.7692
2026-02-02,Handshake extension,Data Analyst,4,Prep plan generated,9,0.6923,0.9
2026-02-02,Handshake extension,Data Analyst,5,First note completed,9,0.6923,1.0
2026-02-02,Handshake extension,Data Analyst,6,Exam submitted,9,0.6923,1.0
2026-02-02,Handshake extension,Data Analyst,7,Mock interview completed,6,0.4615,0.6667
2026-02-02,Handshake extension,Finance Analyst,1,Account created,16,1.0,1.0
2026-02-02,Handshake extension,Finance Analyst,2,Logged in,13,0.8125,0.8125
2026-02-02,Handshake extension,Finance Analyst,3,Job saved,11,0.6875,0.8462
2026-02-02,Handshake extension,Finance Analyst,4,Prep plan generated,6,0.375,0.5455
2026-02-02,Handshake extension,Finance Analyst,5,First note completed,6,0.375,1.0
2026-02-02,Handshake extension,Finance Analyst,6,Exam submitted,4,0.25,0.6667
2026-02-02,Handshake extension,Finance Analyst,7,Mock interview completed,2,0.125,0.5
2026-02-02,Handshake extension,Product Manager,1,Account created,21,1.0,1.0
2026-02-02,Handshake extension,Product Manager,2,Logged in,19,0.9048,0.9048
2026-02-02,Handshake extension,Product Manager,3,Job saved,16,0.7619,0.8421
2026-02-02,Handshake extension,Product Manager,4,Prep plan generated,11,0.5238,0.6875
2026-02-02,Handshake extension,Product Manager,5,First note completed,11,0.5238,1.0
2026-02-02,Handshake extension,Product Manager,6,Exam submitted,10,0.4762,0.9091
2026-02-02,Handshake extension,Product Manager,7,Mock interview completed,1,0.0476,0.1
2026-02-02,Handshake extension,Software Engineer,1,Account created,12,1.0,1.0
2026-02-02,Handshake extension,Software Engineer,2,Logged in,12,1.0,1.0
2026-02-02,Handshake extension,Software Engineer,3,Job saved,11,0.9167,0.9167
2026-02-02,Handshake extension,Software Engineer,4,Prep plan generated,9,0.75,0.8182
2026-02-02,Handshake extension,Software Engineer,5,First note completed,9,0.75,1.0
2026-02-02,Handshake extension,Software Engineer,6,Exam submitted,8,0.6667,0.8889
2026-02-02,Handshake extension,Software Engineer,7,Mock interview completed,3,0.25,0.375
2026-02-02,Handshake extension,UX Designer,1,Account created,18,1.0,1.0
2026-02-02,Handshake extension,UX Designer,2,Logged in,15,0.8333,0.8333
2026-02-02,Handshake extension,UX Designer,3,Job saved,9,0.5,0.6
2026-02-02,Handshake extension,UX Designer,4,Prep plan generated,6,0.3333,0.6667
2026-02-02,Handshake extension,UX Designer,5,First note completed,6,0.3333,1.0
2026-02-02,Handshake extension,UX Designer,6,Exam submitted,2,0.1111,0.3333
2026-02-02,Handshake extension,UX Designer,7,Mock interview completed,1,0.0556,0.5
2026-02-02,LinkedIn extension,Data Analyst,1,Account created,17,1.0,1.0
2026-02-02,LinkedIn extension,Data Analyst,2,Logged in,17,1.0,1.0
2026-02-02,LinkedIn extension,Data Analyst,3,Job saved,14,0.8235,0.8235
2026-02-02,LinkedIn extension,Data Analyst,4,Prep plan generated,11,0.6471,0.7857
2026-02-02,LinkedIn extension,Data Analyst,5,First note completed,11,0.6471,1.0
2026-02-02,LinkedIn extension,Data Analyst,6,Exam submitted,6,0.3529,0.5455
2026-02-02,LinkedIn extension,Data Analyst,7,Mock interview completed,4,0.2353,0.6667
2026-02-02,LinkedIn extension,Finance Analyst,1,Account created,23,1.0,1.0
2026-02-02,LinkedIn extension,Finance Analyst,2,Logged in,21,0.913,0.913
2026-02-02,LinkedIn extension,Finance Analyst,3,Job saved,15,0.6522,0.7143
2026-02-02,LinkedIn extension,Finance Analyst,4,Prep plan generated,11,0.4783,0.7333
2026-02-02,LinkedIn extension,Finance Analyst,5,First note completed,11,0.4783,1.0
2026-02-02,LinkedIn extension,Finance Analyst,6,Exam submitted,11,0.4783,1.0
2026-02-02,LinkedIn extension,Finance Analyst,7,Mock interview completed,4,0.1739,0.3636
2026-02-02,LinkedIn extension,Product Manager,1,Account created,22,1.0,1.0
2026-02-02,LinkedIn extension,Product Manager,2,Logged in,18,0.8182,0.8182
2026-02-02,LinkedIn extension,Product Manager,3,Job saved,10,0.4545,0.5556
2026-02-02,LinkedIn extension,Product Manager,4,Prep plan generated,7,0.3182,0.7
2026-02-02,LinkedIn extension,Product Manager,5,First note completed,7,0.3182,1.0
2026-02-02,LinkedIn extension,Product Manager,6,Exam submitted,5,0.2273,0.7143
2026-02-02,LinkedIn extension,Product Manager,7,Mock interview completed,1,0.0455,0.2
2026-02-02,LinkedIn extension,Software Engineer,1,Account created,18,1.0,1.0
2026-02-02,LinkedIn extension,Software Engineer,2,Logged in,16,0.8889,0.8889
2026-02-02,LinkedIn extension,Software Engineer,3,Job saved,9,0.5,0.5625
2026-02-02,LinkedIn extension,Software Engineer,4,Prep plan generated,7,0.3889,0.7778
2026-02-02,LinkedIn extension,Software Engineer,5,First note completed,7,0.3889,1.0
2026-02-02,LinkedIn extension,Software Engineer,6,Exam submitted,6,0.3333,0.8571
2026-02-02,LinkedIn extension,Software Engineer,7,Mock interview completed,3,0.1667,0.5
2026-02-02,LinkedIn extension,UX Designer,1,Account created,27,1.0,1.0
2026-02-02,LinkedIn extension,UX Designer,2,Logged in,25,0.9259,0.9259
2026-02-02,LinkedIn extension,UX Designer,3,Job saved,20,0.7407,0.8
2026-02-02,LinkedIn extension,UX Designer,4,Prep plan generated,15,0.5556,0.75
2026-02-02,LinkedIn extension,UX Designer,5,First note completed,15,0.5556,1.0
2026-02-02,LinkedIn extension,UX Designer,6,Exam submitted,12,0.4444,0.8
2026-02-02,LinkedIn extension,UX Designer,7,Mock interview completed,4,0.1481,0.3333
2026-02-02,Manual paste,Data Analyst,1,Account created,10,1.0,1.0
2026-02-02,Manual paste,Data Analyst,2,Logged in,10,1.0,1.0
2026-02-02,Manual paste,Data Analyst,3,Job saved,5,0.5,0.5
2026-02-02,Manual paste,Data Analyst,4,Prep plan generated,2,0.2,0.4
2026-02-02,Manual paste,Data Analyst,5,First note completed,2,0.2,1.0
2026-02-02,Manual paste,Data Analyst,6,Exam submitted,1,0.1,0.5
2026-02-02,Manual paste,Data Analyst,7,Mock interview completed,0,0.0,0.0
2026-02-02,Manual paste,Finance Analyst,1,Account created,10,1.0,1.0
2026-02-02,Manual paste,Finance Analyst,2,Logged in,8,0.8,0.8
2026-02-02,Manual paste,Finance Analyst,3,Job saved,5,0.5,0.625
2026-02-02,Manual paste,Finance Analyst,4,Prep plan generated,4,0.4,0.8
2026-02-02,Manual paste,Finance Analyst,5,First note completed,4,0.4,1.0
2026-02-02,Manual paste,Finance Analyst,6,Exam submitted,1,0.1,0.25
2026-02-02,Manual paste,Finance Analyst,7,Mock interview completed,0,0.0,0.0
2026-02-02,Manual paste,Product Manager,1,Account created,14,1.0,1.0
2026-02-02,Manual paste,Product Manager,2,Logged in,12,0.8571,0.8571
2026-02-02,Manual paste,Product Manager,3,Job saved,9,0.6429,0.75
2026-02-02,Manual paste,Product Manager,4,Prep plan generated,5,0.3571,0.5556
2026-02-02,Manual paste,Product Manager,5,First note completed,5,0.3571,1.0
2026-02-02,Manual paste,Product Manager,6,Exam submitted,3,0.2143,0.6
2026-02-02,Manual paste,Product Manager,7,Mock interview completed,1,0.0714,0.3333
2026-02-02,Manual paste,Software Engineer,1,Account created,12,1.0,1.0
2026-02-02,Manual paste,Software Engineer,2,Logged in,10,0.8333,0.8333
2026-02-02,Manual paste,Software Engineer,3,Job saved,5,0.4167,0.5
2026-02-02,Manual paste,Software Engineer,4,Prep plan generated,4,0.3333,0.8
2026-02-02,Manual paste,Software Engineer,5,First note completed,4,0.3333,1.0
2026-02-02,Manual paste,Software Engineer,6,Exam submitted,3,0.25,0.75
2026-02-02,Manual paste,Software Engineer,7,Mock interview completed,1,0.0833,0.3333
2026-02-02,Manual paste,UX Designer,1,Account created,8,1.0,1.0
2026-02-02,Manual paste,UX Designer,2,Logged in,7,0.875,0.875
2026-02-02,Manual paste,UX Designer,3,Job saved,4,0.5,0.5714
2026-02-02,Manual paste,UX Designer,4,Prep plan generated,2,0.25,0.5
2026-02-02,Manual paste,UX Designer,5,First note completed,2,0.25,1.0
2026-02-02,Manual paste,UX Designer,6,Exam submitted,1,0.125,0.5
2026-02-02,Manual paste,UX Designer,7,Mock interview completed,0,0.0,0.0
2026-02-09,Company career site,Data Analyst,1,Account created,12,1.0,1.0
2026-02-09,Company career site,Data Analyst,2,Logged in,12,1.0,1.0
2026-02-09,Company career site,Data Analyst,3,Job saved,8,0.6667,0.6667
2026-02-09,Company career site,Data Analyst,4,Prep plan generated,6,0.5,0.75
2026-02-09,Company career site,Data Analyst,5,First note completed,6,0.5,1.0
2026-02-09,Company career site,Data Analyst,6,Exam submitted,6,0.5,1.0
2026-02-09,Company career site,Data Analyst,7,Mock interview completed,4,0.3333,0.6667
2026-02-09,Company career site,Finance Analyst,1,Account created,14,1.0,1.0
2026-02-09,Company career site,Finance Analyst,2,Logged in,12,0.8571,0.8571
2026-02-09,Company career site,Finance Analyst,3,Job saved,4,0.2857,0.3333
2026-02-09,Company career site,Finance Analyst,4,Prep plan generated,3,0.2143,0.75
2026-02-09,Company career site,Finance Analyst,5,First note completed,3,0.2143,1.0
2026-02-09,Company career site,Finance Analyst,6,Exam submitted,2,0.1429,0.6667
2026-02-09,Company career site,Finance Analyst,7,Mock interview completed,1,0.0714,0.5
2026-02-09,Company career site,Product Manager,1,Account created,4,1.0,1.0
2026-02-09,Company career site,Product Manager,2,Logged in,4,1.0,1.0
2026-02-09,Company career site,Product Manager,3,Job saved,1,0.25,0.25
2026-02-09,Company career site,Product Manager,4,Prep plan generated,1,0.25,1.0
2026-02-09,Company career site,Product Manager,5,First note completed,1,0.25,1.0
2026-02-09,Company career site,Product Manager,6,Exam submitted,1,0.25,1.0
2026-02-09,Company career site,Product Manager,7,Mock interview completed,0,0.0,0.0
2026-02-09,Company career site,Software Engineer,1,Account created,8,1.0,1.0
2026-02-09,Company career site,Software Engineer,2,Logged in,7,0.875,0.875
2026-02-09,Company career site,Software Engineer,3,Job saved,4,0.5,0.5714
2026-02-09,Company career site,Software Engineer,4,Prep plan generated,4,0.5,1.0
2026-02-09,Company career site,Software Engineer,5,First note completed,4,0.5,1.0
2026-02-09,Company career site,Software Engineer,6,Exam submitted,4,0.5,1.0
2026-02-09,Company career site,Software Engineer,7,Mock interview completed,0,0.0,0.0
2026-02-09,Company career site,UX Designer,1,Account created,7,1.0,1.0
2026-02-09,Company career site,UX Designer,2,Logged in,7,1.0,1.0
2026-02-09,Company career site,UX Designer,3,Job saved,4,0.5714,0.5714
2026-02-09,Company career site,UX Designer,4,Prep plan generated,4,0.5714,1.0
2026-02-09,Company career site,UX Designer,5,First note completed,4,0.5714,1.0
2026-02-09,Company career site,UX Designer,6,Exam submitted,1,0.1429,0.25
2026-02-09,Company career site,UX Designer,7,Mock interview completed,0,0.0,0.0
2026-02-09,Handshake extension,Data Analyst,1,Account created,17,1.0,1.0
2026-02-09,Handshake extension,Data Analyst,2,Logged in,16,0.9412,0.9412
2026-02-09,Handshake extension,Data Analyst,3,Job saved,14,0.8235,0.875
2026-02-09,Handshake extension,Data Analyst,4,Prep plan generated,11,0.6471,0.7857
2026-02-09,Handshake extension,Data Analyst,5,First note completed,11,0.6471,1.0
2026-02-09,Handshake extension,Data Analyst,6,Exam submitted,8,0.4706,0.7273
2026-02-09,Handshake extension,Data Analyst,7,Mock interview completed,1,0.0588,0.125
2026-02-09,Handshake extension,Finance Analyst,1,Account created,15,1.0,1.0
2026-02-09,Handshake extension,Finance Analyst,2,Logged in,14,0.9333,0.9333
2026-02-09,Handshake extension,Finance Analyst,3,Job saved,12,0.8,0.8571
2026-02-09,Handshake extension,Finance Analyst,4,Prep plan generated,9,0.6,0.75
2026-02-09,Handshake extension,Finance Analyst,5,First note completed,9,0.6,1.0
2026-02-09,Handshake extension,Finance Analyst,6,Exam submitted,8,0.5333,0.8889
2026-02-09,Handshake extension,Finance Analyst,7,Mock interview completed,4,0.2667,0.5
2026-02-09,Handshake extension,Product Manager,1,Account created,16,1.0,1.0
2026-02-09,Handshake extension,Product Manager,2,Logged in,15,0.9375,0.9375
2026-02-09,Handshake extension,Product Manager,3,Job saved,8,0.5,0.5333
2026-02-09,Handshake extension,Product Manager,4,Prep plan generated,5,0.3125,0.625
2026-02-09,Handshake extension,Product Manager,5,First note completed,5,0.3125,1.0
2026-02-09,Handshake extension,Product Manager,6,Exam submitted,5,0.3125,1.0
2026-02-09,Handshake extension,Product Manager,7,Mock interview completed,3,0.1875,0.6
2026-02-09,Handshake extension,Software Engineer,1,Account created,15,1.0,1.0
2026-02-09,Handshake extension,Software Engineer,2,Logged in,14,0.9333,0.9333
2026-02-09,Handshake extension,Software Engineer,3,Job saved,11,0.7333,0.7857
2026-02-09,Handshake extension,Software Engineer,4,Prep plan generated,10,0.6667,0.9091
2026-02-09,Handshake extension,Software Engineer,5,First note completed,10,0.6667,1.0
2026-02-09,Handshake extension,Software Engineer,6,Exam submitted,5,0.3333,0.5
2026-02-09,Handshake extension,Software Engineer,7,Mock interview completed,2,0.1333,0.4
2026-02-09,Handshake extension,UX Designer,1,Account created,11,1.0,1.0
2026-02-09,Handshake extension,UX Designer,2,Logged in,11,1.0,1.0
2026-02-09,Handshake extension,UX Designer,3,Job saved,8,0.7273,0.7273
2026-02-09,Handshake extension,UX Designer,4,Prep plan generated,7,0.6364,0.875
2026-02-09,Handshake extension,UX Designer,5,First note completed,7,0.6364,1.0
2026-02-09,Handshake extension,UX Designer,6,Exam submitted,5,0.4545,0.7143
2026-02-09,Handshake extension,UX Designer,7,Mock interview completed,4,0.3636,0.8
2026-02-09,LinkedIn extension,Data Analyst,1,Account created,17,1.0,1.0
2026-02-09,LinkedIn extension,Data Analyst,2,Logged in,17,1.0,1.0
2026-02-09,LinkedIn extension,Data Analyst,3,Job saved,13,0.7647,0.7647
2026-02-09,LinkedIn extension,Data Analyst,4,Prep plan generated,10,0.5882,0.7692
2026-02-09,LinkedIn extension,Data Analyst,5,First note completed,10,0.5882,1.0
2026-02-09,LinkedIn extension,Data Analyst,6,Exam submitted,8,0.4706,0.8
2026-02-09,LinkedIn extension,Data Analyst,7,Mock interview completed,5,0.2941,0.625
2026-02-09,LinkedIn extension,Finance Analyst,1,Account created,22,1.0,1.0
2026-02-09,LinkedIn extension,Finance Analyst,2,Logged in,22,1.0,1.0
2026-02-09,LinkedIn extension,Finance Analyst,3,Job saved,15,0.6818,0.6818
2026-02-09,LinkedIn extension,Finance Analyst,4,Prep plan generated,11,0.5,0.7333
2026-02-09,LinkedIn extension,Finance Analyst,5,First note completed,11,0.5,1.0
2026-02-09,LinkedIn extension,Finance Analyst,6,Exam submitted,6,0.2727,0.5455
2026-02-09,LinkedIn extension,Finance Analyst,7,Mock interview completed,3,0.1364,0.5
2026-02-09,LinkedIn extension,Product Manager,1,Account created,27,1.0,1.0
2026-02-09,LinkedIn extension,Product Manager,2,Logged in,25,0.9259,0.9259
2026-02-09,LinkedIn extension,Product Manager,3,Job saved,16,0.5926,0.64
2026-02-09,LinkedIn extension,Product Manager,4,Prep plan generated,11,0.4074,0.6875
2026-02-09,LinkedIn extension,Product Manager,5,First note completed,11,0.4074,1.0
2026-02-09,LinkedIn extension,Product Manager,6,Exam submitted,9,0.3333,0.8182
2026-02-09,LinkedIn extension,Product Manager,7,Mock interview completed,4,0.1481,0.4444
2026-02-09,LinkedIn extension,Software Engineer,1,Account created,20,1.0,1.0
2026-02-09,LinkedIn extension,Software Engineer,2,Logged in,18,0.9,0.9
2026-02-09,LinkedIn extension,Software Engineer,3,Job saved,15,0.75,0.8333
2026-02-09,LinkedIn extension,Software Engineer,4,Prep plan generated,13,0.65,0.8667
2026-02-09,LinkedIn extension,Software Engineer,5,First note completed,13,0.65,1.0
2026-02-09,LinkedIn extension,Software Engineer,6,Exam submitted,12,0.6,0.9231
2026-02-09,LinkedIn extension,Software Engineer,7,Mock interview completed,5,0.25,0.4167
2026-02-09,LinkedIn extension,UX Designer,1,Account created,19,1.0,1.0
2026-02-09,LinkedIn extension,UX Designer,2,Logged in,15,0.7895,0.7895
2026-02-09,LinkedIn extension,UX Designer,3,Job saved,13,0.6842,0.8667
2026-02-09,LinkedIn extension,UX Designer,4,Prep plan generated,13,0.6842,1.0
2026-02-09,LinkedIn extension,UX Designer,5,First note completed,13,0.6842,1.0
2026-02-09,LinkedIn extension,UX Designer,6,Exam submitted,11,0.5789,0.8462
2026-02-09,LinkedIn extension,UX Designer,7,Mock interview completed,6,0.3158,0.5455
2026-02-09,Manual paste,Data Analyst,1,Account created,11,1.0,1.0
2026-02-09,Manual paste,Data Analyst,2,Logged in,11,1.0,1.0
2026-02-09,Manual paste,Data Analyst,3,Job saved,4,0.3636,0.3636
2026-02-09,Manual paste,Data Analyst,4,Prep plan generated,2,0.1818,0.5
2026-02-09,Manual paste,Data Analyst,5,First note completed,2,0.1818,1.0
2026-02-09,Manual paste,Data Analyst,6,Exam submitted,2,0.1818,1.0
2026-02-09,Manual paste,Data Analyst,7,Mock interview completed,0,0.0,0.0
2026-02-09,Manual paste,Finance Analyst,1,Account created,9,1.0,1.0
2026-02-09,Manual paste,Finance Analyst,2,Logged in,8,0.8889,0.8889
2026-02-09,Manual paste,Finance Analyst,3,Job saved,5,0.5556,0.625
2026-02-09,Manual paste,Finance Analyst,4,Prep plan generated,3,0.3333,0.6
2026-02-09,Manual paste,Finance Analyst,5,First note completed,3,0.3333,1.0
2026-02-09,Manual paste,Finance Analyst,6,Exam submitted,3,0.3333,1.0
2026-02-09,Manual paste,Finance Analyst,7,Mock interview completed,2,0.2222,0.6667
2026-02-09,Manual paste,Product Manager,1,Account created,15,1.0,1.0
2026-02-09,Manual paste,Product Manager,2,Logged in,11,0.7333,0.7333
2026-02-09,Manual paste,Product Manager,3,Job saved,7,0.4667,0.6364
2026-02-09,Manual paste,Product Manager,4,Prep plan generated,3,0.2,0.4286
2026-02-09,Manual paste,Product Manager,5,First note completed,3,0.2,1.0
2026-02-09,Manual paste,Product Manager,6,Exam submitted,1,0.0667,0.3333
2026-02-09,Manual paste,Product Manager,7,Mock interview completed,1,0.0667,1.0
2026-02-09,Manual paste,Software Engineer,1,Account created,19,1.0,1.0
2026-02-09,Manual paste,Software Engineer,2,Logged in,18,0.9474,0.9474
2026-02-09,Manual paste,Software Engineer,3,Job saved,11,0.5789,0.6111
2026-02-09,Manual paste,Software Engineer,4,Prep plan generated,9,0.4737,0.8182
2026-02-09,Manual paste,Software Engineer,5,First note completed,9,0.4737,1.0
2026-02-09,Manual paste,Software Engineer,6,Exam submitted,6,0.3158,0.6667
2026-02-09,Manual paste,Software Engineer,7,Mock interview completed,2,0.1053,0.3333
2026-02-09,Manual paste,UX Designer,1,Account created,11,1.0,1.0
2026-02-09,Manual paste,UX Designer,2,Logged in,9,0.8182,0.8182
2026-02-09,Manual paste,UX Designer,3,Job saved,8,0.7273,0.8889
2026-02-09,Manual paste,UX Designer,4,Prep plan generated,3,0.2727,0.375
2026-02-09,Manual paste,UX Designer,5,First note completed,3,0.2727,1.0
2026-02-09,Manual paste,UX Designer,6,Exam submitted,1,0.0909,0.3333
2026-02-09,Manual paste,UX Designer,7,Mock interview completed,1,0.0909,1.0
2026-02-16,Company career site,Data Analyst,1,Account created,16,1.0,1.0
2026-02-16,Company career site,Data Analyst,2,Logged in,15,0.9375,0.9375
2026-02-16,Company career site,Data Analyst,3,Job saved,8,0.5,0.5333
2026-02-16,Company career site,Data Analyst,4,Prep plan generated,6,0.375,0.75
2026-02-16,Company career site,Data Analyst,5,First note completed,6,0.375,1.0
2026-02-16,Company career site,Data Analyst,6,Exam submitted,4,0.25,0.6667
2026-02-16,Company career site,Data Analyst,7,Mock interview completed,2,0.125,0.5
2026-02-16,Company career site,Finance Analyst,1,Account created,8,1.0,1.0
2026-02-16,Company career site,Finance Analyst,2,Logged in,7,0.875,0.875
2026-02-16,Company career site,Finance Analyst,3,Job saved,4,0.5,0.5714
2026-02-16,Company career site,Finance Analyst,4,Prep plan generated,4,0.5,1.0
2026-02-16,Company career site,Finance Analyst,5,First note completed,4,0.5,1.0
2026-02-16,Company career site,Finance Analyst,6,Exam submitted,2,0.25,0.5
2026-02-16,Company career site,Finance Analyst,7,Mock interview completed,0,0.0,0.0
2026-02-16,Company career site,Product Manager,1,Account created,16,1.0,1.0
2026-02-16,Company career site,Product Manager,2,Logged in,16,1.0,1.0
2026-02-16,Company career site,Product Manager,3,Job saved,9,0.5625,0.5625
2026-02-16,Company career site,Product Manager,4,Prep plan generated,5,0.3125,0.5556
2026-02-16,Company career site,Product Manager,5,First note completed,5,0.3125,1.0
2026-02-16,Company career site,Product Manager,6,Exam submitted,4,0.25,0.8
2026-02-16,Company career site,Product Manager,7,Mock interview completed,2,0.125,0.5
2026-02-16,Company career site,Software Engineer,1,Account created,8,1.0,1.0
2026-02-16,Company career site,Software Engineer,2,Logged in,7,0.875,0.875
2026-02-16,Company career site,Software Engineer,3,Job saved,5,0.625,0.7143
2026-02-16,Company career site,Software Engineer,4,Prep plan generated,2,0.25,0.4
2026-02-16,Company career site,Software Engineer,5,First note completed,2,0.25,1.0
2026-02-16,Company career site,Software Engineer,6,Exam submitted,1,0.125,0.5
2026-02-16,Company career site,Software Engineer,7,Mock interview completed,1,0.125,1.0
2026-02-16,Company career site,UX Designer,1,Account created,11,1.0,1.0
2026-02-16,Company career site,UX Designer,2,Logged in,8,0.7273,0.7273
2026-02-16,Company career site,UX Designer,3,Job saved,4,0.3636,0.5
2026-02-16,Company career site,UX Designer,4,Prep plan generated,2,0.1818,0.5
2026-02-16,Company career site,UX Designer,5,First note completed,2,0.1818,1.0
2026-02-16,Company career site,UX Designer,6,Exam submitted,2,0.1818,1.0
2026-02-16,Company career site,UX Designer,7,Mock interview completed,1,0.0909,0.5
2026-02-16,Handshake extension,Data Analyst,1,Account created,13,1.0,1.0
2026-02-16,Handshake extension,Data Analyst,2,Logged in,13,1.0,1.0
2026-02-16,Handshake extension,Data Analyst,3,Job saved,9,0.6923,0.6923
2026-02-16,Handshake extension,Data Analyst,4,Prep plan generated,7,0.5385,0.7778
2026-02-16,Handshake extension,Data Analyst,5,First note completed,7,0.5385,1.0
2026-02-16,Handshake extension,Data Analyst,6,Exam submitted,6,0.4615,0.8571
2026-02-16,Handshake extension,Data Analyst,7,Mock interview completed,4,0.3077,0.6667
2026-02-16,Handshake extension,Finance Analyst,1,Account created,12,1.0,1.0
2026-02-16,Handshake extension,Finance Analyst,2,Logged in,11,0.9167,0.9167
2026-02-16,Handshake extension,Finance Analyst,3,Job saved,6,0.5,0.5455
2026-02-16,Handshake extension,Finance Analyst,4,Prep plan generated,4,0.3333,0.6667
2026-02-16,Handshake extension,Finance Analyst,5,First note completed,4,0.3333,1.0
2026-02-16,Handshake extension,Finance Analyst,6,Exam submitted,3,0.25,0.75
2026-02-16,Handshake extension,Finance Analyst,7,Mock interview completed,2,0.1667,0.6667
2026-02-16,Handshake extension,Product Manager,1,Account created,17,1.0,1.0
2026-02-16,Handshake extension,Product Manager,2,Logged in,14,0.8235,0.8235
2026-02-16,Handshake extension,Product Manager,3,Job saved,11,0.6471,0.7857
2026-02-16,Handshake extension,Product Manager,4,Prep plan generated,10,0.5882,0.9091
2026-02-16,Handshake extension,Product Manager,5,First note completed,10,0.5882,1.0
2026-02-16,Handshake extension,Product Manager,6,Exam submitted,8,0.4706,0.8
2026-02-16,Handshake extension,Product Manager,7,Mock interview completed,2,0.1176,0.25
2026-02-16,Handshake extension,Software Engineer,1,Account created,15,1.0,1.0
2026-02-16,Handshake extension,Software Engineer,2,Logged in,14,0.9333,0.9333
2026-02-16,Handshake extension,Software Engineer,3,Job saved,10,0.6667,0.7143
2026-02-16,Handshake extension,Software Engineer,4,Prep plan generated,8,0.5333,0.8
2026-02-16,Handshake extension,Software Engineer,5,First note completed,8,0.5333,1.0
2026-02-16,Handshake extension,Software Engineer,6,Exam submitted,7,0.4667,0.875
2026-02-16,Handshake extension,Software Engineer,7,Mock interview completed,4,0.2667,0.5714
2026-02-16,Handshake extension,UX Designer,1,Account created,9,1.0,1.0
2026-02-16,Handshake extension,UX Designer,2,Logged in,9,1.0,1.0
2026-02-16,Handshake extension,UX Designer,3,Job saved,8,0.8889,0.8889
2026-02-16,Handshake extension,UX Designer,4,Prep plan generated,5,0.5556,0.625
2026-02-16,Handshake extension,UX Designer,5,First note completed,5,0.5556,1.0
2026-02-16,Handshake extension,UX Designer,6,Exam submitted,5,0.5556,1.0
2026-02-16,Handshake extension,UX Designer,7,Mock interview completed,1,0.1111,0.2
2026-02-16,LinkedIn extension,Data Analyst,1,Account created,18,1.0,1.0
2026-02-16,LinkedIn extension,Data Analyst,2,Logged in,16,0.8889,0.8889
2026-02-16,LinkedIn extension,Data Analyst,3,Job saved,8,0.4444,0.5
2026-02-16,LinkedIn extension,Data Analyst,4,Prep plan generated,7,0.3889,0.875
2026-02-16,LinkedIn extension,Data Analyst,5,First note completed,7,0.3889,1.0
2026-02-16,LinkedIn extension,Data Analyst,6,Exam submitted,5,0.2778,0.7143
2026-02-16,LinkedIn extension,Data Analyst,7,Mock interview completed,1,0.0556,0.2
2026-02-16,LinkedIn extension,Finance Analyst,1,Account created,27,1.0,1.0
2026-02-16,LinkedIn extension,Finance Analyst,2,Logged in,26,0.963,0.963
2026-02-16,LinkedIn extension,Finance Analyst,3,Job saved,20,0.7407,0.7692
2026-02-16,LinkedIn extension,Finance Analyst,4,Prep plan generated,14,0.5185,0.7
2026-02-16,LinkedIn extension,Finance Analyst,5,First note completed,14,0.5185,1.0
2026-02-16,LinkedIn extension,Finance Analyst,6,Exam submitted,12,0.4444,0.8571
2026-02-16,LinkedIn extension,Finance Analyst,7,Mock interview completed,5,0.1852,0.4167
2026-02-16,LinkedIn extension,Product Manager,1,Account created,12,1.0,1.0
2026-02-16,LinkedIn extension,Product Manager,2,Logged in,11,0.9167,0.9167
2026-02-16,LinkedIn extension,Product Manager,3,Job saved,7,0.5833,0.6364
2026-02-16,LinkedIn extension,Product Manager,4,Prep plan generated,4,0.3333,0.5714
2026-02-16,LinkedIn extension,Product Manager,5,First note completed,4,0.3333,1.0
2026-02-16,LinkedIn extension,Product Manager,6,Exam submitted,2,0.1667,0.5
2026-02-16,LinkedIn extension,Product Manager,7,Mock interview completed,1,0.0833,0.5
2026-02-16,LinkedIn extension,Software Engineer,1,Account created,22,1.0,1.0
2026-02-16,LinkedIn extension,Software Engineer,2,Logged in,21,0.9545,0.9545
2026-02-16,LinkedIn extension,Software Engineer,3,Job saved,18,0.8182,0.8571
2026-02-16,LinkedIn extension,Software Engineer,4,Prep plan generated,14,0.6364,0.7778
2026-02-16,LinkedIn extension,Software Engineer,5,First note completed,14,0.6364,1.0
2026-02-16,LinkedIn extension,Software Engineer,6,Exam submitted,10,0.4545,0.7143
2026-02-16,LinkedIn extension,Software Engineer,7,Mock interview completed,7,0.3182,0.7
2026-02-16,LinkedIn extension,UX Designer,1,Account created,17,1.0,1.0
2026-02-16,LinkedIn extension,UX Designer,2,Logged in,15,0.8824,0.8824
2026-02-16,LinkedIn extension,UX Designer,3,Job saved,10,0.5882,0.6667
2026-02-16,LinkedIn extension,UX Designer,4,Prep plan generated,7,0.4118,0.7
2026-02-16,LinkedIn extension,UX Designer,5,First note completed,7,0.4118,1.0
2026-02-16,LinkedIn extension,UX Designer,6,Exam submitted,5,0.2941,0.7143
2026-02-16,LinkedIn extension,UX Designer,7,Mock interview completed,2,0.1176,0.4
2026-02-16,Manual paste,Data Analyst,1,Account created,14,1.0,1.0
2026-02-16,Manual paste,Data Analyst,2,Logged in,12,0.8571,0.8571
2026-02-16,Manual paste,Data Analyst,3,Job saved,6,0.4286,0.5
2026-02-16,Manual paste,Data Analyst,4,Prep plan generated,1,0.0714,0.1667
2026-02-16,Manual paste,Data Analyst,5,First note completed,1,0.0714,1.0
2026-02-16,Manual paste,Data Analyst,6,Exam submitted,1,0.0714,1.0
2026-02-16,Manual paste,Data Analyst,7,Mock interview completed,1,0.0714,1.0
2026-02-16,Manual paste,Finance Analyst,1,Account created,16,1.0,1.0
2026-02-16,Manual paste,Finance Analyst,2,Logged in,16,1.0,1.0
2026-02-16,Manual paste,Finance Analyst,3,Job saved,9,0.5625,0.5625
2026-02-16,Manual paste,Finance Analyst,4,Prep plan generated,7,0.4375,0.7778
2026-02-16,Manual paste,Finance Analyst,5,First note completed,7,0.4375,1.0
2026-02-16,Manual paste,Finance Analyst,6,Exam submitted,4,0.25,0.5714
2026-02-16,Manual paste,Finance Analyst,7,Mock interview completed,1,0.0625,0.25
2026-02-16,Manual paste,Product Manager,1,Account created,17,1.0,1.0
2026-02-16,Manual paste,Product Manager,2,Logged in,12,0.7059,0.7059
2026-02-16,Manual paste,Product Manager,3,Job saved,4,0.2353,0.3333
2026-02-16,Manual paste,Product Manager,4,Prep plan generated,2,0.1176,0.5
2026-02-16,Manual paste,Product Manager,5,First note completed,2,0.1176,1.0
2026-02-16,Manual paste,Product Manager,6,Exam submitted,1,0.0588,0.5
2026-02-16,Manual paste,Product Manager,7,Mock interview completed,1,0.0588,1.0
2026-02-16,Manual paste,Software Engineer,1,Account created,7,1.0,1.0
2026-02-16,Manual paste,Software Engineer,2,Logged in,7,1.0,1.0
2026-02-16,Manual paste,Software Engineer,3,Job saved,3,0.4286,0.4286
2026-02-16,Manual paste,Software Engineer,4,Prep plan generated,2,0.2857,0.6667
2026-02-16,Manual paste,Software Engineer,5,First note completed,2,0.2857,1.0
2026-02-16,Manual paste,Software Engineer,6,Exam submitted,1,0.1429,0.5
2026-02-16,Manual paste,Software Engineer,7,Mock interview completed,0,0.0,0.0
2026-02-16,Manual paste,UX Designer,1,Account created,13,1.0,1.0
2026-02-16,Manual paste,UX Designer,2,Logged in,13,1.0,1.0
2026-02-16,Manual paste,UX Designer,3,Job saved,11,0.8462,0.8462
2026-02-16,Manual paste,UX Designer,4,Prep plan generated,8,0.6154,0.7273
2026-02-16,Manual paste,UX Designer,5,First note completed,8,0.6154,1.0
2026-02-16,Manual paste,UX Designer,6,Exam submitted,6,0.4615,0.75
2026-02-16,Manual paste,UX Designer,7,Mock interview completed,2,0.1538,0.3333
2026-02-23,Company career site,Data Analyst,1,Account created,15,1.0,1.0
2026-02-23,Company career site,Data Analyst,2,Logged in,15,1.0,1.0
2026-02-23,Company career site,Data Analyst,3,Job saved,9,0.6,0.6
2026-02-23,Company career site,Data Analyst,4,Prep plan generated,4,0.2667,0.4444
2026-02-23,Company career site,Data Analyst,5,First note completed,4,0.2667,1.0
2026-02-23,Company career site,Data Analyst,6,Exam submitted,3,0.2,0.75
2026-02-23,Company career site,Data Analyst,7,Mock interview completed,0,0.0,0.0
2026-02-23,Company career site,Finance Analyst,1,Account created,12,1.0,1.0
2026-02-23,Company career site,Finance Analyst,2,Logged in,11,0.9167,0.9167
2026-02-23,Company career site,Finance Analyst,3,Job saved,8,0.6667,0.7273
2026-02-23,Company career site,Finance Analyst,4,Prep plan generated,4,0.3333,0.5
2026-02-23,Company career site,Finance Analyst,5,First note completed,4,0.3333,1.0
2026-02-23,Company career site,Finance Analyst,6,Exam submitted,3,0.25,0.75
2026-02-23,Company career site,Finance Analyst,7,Mock interview completed,1,0.0833,0.3333
2026-02-23,Company career site,Product Manager,1,Account created,10,1.0,1.0
2026-02-23,Company career site,Product Manager,2,Logged in,9,0.9,0.9
2026-02-23,Company career site,Product Manager,3,Job saved,5,0.5,0.5556
2026-02-23,Company career site,Product Manager,4,Prep plan generated,4,0.4,0.8
2026-02-23,Company career site,Product Manager,5,First note completed,4,0.4,1.0
2026-02-23,Company career site,Product Manager,6,Exam submitted,4,0.4,1.0
2026-02-23,Company career site,Product Manager,7,Mock interview completed,2,0.2,0.5
2026-02-23,Company career site,Software Engineer,1,Account created,10,1.0,1.0
2026-02-23,Company career site,Software Engineer,2,Logged in,10,1.0,1.0
2026-02-23,Company career site,Software Engineer,3,Job saved,7,0.7,0.7
2026-02-23,Company career site,Software Engineer,4,Prep plan generated,4,0.4,0.5714
2026-02-23,Company career site,Software Engineer,5,First note completed,4,0.4,1.0
2026-02-23,Company career site,Software Engineer,6,Exam submitted,3,0.3,0.75
2026-02-23,Company career site,Software Engineer,7,Mock interview completed,1,0.1,0.3333
2026-02-23,Company career site,UX Designer,1,Account created,5,1.0,1.0
2026-02-23,Company career site,UX Designer,2,Logged in,5,1.0,1.0
2026-02-23,Company career site,UX Designer,3,Job saved,4,0.8,0.8
2026-02-23,Company career site,UX Designer,4,Prep plan generated,3,0.6,0.75
2026-02-23,Company career site,UX Designer,5,First note completed,3,0.6,1.0
2026-02-23,Company career site,UX Designer,6,Exam submitted,3,0.6,1.0
2026-02-23,Company career site,UX Designer,7,Mock interview completed,1,0.2,0.3333
2026-02-23,Handshake extension,Data Analyst,1,Account created,15,1.0,1.0
2026-02-23,Handshake extension,Data Analyst,2,Logged in,15,1.0,1.0
2026-02-23,Handshake extension,Data Analyst,3,Job saved,10,0.6667,0.6667
2026-02-23,Handshake extension,Data Analyst,4,Prep plan generated,9,0.6,0.9
2026-02-23,Handshake extension,Data Analyst,5,First note completed,9,0.6,1.0
2026-02-23,Handshake extension,Data Analyst,6,Exam submitted,8,0.5333,0.8889
2026-02-23,Handshake extension,Data Analyst,7,Mock interview completed,5,0.3333,0.625
2026-02-23,Handshake extension,Finance Analyst,1,Account created,15,1.0,1.0
2026-02-23,Handshake extension,Finance Analyst,2,Logged in,15,1.0,1.0
2026-02-23,Handshake extension,Finance Analyst,3,Job saved,13,0.8667,0.8667
2026-02-23,Handshake extension,Finance Analyst,4,Prep plan generated,12,0.8,0.9231
2026-02-23,Handshake extension,Finance Analyst,5,First note completed,12,0.8,1.0
2026-02-23,Handshake extension,Finance Analyst,6,Exam submitted,7,0.4667,0.5833
2026-02-23,Handshake extension,Finance Analyst,7,Mock interview completed,4,0.2667,0.5714
2026-02-23,Handshake extension,Product Manager,1,Account created,9,1.0,1.0
2026-02-23,Handshake extension,Product Manager,2,Logged in,8,0.8889,0.8889
2026-02-23,Handshake extension,Product Manager,3,Job saved,6,0.6667,0.75
2026-02-23,Handshake extension,Product Manager,4,Prep plan generated,5,0.5556,0.8333
2026-02-23,Handshake extension,Product Manager,5,First note completed,5,0.5556,1.0
2026-02-23,Handshake extension,Product Manager,6,Exam submitted,5,0.5556,1.0
2026-02-23,Handshake extension,Product Manager,7,Mock interview completed,1,0.1111,0.2
2026-02-23,Handshake extension,Software Engineer,1,Account created,13,1.0,1.0
2026-02-23,Handshake extension,Software Engineer,2,Logged in,13,1.0,1.0
2026-02-23,Handshake extension,Software Engineer,3,Job saved,10,0.7692,0.7692
2026-02-23,Handshake extension,Software Engineer,4,Prep plan generated,8,0.6154,0.8
2026-02-23,Handshake extension,Software Engineer,5,First note completed,8,0.6154,1.0
2026-02-23,Handshake extension,Software Engineer,6,Exam submitted,5,0.3846,0.625
2026-02-23,Handshake extension,Software Engineer,7,Mock interview completed,2,0.1538,0.4
2026-02-23,Handshake extension,UX Designer,1,Account created,15,1.0,1.0
2026-02-23,Handshake extension,UX Designer,2,Logged in,13,0.8667,0.8667
2026-02-23,Handshake extension,UX Designer,3,Job saved,6,0.4,0.4615
2026-02-23,Handshake extension,UX Designer,4,Prep plan generated,6,0.4,1.0
2026-02-23,Handshake extension,UX Designer,5,First note completed,6,0.4,1.0
2026-02-23,Handshake extension,UX Designer,6,Exam submitted,3,0.2,0.5
2026-02-23,Handshake extension,UX Designer,7,Mock interview completed,2,0.1333,0.6667
2026-02-23,LinkedIn extension,Data Analyst,1,Account created,19,1.0,1.0
2026-02-23,LinkedIn extension,Data Analyst,2,Logged in,16,0.8421,0.8421
2026-02-23,LinkedIn extension,Data Analyst,3,Job saved,10,0.5263,0.625
2026-02-23,LinkedIn extension,Data Analyst,4,Prep plan generated,6,0.3158,0.6
2026-02-23,LinkedIn extension,Data Analyst,5,First note completed,6,0.3158,1.0
2026-02-23,LinkedIn extension,Data Analyst,6,Exam submitted,4,0.2105,0.6667
2026-02-23,LinkedIn extension,Data Analyst,7,Mock interview completed,0,0.0,0.0
2026-02-23,LinkedIn extension,Finance Analyst,1,Account created,28,1.0,1.0
2026-02-23,LinkedIn extension,Finance Analyst,2,Logged in,26,0.9286,0.9286
2026-02-23,LinkedIn extension,Finance Analyst,3,Job saved,14,0.5,0.5385
2026-02-23,LinkedIn extension,Finance Analyst,4,Prep plan generated,9,0.3214,0.6429
2026-02-23,LinkedIn extension,Finance Analyst,5,First note completed,9,0.3214,1.0
2026-02-23,LinkedIn extension,Finance Analyst,6,Exam submitted,7,0.25,0.7778
2026-02-23,LinkedIn extension,Finance Analyst,7,Mock interview completed,4,0.1429,0.5714
2026-02-23,LinkedIn extension,Product Manager,1,Account created,22,1.0,1.0
2026-02-23,LinkedIn extension,Product Manager,2,Logged in,21,0.9545,0.9545
2026-02-23,LinkedIn extension,Product Manager,3,Job saved,14,0.6364,0.6667
2026-02-23,LinkedIn extension,Product Manager,4,Prep plan generated,11,0.5,0.7857
2026-02-23,LinkedIn extension,Product Manager,5,First note completed,11,0.5,1.0
2026-02-23,LinkedIn extension,Product Manager,6,Exam submitted,8,0.3636,0.7273
2026-02-23,LinkedIn extension,Product Manager,7,Mock interview completed,2,0.0909,0.25
2026-02-23,LinkedIn extension,Software Engineer,1,Account created,29,1.0,1.0
2026-02-23,LinkedIn extension,Software Engineer,2,Logged in,27,0.931,0.931
2026-02-23,LinkedIn extension,Software Engineer,3,Job saved,23,0.7931,0.8519
2026-02-23,LinkedIn extension,Software Engineer,4,Prep plan generated,15,0.5172,0.6522
2026-02-23,LinkedIn extension,Software Engineer,5,First note completed,15,0.5172,1.0
2026-02-23,LinkedIn extension,Software Engineer,6,Exam submitted,12,0.4138,0.8
2026-02-23,LinkedIn extension,Software Engineer,7,Mock interview completed,2,0.069,0.1667
2026-02-23,LinkedIn extension,UX Designer,1,Account created,21,1.0,1.0
2026-02-23,LinkedIn extension,UX Designer,2,Logged in,20,0.9524,0.9524
2026-02-23,LinkedIn extension,UX Designer,3,Job saved,15,0.7143,0.75
2026-02-23,LinkedIn extension,UX Designer,4,Prep plan generated,12,0.5714,0.8
2026-02-23,LinkedIn extension,UX Designer,5,First note completed,12,0.5714,1.0
2026-02-23,LinkedIn extension,UX Designer,6,Exam submitted,10,0.4762,0.8333
2026-02-23,LinkedIn extension,UX Designer,7,Mock interview completed,2,0.0952,0.2
2026-02-23,Manual paste,Data Analyst,1,Account created,11,1.0,1.0
2026-02-23,Manual paste,Data Analyst,2,Logged in,8,0.7273,0.7273
2026-02-23,Manual paste,Data Analyst,3,Job saved,5,0.4545,0.625
2026-02-23,Manual paste,Data Analyst,4,Prep plan generated,3,0.2727,0.6
2026-02-23,Manual paste,Data Analyst,5,First note completed,3,0.2727,1.0
2026-02-23,Manual paste,Data Analyst,6,Exam submitted,1,0.0909,0.3333
2026-02-23,Manual paste,Data Analyst,7,Mock interview completed,0,0.0,0.0
2026-02-23,Manual paste,Finance Analyst,1,Account created,17,1.0,1.0
2026-02-23,Manual paste,Finance Analyst,2,Logged in,15,0.8824,0.8824
2026-02-23,Manual paste,Finance Analyst,3,Job saved,11,0.6471,0.7333
2026-02-23,Manual paste,Finance Analyst,4,Prep plan generated,7,0.4118,0.6364
2026-02-23,Manual paste,Finance Analyst,5,First note completed,7,0.4118,1.0
2026-02-23,Manual paste,Finance Analyst,6,Exam submitted,5,0.2941,0.7143
2026-02-23,Manual paste,Finance Analyst,7,Mock interview completed,4,0.2353,0.8
2026-02-23,Manual paste,Product Manager,1,Account created,13,1.0,1.0
2026-02-23,Manual paste,Product Manager,2,Logged in,13,1.0,1.0
2026-02-23,Manual paste,Product Manager,3,Job saved,10,0.7692,0.7692
2026-02-23,Manual paste,Product Manager,4,Prep plan generated,5,0.3846,0.5
2026-02-23,Manual paste,Product Manager,5,First note completed,5,0.3846,1.0
2026-02-23,Manual paste,Product Manager,6,Exam submitted,3,0.2308,0.6
2026-02-23,Manual paste,Product Manager,7,Mock interview completed,1,0.0769,0.3333
2026-02-23,Manual paste,Software Engineer,1,Account created,14,1.0,1.0
2026-02-23,Manual paste,Software Engineer,2,Logged in,13,0.9286,0.9286
2026-02-23,Manual paste,Software Engineer,3,Job saved,6,0.4286,0.4615
2026-02-23,Manual paste,Software Engineer,4,Prep plan generated,2,0.1429,0.3333
2026-02-23,Manual paste,Software Engineer,5,First note completed,2,0.1429,1.0
2026-02-23,Manual paste,Software Engineer,6,Exam submitted,0,0.0,0.0
2026-02-23,Manual paste,Software Engineer,7,Mock interview completed,0,0.0,0
2026-02-23,Manual paste,UX Designer,1,Account created,11,1.0,1.0
2026-02-23,Manual paste,UX Designer,2,Logged in,10,0.9091,0.9091
2026-02-23,Manual paste,UX Designer,3,Job saved,8,0.7273,0.8
2026-02-23,Manual paste,UX Designer,4,Prep plan generated,5,0.4545,0.625
2026-02-23,Manual paste,UX Designer,5,First note completed,5,0.4545,1.0
2026-02-23,Manual paste,UX Designer,6,Exam submitted,4,0.3636,0.8
2026-02-23,Manual paste,UX Designer,7,Mock interview completed,1,0.0909,0.25
2026-03-02,Company career site,Data Analyst,1,Account created,16,1.0,1.0
2026-03-02,Company career site,Data Analyst,2,Logged in,13,0.8125,0.8125
2026-03-02,Company career site,Data Analyst,3,Job saved,8,0.5,0.6154
2026-03-02,Company career site,Data Analyst,4,Prep plan generated,6,0.375,0.75
2026-03-02,Company career site,Data Analyst,5,First note completed,6,0.375,1.0
2026-03-02,Company career site,Data Analyst,6,Exam submitted,4,0.25,0.6667
2026-03-02,Company career site,Data Analyst,7,Mock interview completed,1,0.0625,0.25
2026-03-02,Company career site,Finance Analyst,1,Account created,6,1.0,1.0
2026-03-02,Company career site,Finance Analyst,2,Logged in,6,1.0,1.0
2026-03-02,Company career site,Finance Analyst,3,Job saved,3,0.5,0.5
2026-03-02,Company career site,Finance Analyst,4,Prep plan generated,3,0.5,1.0
2026-03-02,Company career site,Finance Analyst,5,First note completed,3,0.5,1.0
2026-03-02,Company career site,Finance Analyst,6,Exam submitted,2,0.3333,0.6667
2026-03-02,Company career site,Finance Analyst,7,Mock interview completed,0,0.0,0.0
2026-03-02,Company career site,Product Manager,1,Account created,9,1.0,1.0
2026-03-02,Company career site,Product Manager,2,Logged in,9,1.0,1.0
2026-03-02,Company career site,Product Manager,3,Job saved,5,0.5556,0.5556
2026-03-02,Company career site,Product Manager,4,Prep plan generated,2,0.2222,0.4
2026-03-02,Company career site,Product Manager,5,First note completed,2,0.2222,1.0
2026-03-02,Company career site,Product Manager,6,Exam submitted,1,0.1111,0.5
2026-03-02,Company career site,Product Manager,7,Mock interview completed,1,0.1111,1.0
2026-03-02,Company career site,Software Engineer,1,Account created,10,1.0,1.0
2026-03-02,Company career site,Software Engineer,2,Logged in,9,0.9,0.9
2026-03-02,Company career site,Software Engineer,3,Job saved,7,0.7,0.7778
2026-03-02,Company career site,Software Engineer,4,Prep plan generated,5,0.5,0.7143
2026-03-02,Company career site,Software Engineer,5,First note completed,5,0.5,1.0
2026-03-02,Company career site,Software Engineer,6,Exam submitted,3,0.3,0.6
2026-03-02,Company career site,Software Engineer,7,Mock interview completed,0,0.0,0.0
2026-03-02,Company career site,UX Designer,1,Account created,19,1.0,1.0
2026-03-02,Company career site,UX Designer,2,Logged in,18,0.9474,0.9474
2026-03-02,Company career site,UX Designer,3,Job saved,12,0.6316,0.6667
2026-03-02,Company career site,UX Designer,4,Prep plan generated,5,0.2632,0.4167
2026-03-02,Company career site,UX Designer,5,First note completed,5,0.2632,1.0
2026-03-02,Company career site,UX Designer,6,Exam submitted,1,0.0526,0.2
2026-03-02,Company career site,UX Designer,7,Mock interview completed,0,0.0,0.0
2026-03-02,Handshake extension,Data Analyst,1,Account created,8,1.0,1.0
2026-03-02,Handshake extension,Data Analyst,2,Logged in,8,1.0,1.0
2026-03-02,Handshake extension,Data Analyst,3,Job saved,8,1.0,1.0
2026-03-02,Handshake extension,Data Analyst,4,Prep plan generated,5,0.625,0.625
2026-03-02,Handshake extension,Data Analyst,5,First note completed,5,0.625,1.0
2026-03-02,Handshake extension,Data Analyst,6,Exam submitted,4,0.5,0.8
2026-03-02,Handshake extension,Data Analyst,7,Mock interview completed,1,0.125,0.25
2026-03-02,Handshake extension,Finance Analyst,1,Account created,11,1.0,1.0
2026-03-02,Handshake extension,Finance Analyst,2,Logged in,11,1.0,1.0
2026-03-02,Handshake extension,Finance Analyst,3,Job saved,10,0.9091,0.9091
2026-03-02,Handshake extension,Finance Analyst,4,Prep plan generated,9,0.8182,0.9
2026-03-02,Handshake extension,Finance Analyst,5,First note completed,9,0.8182,1.0
2026-03-02,Handshake extension,Finance Analyst,6,Exam submitted,6,0.5455,0.6667
2026-03-02,Handshake extension,Finance Analyst,7,Mock interview completed,2,0.1818,0.3333
2026-03-02,Handshake extension,Product Manager,1,Account created,9,1.0,1.0
2026-03-02,Handshake extension,Product Manager,2,Logged in,8,0.8889,0.8889
2026-03-02,Handshake extension,Product Manager,3,Job saved,7,0.7778,0.875
2026-03-02,Handshake extension,Product Manager,4,Prep plan generated,7,0.7778,1.0
2026-03-02,Handshake extension,Product Manager,5,First note completed,7,0.7778,1.0
2026-03-02,Handshake extension,Product Manager,6,Exam submitted,6,0.6667,0.8571
2026-03-02,Handshake extension,Product Manager,7,Mock interview completed,5,0.5556,0.8333
2026-03-02,Handshake extension,Software Engineer,1,Account created,16,1.0,1.0
2026-03-02,Handshake extension,Software Engineer,2,Logged in,16,1.0,1.0
2026-03-02,Handshake extension,Software Engineer,3,Job saved,14,0.875,0.875
2026-03-02,Handshake extension,Software Engineer,4,Prep plan generated,9,0.5625,0.6429
2026-03-02,Handshake extension,Software Engineer,5,First note completed,9,0.5625,1.0
2026-03-02,Handshake extension,Software Engineer,6,Exam submitted,7,0.4375,0.7778
2026-03-02,Handshake extension,Software Engineer,7,Mock interview completed,4,0.25,0.5714
2026-03-02,Handshake extension,UX Designer,1,Account created,17,1.0,1.0
2026-03-02,Handshake extension,UX Designer,2,Logged in,15,0.8824,0.8824
2026-03-02,Handshake extension,UX Designer,3,Job saved,11,0.6471,0.7333
2026-03-02,Handshake extension,UX Designer,4,Prep plan generated,9,0.5294,0.8182
2026-03-02,Handshake extension,UX Designer,5,First note completed,9,0.5294,1.0
2026-03-02,Handshake extension,UX Designer,6,Exam submitted,7,0.4118,0.7778
2026-03-02,Handshake extension,UX Designer,7,Mock interview completed,2,0.1176,0.2857
2026-03-02,LinkedIn extension,Data Analyst,1,Account created,22,1.0,1.0
2026-03-02,LinkedIn extension,Data Analyst,2,Logged in,21,0.9545,0.9545
2026-03-02,LinkedIn extension,Data Analyst,3,Job saved,15,0.6818,0.7143
2026-03-02,LinkedIn extension,Data Analyst,4,Prep plan generated,10,0.4545,0.6667
2026-03-02,LinkedIn extension,Data Analyst,5,First note completed,10,0.4545,1.0
2026-03-02,LinkedIn extension,Data Analyst,6,Exam submitted,7,0.3182,0.7
2026-03-02,LinkedIn extension,Data Analyst,7,Mock interview completed,3,0.1364,0.4286
2026-03-02,LinkedIn extension,Finance Analyst,1,Account created,25,1.0,1.0
2026-03-02,LinkedIn extension,Finance Analyst,2,Logged in,24,0.96,0.96
2026-03-02,LinkedIn extension,Finance Analyst,3,Job saved,16,0.64,0.6667
2026-03-02,LinkedIn extension,Finance Analyst,4,Prep plan generated,12,0.48,0.75
2026-03-02,LinkedIn extension,Finance Analyst,5,First note completed,12,0.48,1.0
2026-03-02,LinkedIn extension,Finance Analyst,6,Exam submitted,10,0.4,0.8333
2026-03-02,LinkedIn extension,Finance Analyst,7,Mock interview completed,5,0.2,0.5
2026-03-02,LinkedIn extension,Product Manager,1,Account created,25,1.0,1.0
2026-03-02,LinkedIn extension,Product Manager,2,Logged in,23,0.92,0.92
2026-03-02,LinkedIn extension,Product Manager,3,Job saved,13,0.52,0.5652
2026-03-02,LinkedIn extension,Product Manager,4,Prep plan generated,7,0.28,0.5385
2026-03-02,LinkedIn extension,Product Manager,5,First note completed,7,0.28,1.0
2026-03-02,LinkedIn extension,Product Manager,6,Exam submitted,4,0.16,0.5714
2026-03-02,LinkedIn extension,Product Manager,7,Mock interview completed,2,0.08,0.5
2026-03-02,LinkedIn extension,Software Engineer,1,Account created,17,1.0,1.0
2026-03-02,LinkedIn extension,Software Engineer,2,Logged in,17,1.0,1.0
2026-03-02,LinkedIn extension,Software Engineer,3,Job saved,11,0.6471,0.6471
2026-03-02,LinkedIn extension,Software Engineer,4,Prep plan generated,7,0.4118,0.6364
2026-03-02,LinkedIn extension,Software Engineer,5,First note completed,7,0.4118,1.0
2026-03-02,LinkedIn extension,Software Engineer,6,Exam submitted,6,0.3529,0.8571
2026-03-02,LinkedIn extension,Software Engineer,7,Mock interview completed,2,0.1176,0.3333
2026-03-02,LinkedIn extension,UX Designer,1,Account created,25,1.0,1.0
2026-03-02,LinkedIn extension,UX Designer,2,Logged in,22,0.88,0.88
2026-03-02,LinkedIn extension,UX Designer,3,Job saved,16,0.64,0.7273
2026-03-02,LinkedIn extension,UX Designer,4,Prep plan generated,12,0.48,0.75
2026-03-02,LinkedIn extension,UX Designer,5,First note completed,12,0.48,1.0
2026-03-02,LinkedIn extension,UX Designer,6,Exam submitted,10,0.4,0.8333
2026-03-02,LinkedIn extension,UX Designer,7,Mock interview completed,5,0.2,0.5
2026-03-02,Manual paste,Data Analyst,1,Account created,16,1.0,1.0
2026-03-02,Manual paste,Data Analyst,2,Logged in,15,0.9375,0.9375
2026-03-02,Manual paste,Data Analyst,3,Job saved,10,0.625,0.6667
2026-03-02,Manual paste,Data Analyst,4,Prep plan generated,10,0.625,1.0
2026-03-02,Manual paste,Data Analyst,5,First note completed,10,0.625,1.0
2026-03-02,Manual paste,Data Analyst,6,Exam submitted,6,0.375,0.6
2026-03-02,Manual paste,Data Analyst,7,Mock interview completed,3,0.1875,0.5
2026-03-02,Manual paste,Finance Analyst,1,Account created,14,1.0,1.0
2026-03-02,Manual paste,Finance Analyst,2,Logged in,12,0.8571,0.8571
2026-03-02,Manual paste,Finance Analyst,3,Job saved,6,0.4286,0.5
2026-03-02,Manual paste,Finance Analyst,4,Prep plan generated,4,0.2857,0.6667
2026-03-02,Manual paste,Finance Analyst,5,First note completed,4,0.2857,1.0
2026-03-02,Manual paste,Finance Analyst,6,Exam submitted,2,0.1429,0.5
2026-03-02,Manual paste,Finance Analyst,7,Mock interview completed,1,0.0714,0.5
2026-03-02,Manual paste,Product Manager,1,Account created,13,1.0,1.0
2026-03-02,Manual paste,Product Manager,2,Logged in,11,0.8462,0.8462
2026-03-02,Manual paste,Product Manager,3,Job saved,3,0.2308,0.2727
2026-03-02,Manual paste,Product Manager,4,Prep plan generated,2,0.1538,0.6667
2026-03-02,Manual paste,Product Manager,5,First note completed,2,0.1538,1.0
2026-03-02,Manual paste,Product Manager,6,Exam submitted,1,0.0769,0.5
2026-03-02,Manual paste,Product Manager,7,Mock interview completed,0,0.0,0.0
2026-03-02,Manual paste,Software Engineer,1,Account created,15,1.0,1.0
2026-03-02,Manual paste,Software Engineer,2,Logged in,13,0.8667,0.8667
2026-03-02,Manual paste,Software Engineer,3,Job saved,11,0.7333,0.8462
2026-03-02,Manual paste,Software Engineer,4,Prep plan generated,7,0.4667,0.6364
2026-03-02,Manual paste,Software Engineer,5,First note completed,7,0.4667,1.0
2026-03-02,Manual paste,Software Engineer,6,Exam submitted,4,0.2667,0.5714
2026-03-02,Manual paste,Software Engineer,7,Mock interview completed,1,0.0667,0.25
2026-03-02,Manual paste,UX Designer,1,Account created,16,1.0,1.0
2026-03-02,Manual paste,UX Designer,2,Logged in,15,0.9375,0.9375
2026-03-02,Manual paste,UX Designer,3,Job saved,8,0.5,0.5333
2026-03-02,Manual paste,UX Designer,4,Prep plan generated,5,0.3125,0.625
2026-03-02,Manual paste,UX Designer,5,First note completed,5,0.3125,1.0
2026-03-02,Manual paste,UX Designer,6,Exam submitted,3,0.1875,0.6
2026-03-02,Manual paste,UX Designer,7,Mock interview completed,1,0.0625,0.3333
2026-03-09,Company career site,Data Analyst,1,Account created,9,1.0,1.0
2026-03-09,Company career site,Data Analyst,2,Logged in,9,1.0,1.0
2026-03-09,Company career site,Data Analyst,3,Job saved,8,0.8889,0.8889
2026-03-09,Company career site,Data Analyst,4,Prep plan generated,6,0.6667,0.75
2026-03-09,Company career site,Data Analyst,5,First note completed,6,0.6667,1.0
2026-03-09,Company career site,Data Analyst,6,Exam submitted,5,0.5556,0.8333
2026-03-09,Company career site,Data Analyst,7,Mock interview completed,3,0.3333,0.6
2026-03-09,Company career site,Finance Analyst,1,Account created,11,1.0,1.0
2026-03-09,Company career site,Finance Analyst,2,Logged in,10,0.9091,0.9091
2026-03-09,Company career site,Finance Analyst,3,Job saved,8,0.7273,0.8
2026-03-09,Company career site,Finance Analyst,4,Prep plan generated,6,0.5455,0.75
2026-03-09,Company career site,Finance Analyst,5,First note completed,6,0.5455,1.0
2026-03-09,Company career site,Finance Analyst,6,Exam submitted,4,0.3636,0.6667
2026-03-09,Company career site,Finance Analyst,7,Mock interview completed,2,0.1818,0.5
2026-03-09,Company career site,Product Manager,1,Account created,12,1.0,1.0
2026-03-09,Company career site,Product Manager,2,Logged in,12,1.0,1.0
2026-03-09,Company career site,Product Manager,3,Job saved,7,0.5833,0.5833
2026-03-09,Company career site,Product Manager,4,Prep plan generated,5,0.4167,0.7143
2026-03-09,Company career site,Product Manager,5,First note completed,5,0.4167,1.0
2026-03-09,Company career site,Product Manager,6,Exam submitted,5,0.4167,1.0
2026-03-09,Company career site,Product Manager,7,Mock interview completed,2,0.1667,0.4
2026-03-09,Company career site,Software Engineer,1,Account created,11,1.0,1.0
2026-03-09,Company career site,Software Engineer,2,Logged in,9,0.8182,0.8182
2026-03-09,Company career site,Software Engineer,3,Job saved,4,0.3636,0.4444
2026-03-09,Company career site,Software Engineer,4,Prep plan generated,4,0.3636,1.0
2026-03-09,Company career site,Software Engineer,5,First note completed,4,0.3636,1.0
2026-03-09,Company career site,Software Engineer,6,Exam submitted,4,0.3636,1.0
2026-03-09,Company career site,Software Engineer,7,Mock interview completed,3,0.2727,0.75
2026-03-09,Company career site,UX Designer,1,Account created,12,1.0,1.0
2026-03-09,Company career site,UX Designer,2,Logged in,10,0.8333,0.8333
2026-03-09,Company career site,UX Designer,3,Job saved,5,0.4167,0.5
2026-03-09,Company career site,UX Designer,4,Prep plan generated,4,0.3333,0.8
2026-03-09,Company career site,UX Designer,5,First note completed,4,0.3333,1.0
2026-03-09,Company career site,UX Designer,6,Exam submitted,4,0.3333,1.0
2026-03-09,Company career site,UX Designer,7,Mock interview completed,3,0.25,0.75
2026-03-09,Handshake extension,Data Analyst,1,Account created,24,1.0,1.0
2026-03-09,Handshake extension,Data Analyst,2,Logged in,23,0.9583,0.9583
2026-03-09,Handshake extension,Data Analyst,3,Job saved,17,0.7083,0.7391
2026-03-09,Handshake extension,Data Analyst,4,Prep plan generated,13,0.5417,0.7647
2026-03-09,Handshake extension,Data Analyst,5,First note completed,13,0.5417,1.0
2026-03-09,Handshake extension,Data Analyst,6,Exam submitted,10,0.4167,0.7692
2026-03-09,Handshake extension,Data Analyst,7,Mock interview completed,8,0.3333,0.8
2026-03-09,Handshake extension,Finance Analyst,1,Account created,16,1.0,1.0
2026-03-09,Handshake extension,Finance Analyst,2,Logged in,14,0.875,0.875
2026-03-09,Handshake extension,Finance Analyst,3,Job saved,10,0.625,0.7143
2026-03-09,Handshake extension,Finance Analyst,4,Prep plan generated,8,0.5,0.8
2026-03-09,Handshake extension,Finance Analyst,5,First note completed,8,0.5,1.0
2026-03-09,Handshake extension,Finance Analyst,6,Exam submitted,7,0.4375,0.875
2026-03-09,Handshake extension,Finance Analyst,7,Mock interview completed,4,0.25,0.5714
2026-03-09,Handshake extension,Product Manager,1,Account created,12,1.0,1.0
2026-03-09,Handshake extension,Product Manager,2,Logged in,11,0.9167,0.9167
2026-03-09,Handshake extension,Product Manager,3,Job saved,8,0.6667,0.7273
2026-03-09,Handshake extension,Product Manager,4,Prep plan generated,6,0.5,0.75
2026-03-09,Handshake extension,Product Manager,5,First note completed,6,0.5,1.0
2026-03-09,Handshake extension,Product Manager,6,Exam submitted,3,0.25,0.5
2026-03-09,Handshake extension,Product Manager,7,Mock interview completed,1,0.0833,0.3333
2026-03-09,Handshake extension,Software Engineer,1,Account created,18,1.0,1.0
2026-03-09,Handshake extension,Software Engineer,2,Logged in,18,1.0,1.0
2026-03-09,Handshake extension,Software Engineer,3,Job saved,13,0.7222,0.7222
2026-03-09,Handshake extension,Software Engineer,4,Prep plan generated,11,0.6111,0.8462
2026-03-09,Handshake extension,Software Engineer,5,First note completed,11,0.6111,1.0
2026-03-09,Handshake extension,Software Engineer,6,Exam submitted,11,0.6111,1.0
2026-03-09,Handshake extension,Software Engineer,7,Mock interview completed,6,0.3333,0.5455
2026-03-09,Handshake extension,UX Designer,1,Account created,11,1.0,1.0
2026-03-09,Handshake extension,UX Designer,2,Logged in,11,1.0,1.0
2026-03-09,Handshake extension,UX Designer,3,Job saved,8,0.7273,0.7273
2026-03-09,Handshake extension,UX Designer,4,Prep plan generated,7,0.6364,0.875
2026-03-09,Handshake extension,UX Designer,5,First note completed,7,0.6364,1.0
2026-03-09,Handshake extension,UX Designer,6,Exam submitted,5,0.4545,0.7143
2026-03-09,Handshake extension,UX Designer,7,Mock interview completed,2,0.1818,0.4
2026-03-09,LinkedIn extension,Data Analyst,1,Account created,26,1.0,1.0
2026-03-09,LinkedIn extension,Data Analyst,2,Logged in,24,0.9231,0.9231
2026-03-09,LinkedIn extension,Data Analyst,3,Job saved,18,0.6923,0.75
2026-03-09,LinkedIn extension,Data Analyst,4,Prep plan generated,12,0.4615,0.6667
2026-03-09,LinkedIn extension,Data Analyst,5,First note completed,12,0.4615,1.0
2026-03-09,LinkedIn extension,Data Analyst,6,Exam submitted,8,0.3077,0.6667
2026-03-09,LinkedIn extension,Data Analyst,7,Mock interview completed,3,0.1154,0.375
2026-03-09,LinkedIn extension,Finance Analyst,1,Account created,19,1.0,1.0
2026-03-09,LinkedIn extension,Finance Analyst,2,Logged in,18,0.9474,0.9474
2026-03-09,LinkedIn extension,Finance Analyst,3,Job saved,14,0.7368,0.7778
2026-03-09,LinkedIn extension,Finance Analyst,4,Prep plan generated,11,0.5789,0.7857
2026-03-09,LinkedIn extension,Finance Analyst,5,First note completed,11,0.5789,1.0
2026-03-09,LinkedIn extension,Finance Analyst,6,Exam submitted,8,0.4211,0.7273
2026-03-09,LinkedIn extension,Finance Analyst,7,Mock interview completed,3,0.1579,0.375
2026-03-09,LinkedIn extension,Product Manager,1,Account created,21,1.0,1.0
2026-03-09,LinkedIn extension,Product Manager,2,Logged in,19,0.9048,0.9048
2026-03-09,LinkedIn extension,Product Manager,3,Job saved,12,0.5714,0.6316
2026-03-09,LinkedIn extension,Product Manager,4,Prep plan generated,8,0.381,0.6667
2026-03-09,LinkedIn extension,Product Manager,5,First note completed,8,0.381,1.0
2026-03-09,LinkedIn extension,Product Manager,6,Exam submitted,6,0.2857,0.75
2026-03-09,LinkedIn extension,Product Manager,7,Mock interview completed,1,0.0476,0.1667
2026-03-09,LinkedIn extension,Software Engineer,1,Account created,21,1.0,1.0
2026-03-09,LinkedIn extension,Software Engineer,2,Logged in,20,0.9524,0.9524
2026-03-09,LinkedIn extension,Software Engineer,3,Job saved,13,0.619,0.65
2026-03-09,LinkedIn extension,Software Engineer,4,Prep plan generated,6,0.2857,0.4615
2026-03-09,LinkedIn extension,Software Engineer,5,First note completed,6,0.2857,1.0
2026-03-09,LinkedIn extension,Software Engineer,6,Exam submitted,6,0.2857,1.0
2026-03-09,LinkedIn extension,Software Engineer,7,Mock interview completed,2,0.0952,0.3333
2026-03-09,LinkedIn extension,UX Designer,1,Account created,19,1.0,1.0
2026-03-09,LinkedIn extension,UX Designer,2,Logged in,19,1.0,1.0
2026-03-09,LinkedIn extension,UX Designer,3,Job saved,14,0.7368,0.7368
2026-03-09,LinkedIn extension,UX Designer,4,Prep plan generated,9,0.4737,0.6429
2026-03-09,LinkedIn extension,UX Designer,5,First note completed,9,0.4737,1.0
2026-03-09,LinkedIn extension,UX Designer,6,Exam submitted,7,0.3684,0.7778
2026-03-09,LinkedIn extension,UX Designer,7,Mock interview completed,2,0.1053,0.2857
2026-03-09,Manual paste,Data Analyst,1,Account created,21,1.0,1.0
2026-03-09,Manual paste,Data Analyst,2,Logged in,20,0.9524,0.9524
2026-03-09,Manual paste,Data Analyst,3,Job saved,13,0.619,0.65
2026-03-09,Manual paste,Data Analyst,4,Prep plan generated,9,0.4286,0.6923
2026-03-09,Manual paste,Data Analyst,5,First note completed,9,0.4286,1.0
2026-03-09,Manual paste,Data Analyst,6,Exam submitted,5,0.2381,0.5556
2026-03-09,Manual paste,Data Analyst,7,Mock interview completed,1,0.0476,0.2
2026-03-09,Manual paste,Finance Analyst,1,Account created,10,1.0,1.0
2026-03-09,Manual paste,Finance Analyst,2,Logged in,8,0.8,0.8
2026-03-09,Manual paste,Finance Analyst,3,Job saved,6,0.6,0.75
2026-03-09,Manual paste,Finance Analyst,4,Prep plan generated,4,0.4,0.6667
2026-03-09,Manual paste,Finance Analyst,5,First note completed,4,0.4,1.0
2026-03-09,Manual paste,Finance Analyst,6,Exam submitted,3,0.3,0.75
2026-03-09,Manual paste,Finance Analyst,7,Mock interview completed,2,0.2,0.6667
2026-03-09,Manual paste,Product Manager,1,Account created,12,1.0,1.0
2026-03-09,Manual paste,Product Manager,2,Logged in,9,0.75,0.75
2026-03-09,Manual paste,Product Manager,3,Job saved,6,0.5,0.6667
2026-03-09,Manual paste,Product Manager,4,Prep plan generated,4,0.3333,0.6667
2026-03-09,Manual paste,Product Manager,5,First note completed,4,0.3333,1.0
2026-03-09,Manual paste,Product Manager,6,Exam submitted,2,0.1667,0.5
2026-03-09,Manual paste,Product Manager,7,Mock interview completed,0,0.0,0.0
2026-03-09,Manual paste,Software Engineer,1,Account created,14,1.0,1.0
2026-03-09,Manual paste,Software Engineer,2,Logged in,12,0.8571,0.8571
2026-03-09,Manual paste,Software Engineer,3,Job saved,7,0.5,0.5833
2026-03-09,Manual paste,Software Engineer,4,Prep plan generated,6,0.4286,0.8571
2026-03-09,Manual paste,Software Engineer,5,First note completed,6,0.4286,1.0
2026-03-09,Manual paste,Software Engineer,6,Exam submitted,4,0.2857,0.6667
2026-03-09,Manual paste,Software Engineer,7,Mock interview completed,3,0.2143,0.75
2026-03-09,Manual paste,UX Designer,1,Account created,16,1.0,1.0
2026-03-09,Manual paste,UX Designer,2,Logged in,13,0.8125,0.8125
2026-03-09,Manual paste,UX Designer,3,Job saved,8,0.5,0.6154
2026-03-09,Manual paste,UX Designer,4,Prep plan generated,4,0.25,0.5
2026-03-09,Manual paste,UX Designer,5,First note completed,4,0.25,1.0
2026-03-09,Manual paste,UX Designer,6,Exam submitted,3,0.1875,0.75
2026-03-09,Manual paste,UX Designer,7,Mock interview completed,1,0.0625,0.3333
2026-03-16,Company career site,Data Analyst,1,Account created,15,1.0,1.0
2026-03-16,Company career site,Data Analyst,2,Logged in,14,0.9333,0.9333
2026-03-16,Company career site,Data Analyst,3,Job saved,11,0.7333,0.7857
2026-03-16,Company career site,Data Analyst,4,Prep plan generated,7,0.4667,0.6364
2026-03-16,Company career site,Data Analyst,5,First note completed,7,0.4667,1.0
2026-03-16,Company career site,Data Analyst,6,Exam submitted,6,0.4,0.8571
2026-03-16,Company career site,Data Analyst,7,Mock interview completed,2,0.1333,0.3333
2026-03-16,Company career site,Finance Analyst,1,Account created,15,1.0,1.0
2026-03-16,Company career site,Finance Analyst,2,Logged in,13,0.8667,0.8667
2026-03-16,Company career site,Finance Analyst,3,Job saved,6,0.4,0.4615
2026-03-16,Company career site,Finance Analyst,4,Prep plan generated,5,0.3333,0.8333
2026-03-16,Company career site,Finance Analyst,5,First note completed,5,0.3333,1.0
2026-03-16,Company career site,Finance Analyst,6,Exam submitted,4,0.2667,0.8
2026-03-16,Company career site,Finance Analyst,7,Mock interview completed,1,0.0667,0.25
2026-03-16,Company career site,Product Manager,1,Account created,4,1.0,1.0
2026-03-16,Company career site,Product Manager,2,Logged in,4,1.0,1.0
2026-03-16,Company career site,Product Manager,3,Job saved,2,0.5,0.5
2026-03-16,Company career site,Product Manager,4,Prep plan generated,1,0.25,0.5
2026-03-16,Company career site,Product Manager,5,First note completed,1,0.25,1.0
2026-03-16,Company career site,Product Manager,6,Exam submitted,1,0.25,1.0
2026-03-16,Company career site,Product Manager,7,Mock interview completed,1,0.25,1.0
2026-03-16,Company career site,Software Engineer,1,Account created,12,1.0,1.0
2026-03-16,Company career site,Software Engineer,2,Logged in,10,0.8333,0.8333
2026-03-16,Company career site,Software Engineer,3,Job saved,5,0.4167,0.5
2026-03-16,Company career site,Software Engineer,4,Prep plan generated,4,0.3333,0.8
2026-03-16,Company career site,Software Engineer,5,First note completed,4,0.3333,1.0
2026-03-16,Company career site,Software Engineer,6,Exam submitted,3,0.25,0.75
2026-03-16,Company career site,Software Engineer,7,Mock interview completed,1,0.0833,0.3333
2026-03-16,Company career site,UX Designer,1,Account created,17,1.0,1.0
2026-03-16,Company career site,UX Designer,2,Logged in,17,1.0,1.0
2026-03-16,Company career site,UX Designer,3,Job saved,11,0.6471,0.6471
2026-03-16,Company career site,UX Designer,4,Prep plan generated,7,0.4118,0.6364
2026-03-16,Company career site,UX Designer,5,First note completed,7,0.4118,1.0
2026-03-16,Company career site,UX Designer,6,Exam submitted,7,0.4118,1.0
2026-03-16,Company career site,UX Designer,7,Mock interview completed,3,0.1765,0.4286
2026-03-16,Handshake extension,Data Analyst,1,Account created,17,1.0,1.0
2026-03-16,Handshake extension,Data Analyst,2,Logged in,17,1.0,1.0
2026-03-16,Handshake extension,Data Analyst,3,Job saved,9,0.5294,0.5294
2026-03-16,Handshake extension,Data Analyst,4,Prep plan generated,8,0.4706,0.8889
2026-03-16,Handshake extension,Data Analyst,5,First note completed,8,0.4706,1.0
2026-03-16,Handshake extension,Data Analyst,6,Exam submitted,6,0.3529,0.75
2026-03-16,Handshake extension,Data Analyst,7,Mock interview completed,5,0.2941,0.8333
2026-03-16,Handshake extension,Finance Analyst,1,Account created,12,1.0,1.0
2026-03-16,Handshake extension,Finance Analyst,2,Logged in,10,0.8333,0.8333
2026-03-16,Handshake extension,Finance Analyst,3,Job saved,7,0.5833,0.7
2026-03-16,Handshake extension,Finance Analyst,4,Prep plan generated,4,0.3333,0.5714
2026-03-16,Handshake extension,Finance Analyst,5,First note completed,4,0.3333,1.0
2026-03-16,Handshake extension,Finance Analyst,6,Exam submitted,3,0.25,0.75
2026-03-16,Handshake extension,Finance Analyst,7,Mock interview completed,2,0.1667,0.6667
2026-03-16,Handshake extension,Product Manager,1,Account created,17,1.0,1.0
2026-03-16,Handshake extension,Product Manager,2,Logged in,16,0.9412,0.9412
2026-03-16,Handshake extension,Product Manager,3,Job saved,12,0.7059,0.75
2026-03-16,Handshake extension,Product Manager,4,Prep plan generated,11,0.6471,0.9167
2026-03-16,Handshake extension,Product Manager,5,First note completed,11,0.6471,1.0
2026-03-16,Handshake extension,Product Manager,6,Exam submitted,9,0.5294,0.8182
2026-03-16,Handshake extension,Product Manager,7,Mock interview completed,3,0.1765,0.3333
2026-03-16,Handshake extension,Software Engineer,1,Account created,14,1.0,1.0
2026-03-16,Handshake extension,Software Engineer,2,Logged in,10,0.7143,0.7143
2026-03-16,Handshake extension,Software Engineer,3,Job saved,9,0.6429,0.9
2026-03-16,Handshake extension,Software Engineer,4,Prep plan generated,8,0.5714,0.8889
2026-03-16,Handshake extension,Software Engineer,5,First note completed,8,0.5714,1.0
2026-03-16,Handshake extension,Software Engineer,6,Exam submitted,6,0.4286,0.75
2026-03-16,Handshake extension,Software Engineer,7,Mock interview completed,3,0.2143,0.5
2026-03-16,Handshake extension,UX Designer,1,Account created,16,1.0,1.0
2026-03-16,Handshake extension,UX Designer,2,Logged in,13,0.8125,0.8125
2026-03-16,Handshake extension,UX Designer,3,Job saved,10,0.625,0.7692
2026-03-16,Handshake extension,UX Designer,4,Prep plan generated,6,0.375,0.6
2026-03-16,Handshake extension,UX Designer,5,First note completed,6,0.375,1.0
2026-03-16,Handshake extension,UX Designer,6,Exam submitted,5,0.3125,0.8333
2026-03-16,Handshake extension,UX Designer,7,Mock interview completed,1,0.0625,0.2
2026-03-16,LinkedIn extension,Data Analyst,1,Account created,25,1.0,1.0
2026-03-16,LinkedIn extension,Data Analyst,2,Logged in,23,0.92,0.92
2026-03-16,LinkedIn extension,Data Analyst,3,Job saved,18,0.72,0.7826
2026-03-16,LinkedIn extension,Data Analyst,4,Prep plan generated,11,0.44,0.6111
2026-03-16,LinkedIn extension,Data Analyst,5,First note completed,11,0.44,1.0
2026-03-16,LinkedIn extension,Data Analyst,6,Exam submitted,7,0.28,0.6364
2026-03-16,LinkedIn extension,Data Analyst,7,Mock interview completed,4,0.16,0.5714
2026-03-16,LinkedIn extension,Finance Analyst,1,Account created,23,1.0,1.0
2026-03-16,LinkedIn extension,Finance Analyst,2,Logged in,21,0.913,0.913
2026-03-16,LinkedIn extension,Finance Analyst,3,Job saved,15,0.6522,0.7143
2026-03-16,LinkedIn extension,Finance Analyst,4,Prep plan generated,10,0.4348,0.6667
2026-03-16,LinkedIn extension,Finance Analyst,5,First note completed,10,0.4348,1.0
2026-03-16,LinkedIn extension,Finance Analyst,6,Exam submitted,6,0.2609,0.6
2026-03-16,LinkedIn extension,Finance Analyst,7,Mock interview completed,2,0.087,0.3333
2026-03-16,LinkedIn extension,Product Manager,1,Account created,23,1.0,1.0
2026-03-16,LinkedIn extension,Product Manager,2,Logged in,22,0.9565,0.9565
2026-03-16,LinkedIn extension,Product Manager,3,Job saved,15,0.6522,0.6818
2026-03-16,LinkedIn extension,Product Manager,4,Prep plan generated,14,0.6087,0.9333
2026-03-16,LinkedIn extension,Product Manager,5,First note completed,14,0.6087,1.0
2026-03-16,LinkedIn extension,Product Manager,6,Exam submitted,13,0.5652,0.9286
2026-03-16,LinkedIn extension,Product Manager,7,Mock interview completed,7,0.3043,0.5385
2026-03-16,LinkedIn extension,Software Engineer,1,Account created,18,1.0,1.0
2026-03-16,LinkedIn extension,Software Engineer,2,Logged in,16,0.8889,0.8889
2026-03-16,LinkedIn extension,Software Engineer,3,Job saved,8,0.4444,0.5
2026-03-16,LinkedIn extension,Software Engineer,4,Prep plan generated,6,0.3333,0.75
2026-03-16,LinkedIn extension,Software Engineer,5,First note completed,6,0.3333,1.0
2026-03-16,LinkedIn extension,Software Engineer,6,Exam submitted,4,0.2222,0.6667
2026-03-16,LinkedIn extension,Software Engineer,7,Mock interview completed,1,0.0556,0.25
2026-03-16,LinkedIn extension,UX Designer,1,Account created,24,1.0,1.0
2026-03-16,LinkedIn extension,UX Designer,2,Logged in,24,1.0,1.0
2026-03-16,LinkedIn extension,UX Designer,3,Job saved,15,0.625,0.625
2026-03-16,LinkedIn extension,UX Designer,4,Prep plan generated,11,0.4583,0.7333
2026-03-16,LinkedIn extension,UX Designer,5,First note completed,11,0.4583,1.0
2026-03-16,LinkedIn extension,UX Designer,6,Exam submitted,8,0.3333,0.7273
2026-03-16,LinkedIn extension,UX Designer,7,Mock interview completed,2,0.0833,0.25
2026-03-16,Manual paste,Data Analyst,1,Account created,14,1.0,1.0
2026-03-16,Manual paste,Data Analyst,2,Logged in,9,0.6429,0.6429
2026-03-16,Manual paste,Data Analyst,3,Job saved,7,0.5,0.7778
2026-03-16,Manual paste,Data Analyst,4,Prep plan generated,3,0.2143,0.4286
2026-03-16,Manual paste,Data Analyst,5,First note completed,3,0.2143,1.0
2026-03-16,Manual paste,Data Analyst,6,Exam submitted,3,0.2143,1.0
2026-03-16,Manual paste,Data Analyst,7,Mock interview completed,3,0.2143,1.0
2026-03-16,Manual paste,Finance Analyst,1,Account created,24,1.0,1.0
2026-03-16,Manual paste,Finance Analyst,2,Logged in,23,0.9583,0.9583
2026-03-16,Manual paste,Finance Analyst,3,Job saved,14,0.5833,0.6087
2026-03-16,Manual paste,Finance Analyst,4,Prep plan generated,11,0.4583,0.7857
2026-03-16,Manual paste,Finance Analyst,5,First note completed,11,0.4583,1.0
2026-03-16,Manual paste,Finance Analyst,6,Exam submitted,8,0.3333,0.7273
2026-03-16,Manual paste,Finance Analyst,7,Mock interview completed,2,0.0833,0.25
2026-03-16,Manual paste,Product Manager,1,Account created,10,1.0,1.0
2026-03-16,Manual paste,Product Manager,2,Logged in,10,1.0,1.0
2026-03-16,Manual paste,Product Manager,3,Job saved,6,0.6,0.6
2026-03-16,Manual paste,Product Manager,4,Prep plan generated,3,0.3,0.5
2026-03-16,Manual paste,Product Manager,5,First note completed,3,0.3,1.0
2026-03-16,Manual paste,Product Manager,6,Exam submitted,1,0.1,0.3333
2026-03-16,Manual paste,Product Manager,7,Mock interview completed,0,0.0,0.0
2026-03-16,Manual paste,Software Engineer,1,Account created,21,1.0,1.0
2026-03-16,Manual paste,Software Engineer,2,Logged in,17,0.8095,0.8095
2026-03-16,Manual paste,Software Engineer,3,Job saved,7,0.3333,0.4118
2026-03-16,Manual paste,Software Engineer,4,Prep plan generated,3,0.1429,0.4286
2026-03-16,Manual paste,Software Engineer,5,First note completed,3,0.1429,1.0
2026-03-16,Manual paste,Software Engineer,6,Exam submitted,2,0.0952,0.6667
2026-03-16,Manual paste,Software Engineer,7,Mock interview completed,0,0.0,0.0
2026-03-16,Manual paste,UX Designer,1,Account created,13,1.0,1.0
2026-03-16,Manual paste,UX Designer,2,Logged in,11,0.8462,0.8462
2026-03-16,Manual paste,UX Designer,3,Job saved,8,0.6154,0.7273
2026-03-16,Manual paste,UX Designer,4,Prep plan generated,7,0.5385,0.875
2026-03-16,Manual paste,UX Designer,5,First note completed,7,0.5385,1.0
2026-03-16,Manual paste,UX Designer,6,Exam submitted,4,0.3077,0.5714
2026-03-16,Manual paste,UX Designer,7,Mock interview completed,1,0.0769,0.25
2026-03-23,Company career site,Data Analyst,1,Account created,6,1.0,1.0
2026-03-23,Company career site,Data Analyst,2,Logged in,5,0.8333,0.8333
2026-03-23,Company career site,Data Analyst,3,Job saved,3,0.5,0.6
2026-03-23,Company career site,Data Analyst,4,Prep plan generated,3,0.5,1.0
2026-03-23,Company career site,Data Analyst,5,First note completed,3,0.5,1.0
2026-03-23,Company career site,Data Analyst,6,Exam submitted,1,0.1667,0.3333
2026-03-23,Company career site,Data Analyst,7,Mock interview completed,0,0.0,0.0
2026-03-23,Company career site,Finance Analyst,1,Account created,14,1.0,1.0
2026-03-23,Company career site,Finance Analyst,2,Logged in,14,1.0,1.0
2026-03-23,Company career site,Finance Analyst,3,Job saved,8,0.5714,0.5714
2026-03-23,Company career site,Finance Analyst,4,Prep plan generated,5,0.3571,0.625
2026-03-23,Company career site,Finance Analyst,5,First note completed,4,0.2857,0.8
2026-03-23,Company career site,Finance Analyst,6,Exam submitted,4,0.2857,1.0
2026-03-23,Company career site,Finance Analyst,7,Mock interview completed,0,0.0,0.0
2026-03-23,Company career site,Product Manager,1,Account created,16,1.0,1.0
2026-03-23,Company career site,Product Manager,2,Logged in,16,1.0,1.0
2026-03-23,Company career site,Product Manager,3,Job saved,11,0.6875,0.6875
2026-03-23,Company career site,Product Manager,4,Prep plan generated,10,0.625,0.9091
2026-03-23,Company career site,Product Manager,5,First note completed,10,0.625,1.0
2026-03-23,Company career site,Product Manager,6,Exam submitted,6,0.375,0.6
2026-03-23,Company career site,Product Manager,7,Mock interview completed,1,0.0625,0.1667
2026-03-23,Company career site,Software Engineer,1,Account created,13,1.0,1.0
2026-03-23,Company career site,Software Engineer,2,Logged in,12,0.9231,0.9231
2026-03-23,Company career site,Software Engineer,3,Job saved,3,0.2308,0.25
2026-03-23,Company career site,Software Engineer,4,Prep plan generated,3,0.2308,1.0
2026-03-23,Company career site,Software Engineer,5,First note completed,3,0.2308,1.0
2026-03-23,Company career site,Software Engineer,6,Exam submitted,2,0.1538,0.6667
2026-03-23,Company career site,Software Engineer,7,Mock interview completed,1,0.0769,0.5
2026-03-23,Company career site,UX Designer,1,Account created,9,1.0,1.0
2026-03-23,Company career site,UX Designer,2,Logged in,9,1.0,1.0
2026-03-23,Company career site,UX Designer,3,Job saved,6,0.6667,0.6667
2026-03-23,Company career site,UX Designer,4,Prep plan generated,3,0.3333,0.5
2026-03-23,Company career site,UX Designer,5,First note completed,3,0.3333,1.0
2026-03-23,Company career site,UX Designer,6,Exam submitted,3,0.3333,1.0
2026-03-23,Company career site,UX Designer,7,Mock interview completed,2,0.2222,0.6667
2026-03-23,Handshake extension,Data Analyst,1,Account created,10,1.0,1.0
2026-03-23,Handshake extension,Data Analyst,2,Logged in,10,1.0,1.0
2026-03-23,Handshake extension,Data Analyst,3,Job saved,6,0.6,0.6
2026-03-23,Handshake extension,Data Analyst,4,Prep plan generated,4,0.4,0.6667
2026-03-23,Handshake extension,Data Analyst,5,First note completed,4,0.4,1.0
2026-03-23,Handshake extension,Data Analyst,6,Exam submitted,3,0.3,0.75
2026-03-23,Handshake extension,Data Analyst,7,Mock interview completed,1,0.1,0.3333
2026-03-23,Handshake extension,Finance Analyst,1,Account created,21,1.0,1.0
2026-03-23,Handshake extension,Finance Analyst,2,Logged in,21,1.0,1.0
2026-03-23,Handshake extension,Finance Analyst,3,Job saved,17,0.8095,0.8095
2026-03-23,Handshake extension,Finance Analyst,4,Prep plan generated,14,0.6667,0.8235
2026-03-23,Handshake extension,Finance Analyst,5,First note completed,14,0.6667,1.0
2026-03-23,Handshake extension,Finance Analyst,6,Exam submitted,9,0.4286,0.6429
2026-03-23,Handshake extension,Finance Analyst,7,Mock interview completed,4,0.1905,0.4444
2026-03-23,Handshake extension,Product Manager,1,Account created,22,1.0,1.0
2026-03-23,Handshake extension,Product Manager,2,Logged in,22,1.0,1.0
2026-03-23,Handshake extension,Product Manager,3,Job saved,14,0.6364,0.6364
2026-03-23,Handshake extension,Product Manager,4,Prep plan generated,12,0.5455,0.8571
2026-03-23,Handshake extension,Product Manager,5,First note completed,12,0.5455,1.0
2026-03-23,Handshake extension,Product Manager,6,Exam submitted,8,0.3636,0.6667
2026-03-23,Handshake extension,Product Manager,7,Mock interview completed,4,0.1818,0.5
2026-03-23,Handshake extension,Software Engineer,1,Account created,16,1.0,1.0
2026-03-23,Handshake extension,Software Engineer,2,Logged in,16,1.0,1.0
2026-03-23,Handshake extension,Software Engineer,3,Job saved,12,0.75,0.75
2026-03-23,Handshake extension,Software Engineer,4,Prep plan generated,8,0.5,0.6667
2026-03-23,Handshake extension,Software Engineer,5,First note completed,8,0.5,1.0
2026-03-23,Handshake extension,Software Engineer,6,Exam submitted,6,0.375,0.75
2026-03-23,Handshake extension,Software Engineer,7,Mock interview completed,3,0.1875,0.5
2026-03-23,Handshake extension,UX Designer,1,Account created,16,1.0,1.0
2026-03-23,Handshake extension,UX Designer,2,Logged in,16,1.0,1.0
2026-03-23,Handshake extension,UX Designer,3,Job saved,13,0.8125,0.8125
2026-03-23,Handshake extension,UX Designer,4,Prep plan generated,6,0.375,0.4615
2026-03-23,Handshake extension,UX Designer,5,First note completed,6,0.375,1.0
2026-03-23,Handshake extension,UX Designer,6,Exam submitted,5,0.3125,0.8333
2026-03-23,Handshake extension,UX Designer,7,Mock interview completed,1,0.0625,0.2
2026-03-23,LinkedIn extension,Data Analyst,1,Account created,18,1.0,1.0
2026-03-23,LinkedIn extension,Data Analyst,2,Logged in,17,0.9444,0.9444
2026-03-23,LinkedIn extension,Data Analyst,3,Job saved,11,0.6111,0.6471
2026-03-23,LinkedIn extension,Data Analyst,4,Prep plan generated,6,0.3333,0.5455
2026-03-23,LinkedIn extension,Data Analyst,5,First note completed,6,0.3333,1.0
2026-03-23,LinkedIn extension,Data Analyst,6,Exam submitted,2,0.1111,0.3333
2026-03-23,LinkedIn extension,Data Analyst,7,Mock interview completed,1,0.0556,0.5
2026-03-23,LinkedIn extension,Finance Analyst,1,Account created,25,1.0,1.0
2026-03-23,LinkedIn extension,Finance Analyst,2,Logged in,24,0.96,0.96
2026-03-23,LinkedIn extension,Finance Analyst,3,Job saved,17,0.68,0.7083
2026-03-23,LinkedIn extension,Finance Analyst,4,Prep plan generated,13,0.52,0.7647
2026-03-23,LinkedIn extension,Finance Analyst,5,First note completed,13,0.52,1.0
2026-03-23,LinkedIn extension,Finance Analyst,6,Exam submitted,8,0.32,0.6154
2026-03-23,LinkedIn extension,Finance Analyst,7,Mock interview completed,2,0.08,0.25
2026-03-23,LinkedIn extension,Product Manager,1,Account created,24,1.0,1.0
2026-03-23,LinkedIn extension,Product Manager,2,Logged in,23,0.9583,0.9583
2026-03-23,LinkedIn extension,Product Manager,3,Job saved,17,0.7083,0.7391
2026-03-23,LinkedIn extension,Product Manager,4,Prep plan generated,11,0.4583,0.6471
2026-03-23,LinkedIn extension,Product Manager,5,First note completed,11,0.4583,1.0
2026-03-23,LinkedIn extension,Product Manager,6,Exam submitted,7,0.2917,0.6364
2026-03-23,LinkedIn extension,Product Manager,7,Mock interview completed,4,0.1667,0.5714
2026-03-23,LinkedIn extension,Software Engineer,1,Account created,18,1.0,1.0
2026-03-23,LinkedIn extension,Software Engineer,2,Logged in,17,0.9444,0.9444
2026-03-23,LinkedIn extension,Software Engineer,3,Job saved,12,0.6667,0.7059
2026-03-23,LinkedIn extension,Software Engineer,4,Prep plan generated,9,0.5,0.75
2026-03-23,LinkedIn extension,Software Engineer,5,First note completed,9,0.5,1.0
2026-03-23,LinkedIn extension,Software Engineer,6,Exam submitted,7,0.3889,0.7778
2026-03-23,LinkedIn extension,Software Engineer,7,Mock interview completed,2,0.1111,0.2857
2026-03-23,LinkedIn extension,UX Designer,1,Account created,24,1.0,1.0
2026-03-23,LinkedIn extension,UX Designer,2,Logged in,23,0.9583,0.9583
2026-03-23,LinkedIn extension,UX Designer,3,Job saved,16,0.6667,0.6957
2026-03-23,LinkedIn extension,UX Designer,4,Prep plan generated,13,0.5417,0.8125
2026-03-23,LinkedIn extension,UX Designer,5,First note completed,13,0.5417,1.0
2026-03-23,LinkedIn extension,UX Designer,6,Exam submitted,8,0.3333,0.6154
2026-03-23,LinkedIn extension,UX Designer,7,Mock interview completed,3,0.125,0.375
2026-03-23,Manual paste,Data Analyst,1,Account created,16,1.0,1.0
2026-03-23,Manual paste,Data Analyst,2,Logged in,13,0.8125,0.8125
2026-03-23,Manual paste,Data Analyst,3,Job saved,9,0.5625,0.6923
2026-03-23,Manual paste,Data Analyst,4,Prep plan generated,5,0.3125,0.5556
2026-03-23,Manual paste,Data Analyst,5,First note completed,5,0.3125,1.0
2026-03-23,Manual paste,Data Analyst,6,Exam submitted,5,0.3125,1.0
2026-03-23,Manual paste,Data Analyst,7,Mock interview completed,2,0.125,0.4
2026-03-23,Manual paste,Finance Analyst,1,Account created,18,1.0,1.0
2026-03-23,Manual paste,Finance Analyst,2,Logged in,16,0.8889,0.8889
2026-03-23,Manual paste,Finance Analyst,3,Job saved,10,0.5556,0.625
2026-03-23,Manual paste,Finance Analyst,4,Prep plan generated,8,0.4444,0.8
2026-03-23,Manual paste,Finance Analyst,5,First note completed,8,0.4444,1.0
2026-03-23,Manual paste,Finance Analyst,6,Exam submitted,6,0.3333,0.75
2026-03-23,Manual paste,Finance Analyst,7,Mock interview completed,1,0.0556,0.1667
2026-03-23,Manual paste,Product Manager,1,Account created,14,1.0,1.0
2026-03-23,Manual paste,Product Manager,2,Logged in,11,0.7857,0.7857
2026-03-23,Manual paste,Product Manager,3,Job saved,7,0.5,0.6364
2026-03-23,Manual paste,Product Manager,4,Prep plan generated,5,0.3571,0.7143
2026-03-23,Manual paste,Product Manager,5,First note completed,5,0.3571,1.0
2026-03-23,Manual paste,Product Manager,6,Exam submitted,3,0.2143,0.6
2026-03-23,Manual paste,Product Manager,7,Mock interview completed,0,0.0,0.0
2026-03-23,Manual paste,Software Engineer,1,Account created,20,1.0,1.0
2026-03-23,Manual paste,Software Engineer,2,Logged in,16,0.8,0.8
2026-03-23,Manual paste,Software Engineer,3,Job saved,8,0.4,0.5
2026-03-23,Manual paste,Software Engineer,4,Prep plan generated,4,0.2,0.5
2026-03-23,Manual paste,Software Engineer,5,First note completed,4,0.2,1.0
2026-03-23,Manual paste,Software Engineer,6,Exam submitted,3,0.15,0.75
2026-03-23,Manual paste,Software Engineer,7,Mock interview completed,1,0.05,0.3333
2026-03-23,Manual paste,UX Designer,1,Account created,14,1.0,1.0
2026-03-23,Manual paste,UX Designer,2,Logged in,13,0.9286,0.9286
2026-03-23,Manual paste,UX Designer,3,Job saved,7,0.5,0.5385
2026-03-23,Manual paste,UX Designer,4,Prep plan generated,6,0.4286,0.8571
2026-03-23,Manual paste,UX Designer,5,First note completed,6,0.4286,1.0
2026-03-23,Manual paste,UX Designer,6,Exam submitted,4,0.2857,0.6667
2026-03-23,Manual paste,UX Designer,7,Mock interview completed,1,0.0714,0.25
2026-03-30,Company career site,Data Analyst,1,Account created,10,1.0,1.0
2026-03-30,Company career site,Data Analyst,2,Logged in,8,0.8,0.8
2026-03-30,Company career site,Data Analyst,3,Job saved,8,0.8,1.0
2026-03-30,Company career site,Data Analyst,4,Prep plan generated,6,0.6,0.75
2026-03-30,Company career site,Data Analyst,5,First note completed,6,0.6,1.0
2026-03-30,Company career site,Data Analyst,6,Exam submitted,4,0.4,0.6667
2026-03-30,Company career site,Data Analyst,7,Mock interview completed,4,0.4,1.0
2026-03-30,Company career site,Finance Analyst,1,Account created,10,1.0,1.0
2026-03-30,Company career site,Finance Analyst,2,Logged in,8,0.8,0.8
2026-03-30,Company career site,Finance Analyst,3,Job saved,5,0.5,0.625
2026-03-30,Company career site,Finance Analyst,4,Prep plan generated,4,0.4,0.8
2026-03-30,Company career site,Finance Analyst,5,First note completed,4,0.4,1.0
2026-03-30,Company career site,Finance Analyst,6,Exam submitted,2,0.2,0.5
2026-03-30,Company career site,Finance Analyst,7,Mock interview completed,1,0.1,0.5
2026-03-30,Company career site,Product Manager,1,Account created,12,1.0,1.0
2026-03-30,Company career site,Product Manager,2,Logged in,8,0.6667,0.6667
2026-03-30,Company career site,Product Manager,3,Job saved,5,0.4167,0.625
2026-03-30,Company career site,Product Manager,4,Prep plan generated,4,0.3333,0.8
2026-03-30,Company career site,Product Manager,5,First note completed,4,0.3333,1.0
2026-03-30,Company career site,Product Manager,6,Exam submitted,2,0.1667,0.5
2026-03-30,Company career site,Product Manager,7,Mock interview completed,1,0.0833,0.5
2026-03-30,Company career site,Software Engineer,1,Account created,10,1.0,1.0
2026-03-30,Company career site,Software Engineer,2,Logged in,9,0.9,0.9
2026-03-30,Company career site,Software Engineer,3,Job saved,5,0.5,0.5556
2026-03-30,Company career site,Software Engineer,4,Prep plan generated,5,0.5,1.0
2026-03-30,Company career site,Software Engineer,5,First note completed,5,0.5,1.0
2026-03-30,Company career site,Software Engineer,6,Exam submitted,4,0.4,0.8
2026-03-30,Company career site,Software Engineer,7,Mock interview completed,3,0.3,0.75
2026-03-30,Company career site,UX Designer,1,Account created,11,1.0,1.0
2026-03-30,Company career site,UX Designer,2,Logged in,10,0.9091,0.9091
2026-03-30,Company career site,UX Designer,3,Job saved,6,0.5455,0.6
2026-03-30,Company career site,UX Designer,4,Prep plan generated,2,0.1818,0.3333
2026-03-30,Company career site,UX Designer,5,First note completed,2,0.1818,1.0
2026-03-30,Company career site,UX Designer,6,Exam submitted,2,0.1818,1.0
2026-03-30,Company career site,UX Designer,7,Mock interview completed,0,0.0,0.0
2026-03-30,Handshake extension,Data Analyst,1,Account created,19,1.0,1.0
2026-03-30,Handshake extension,Data Analyst,2,Logged in,18,0.9474,0.9474
2026-03-30,Handshake extension,Data Analyst,3,Job saved,13,0.6842,0.7222
2026-03-30,Handshake extension,Data Analyst,4,Prep plan generated,10,0.5263,0.7692
2026-03-30,Handshake extension,Data Analyst,5,First note completed,10,0.5263,1.0
2026-03-30,Handshake extension,Data Analyst,6,Exam submitted,7,0.3684,0.7
2026-03-30,Handshake extension,Data Analyst,7,Mock interview completed,5,0.2632,0.7143
2026-03-30,Handshake extension,Finance Analyst,1,Account created,17,1.0,1.0
2026-03-30,Handshake extension,Finance Analyst,2,Logged in,15,0.8824,0.8824
2026-03-30,Handshake extension,Finance Analyst,3,Job saved,11,0.6471,0.7333
2026-03-30,Handshake extension,Finance Analyst,4,Prep plan generated,7,0.4118,0.6364
2026-03-30,Handshake extension,Finance Analyst,5,First note completed,7,0.4118,1.0
2026-03-30,Handshake extension,Finance Analyst,6,Exam submitted,6,0.3529,0.8571
2026-03-30,Handshake extension,Finance Analyst,7,Mock interview completed,3,0.1765,0.5
2026-03-30,Handshake extension,Product Manager,1,Account created,17,1.0,1.0
2026-03-30,Handshake extension,Product Manager,2,Logged in,14,0.8235,0.8235
2026-03-30,Handshake extension,Product Manager,3,Job saved,11,0.6471,0.7857
2026-03-30,Handshake extension,Product Manager,4,Prep plan generated,7,0.4118,0.6364
2026-03-30,Handshake extension,Product Manager,5,First note completed,7,0.4118,1.0
2026-03-30,Handshake extension,Product Manager,6,Exam submitted,5,0.2941,0.7143
2026-03-30,Handshake extension,Product Manager,7,Mock interview completed,3,0.1765,0.6
2026-03-30,Handshake extension,Software Engineer,1,Account created,20,1.0,1.0
2026-03-30,Handshake extension,Software Engineer,2,Logged in,19,0.95,0.95
2026-03-30,Handshake extension,Software Engineer,3,Job saved,18,0.9,0.9474
2026-03-30,Handshake extension,Software Engineer,4,Prep plan generated,11,0.55,0.6111
2026-03-30,Handshake extension,Software Engineer,5,First note completed,11,0.55,1.0
2026-03-30,Handshake extension,Software Engineer,6,Exam submitted,9,0.45,0.8182
2026-03-30,Handshake extension,Software Engineer,7,Mock interview completed,3,0.15,0.3333
2026-03-30,Handshake extension,UX Designer,1,Account created,10,1.0,1.0
2026-03-30,Handshake extension,UX Designer,2,Logged in,10,1.0,1.0
2026-03-30,Handshake extension,UX Designer,3,Job saved,6,0.6,0.6
2026-03-30,Handshake extension,UX Designer,4,Prep plan generated,3,0.3,0.5
2026-03-30,Handshake extension,UX Designer,5,First note completed,3,0.3,1.0
2026-03-30,Handshake extension,UX Designer,6,Exam submitted,3,0.3,1.0
2026-03-30,Handshake extension,UX Designer,7,Mock interview completed,1,0.1,0.3333
2026-03-30,LinkedIn extension,Data Analyst,1,Account created,24,1.0,1.0
2026-03-30,LinkedIn extension,Data Analyst,2,Logged in,20,0.8333,0.8333
2026-03-30,LinkedIn extension,Data Analyst,3,Job saved,17,0.7083,0.85
2026-03-30,LinkedIn extension,Data Analyst,4,Prep plan generated,14,0.5833,0.8235
2026-03-30,LinkedIn extension,Data Analyst,5,First note completed,14,0.5833,1.0
2026-03-30,LinkedIn extension,Data Analyst,6,Exam submitted,12,0.5,0.8571
2026-03-30,LinkedIn extension,Data Analyst,7,Mock interview completed,4,0.1667,0.3333
2026-03-30,LinkedIn extension,Finance Analyst,1,Account created,22,1.0,1.0
2026-03-30,LinkedIn extension,Finance Analyst,2,Logged in,19,0.8636,0.8636
2026-03-30,LinkedIn extension,Finance Analyst,3,Job saved,12,0.5455,0.6316
2026-03-30,LinkedIn extension,Finance Analyst,4,Prep plan generated,11,0.5,0.9167
2026-03-30,LinkedIn extension,Finance Analyst,5,First note completed,11,0.5,1.0
2026-03-30,LinkedIn extension,Finance Analyst,6,Exam submitted,3,0.1364,0.2727
2026-03-30,LinkedIn extension,Finance Analyst,7,Mock interview completed,2,0.0909,0.6667
2026-03-30,LinkedIn extension,Product Manager,1,Account created,19,1.0,1.0
2026-03-30,LinkedIn extension,Product Manager,2,Logged in,19,1.0,1.0
2026-03-30,LinkedIn extension,Product Manager,3,Job saved,12,0.6316,0.6316
2026-03-30,LinkedIn extension,Product Manager,4,Prep plan generated,10,0.5263,0.8333
2026-03-30,LinkedIn extension,Product Manager,5,First note completed,10,0.5263,1.0
2026-03-30,LinkedIn extension,Product Manager,6,Exam submitted,5,0.2632,0.5
2026-03-30,LinkedIn extension,Product Manager,7,Mock interview completed,2,0.1053,0.4
2026-03-30,LinkedIn extension,Software Engineer,1,Account created,20,1.0,1.0
2026-03-30,LinkedIn extension,Software Engineer,2,Logged in,18,0.9,0.9
2026-03-30,LinkedIn extension,Software Engineer,3,Job saved,13,0.65,0.7222
2026-03-30,LinkedIn extension,Software Engineer,4,Prep plan generated,12,0.6,0.9231
2026-03-30,LinkedIn extension,Software Engineer,5,First note completed,12,0.6,1.0
2026-03-30,LinkedIn extension,Software Engineer,6,Exam submitted,7,0.35,0.5833
2026-03-30,LinkedIn extension,Software Engineer,7,Mock interview completed,4,0.2,0.5714
2026-03-30,LinkedIn extension,UX Designer,1,Account created,33,1.0,1.0
2026-03-30,LinkedIn extension,UX Designer,2,Logged in,29,0.8788,0.8788
2026-03-30,LinkedIn extension,UX Designer,3,Job saved,18,0.5455,0.6207
2026-03-30,LinkedIn extension,UX Designer,4,Prep plan generated,15,0.4545,0.8333
2026-03-30,LinkedIn extension,UX Designer,5,First note completed,15,0.4545,1.0
2026-03-30,LinkedIn extension,UX Designer,6,Exam submitted,12,0.3636,0.8
2026-03-30,LinkedIn extension,UX Designer,7,Mock interview completed,4,0.1212,0.3333
2026-03-30,Manual paste,Data Analyst,1,Account created,17,1.0,1.0
2026-03-30,Manual paste,Data Analyst,2,Logged in,17,1.0,1.0
2026-03-30,Manual paste,Data Analyst,3,Job saved,9,0.5294,0.5294
2026-03-30,Manual paste,Data Analyst,4,Prep plan generated,6,0.3529,0.6667
2026-03-30,Manual paste,Data Analyst,5,First note completed,6,0.3529,1.0
2026-03-30,Manual paste,Data Analyst,6,Exam submitted,5,0.2941,0.8333
2026-03-30,Manual paste,Data Analyst,7,Mock interview completed,1,0.0588,0.2
2026-03-30,Manual paste,Finance Analyst,1,Account created,23,1.0,1.0
2026-03-30,Manual paste,Finance Analyst,2,Logged in,22,0.9565,0.9565
2026-03-30,Manual paste,Finance Analyst,3,Job saved,12,0.5217,0.5455
2026-03-30,Manual paste,Finance Analyst,4,Prep plan generated,11,0.4783,0.9167
2026-03-30,Manual paste,Finance Analyst,5,First note completed,11,0.4783,1.0
2026-03-30,Manual paste,Finance Analyst,6,Exam submitted,6,0.2609,0.5455
2026-03-30,Manual paste,Finance Analyst,7,Mock interview completed,2,0.087,0.3333
2026-03-30,Manual paste,Product Manager,1,Account created,15,1.0,1.0
2026-03-30,Manual paste,Product Manager,2,Logged in,12,0.8,0.8
2026-03-30,Manual paste,Product Manager,3,Job saved,7,0.4667,0.5833
2026-03-30,Manual paste,Product Manager,4,Prep plan generated,4,0.2667,0.5714
2026-03-30,Manual paste,Product Manager,5,First note completed,4,0.2667,1.0
2026-03-30,Manual paste,Product Manager,6,Exam submitted,2,0.1333,0.5
2026-03-30,Manual paste,Product Manager,7,Mock interview completed,0,0.0,0.0
2026-03-30,Manual paste,Software Engineer,1,Account created,26,1.0,1.0
2026-03-30,Manual paste,Software Engineer,2,Logged in,19,0.7308,0.7308
2026-03-30,Manual paste,Software Engineer,3,Job saved,11,0.4231,0.5789
2026-03-30,Manual paste,Software Engineer,4,Prep plan generated,8,0.3077,0.7273
2026-03-30,Manual paste,Software Engineer,5,First note completed,8,0.3077,1.0
2026-03-30,Manual paste,Software Engineer,6,Exam submitted,7,0.2692,0.875
2026-03-30,Manual paste,Software Engineer,7,Mock interview completed,2,0.0769,0.2857
2026-03-30,Manual paste,UX Designer,1,Account created,17,1.0,1.0
2026-03-30,Manual paste,UX Designer,2,Logged in,17,1.0,1.0
2026-03-30,Manual paste,UX Designer,3,Job saved,13,0.7647,0.7647
2026-03-30,Manual paste,UX Designer,4,Prep plan generated,8,0.4706,0.6154
2026-03-30,Manual paste,UX Designer,5,First note completed,8,0.4706,1.0
2026-03-30,Manual paste,UX Designer,6,Exam submitted,5,0.2941,0.625
2026-03-30,Manual paste,UX Designer,7,Mock interview completed,2,0.1176,0.4
2026-04-06,Company career site,Data Analyst,1,Account created,10,1.0,1.0
2026-04-06,Company career site,Data Analyst,2,Logged in,9,0.9,0.9
2026-04-06,Company career site,Data Analyst,3,Job saved,4,0.4,0.4444
2026-04-06,Company career site,Data Analyst,4,Prep plan generated,3,0.3,0.75
2026-04-06,Company career site,Data Analyst,5,First note completed,3,0.3,1.0
2026-04-06,Company career site,Data Analyst,6,Exam submitted,3,0.3,1.0
2026-04-06,Company career site,Data Analyst,7,Mock interview completed,1,0.1,0.3333
2026-04-06,Company career site,Finance Analyst,1,Account created,11,1.0,1.0
2026-04-06,Company career site,Finance Analyst,2,Logged in,11,1.0,1.0
2026-04-06,Company career site,Finance Analyst,3,Job saved,6,0.5455,0.5455
2026-04-06,Company career site,Finance Analyst,4,Prep plan generated,4,0.3636,0.6667
2026-04-06,Company career site,Finance Analyst,5,First note completed,4,0.3636,1.0
2026-04-06,Company career site,Finance Analyst,6,Exam submitted,4,0.3636,1.0
2026-04-06,Company career site,Finance Analyst,7,Mock interview completed,2,0.1818,0.5
2026-04-06,Company career site,Product Manager,1,Account created,7,1.0,1.0
2026-04-06,Company career site,Product Manager,2,Logged in,6,0.8571,0.8571
2026-04-06,Company career site,Product Manager,3,Job saved,3,0.4286,0.5
2026-04-06,Company career site,Product Manager,4,Prep plan generated,2,0.2857,0.6667
2026-04-06,Company career site,Product Manager,5,First note completed,2,0.2857,1.0
2026-04-06,Company career site,Product Manager,6,Exam submitted,2,0.2857,1.0
2026-04-06,Company career site,Product Manager,7,Mock interview completed,0,0.0,0.0
2026-04-06,Company career site,Software Engineer,1,Account created,13,1.0,1.0
2026-04-06,Company career site,Software Engineer,2,Logged in,13,1.0,1.0
2026-04-06,Company career site,Software Engineer,3,Job saved,8,0.6154,0.6154
2026-04-06,Company career site,Software Engineer,4,Prep plan generated,4,0.3077,0.5
2026-04-06,Company career site,Software Engineer,5,First note completed,4,0.3077,1.0
2026-04-06,Company career site,Software Engineer,6,Exam submitted,3,0.2308,0.75
2026-04-06,Company career site,Software Engineer,7,Mock interview completed,2,0.1538,0.6667
2026-04-06,Company career site,UX Designer,1,Account created,11,1.0,1.0
2026-04-06,Company career site,UX Designer,2,Logged in,9,0.8182,0.8182
2026-04-06,Company career site,UX Designer,3,Job saved,7,0.6364,0.7778
2026-04-06,Company career site,UX Designer,4,Prep plan generated,5,0.4545,0.7143
2026-04-06,Company career site,UX Designer,5,First note completed,5,0.4545,1.0
2026-04-06,Company career site,UX Designer,6,Exam submitted,3,0.2727,0.6
2026-04-06,Company career site,UX Designer,7,Mock interview completed,1,0.0909,0.3333
2026-04-06,Handshake extension,Data Analyst,1,Account created,23,1.0,1.0
2026-04-06,Handshake extension,Data Analyst,2,Logged in,20,0.8696,0.8696
2026-04-06,Handshake extension,Data Analyst,3,Job saved,17,0.7391,0.85
2026-04-06,Handshake extension,Data Analyst,4,Prep plan generated,13,0.5652,0.7647
2026-04-06,Handshake extension,Data Analyst,5,First note completed,13,0.5652,1.0
2026-04-06,Handshake extension,Data Analyst,6,Exam submitted,9,0.3913,0.6923
2026-04-06,Handshake extension,Data Analyst,7,Mock interview completed,3,0.1304,0.3333
2026-04-06,Handshake extension,Finance Analyst,1,Account created,16,1.0,1.0
2026-04-06,Handshake extension,Finance Analyst,2,Logged in,15,0.9375,0.9375
2026-04-06,Handshake extension,Finance Analyst,3,Job saved,13,0.8125,0.8667
2026-04-06,Handshake extension,Finance Analyst,4,Prep plan generated,11,0.6875,0.8462
2026-04-06,Handshake extension,Finance Analyst,5,First note completed,11,0.6875,1.0
2026-04-06,Handshake extension,Finance Analyst,6,Exam submitted,11,0.6875,1.0
2026-04-06,Handshake extension,Finance Analyst,7,Mock interview completed,4,0.25,0.3636
2026-04-06,Handshake extension,Product Manager,1,Account created,17,1.0,1.0
2026-04-06,Handshake extension,Product Manager,2,Logged in,14,0.8235,0.8235
2026-04-06,Handshake extension,Product Manager,3,Job saved,10,0.5882,0.7143
2026-04-06,Handshake extension,Product Manager,4,Prep plan generated,7,0.4118,0.7
2026-04-06,Handshake extension,Product Manager,5,First note completed,7,0.4118,1.0
2026-04-06,Handshake extension,Product Manager,6,Exam submitted,4,0.2353,0.5714
2026-04-06,Handshake extension,Product Manager,7,Mock interview completed,0,0.0,0.0
2026-04-06,Handshake extension,Software Engineer,1,Account created,18,1.0,1.0
2026-04-06,Handshake extension,Software Engineer,2,Logged in,18,1.0,1.0
2026-04-06,Handshake extension,Software Engineer,3,Job saved,14,0.7778,0.7778
2026-04-06,Handshake extension,Software Engineer,4,Prep plan generated,10,0.5556,0.7143
2026-04-06,Handshake extension,Software Engineer,5,First note completed,10,0.5556,1.0
2026-04-06,Handshake extension,Software Engineer,6,Exam submitted,8,0.4444,0.8
2026-04-06,Handshake extension,Software Engineer,7,Mock interview completed,2,0.1111,0.25
2026-04-06,Handshake extension,UX Designer,1,Account created,21,1.0,1.0
2026-04-06,Handshake extension,UX Designer,2,Logged in,21,1.0,1.0
2026-04-06,Handshake extension,UX Designer,3,Job saved,20,0.9524,0.9524
2026-04-06,Handshake extension,UX Designer,4,Prep plan generated,14,0.6667,0.7
2026-04-06,Handshake extension,UX Designer,5,First note completed,14,0.6667,1.0
2026-04-06,Handshake extension,UX Designer,6,Exam submitted,9,0.4286,0.6429
2026-04-06,Handshake extension,UX Designer,7,Mock interview completed,1,0.0476,0.1111
2026-04-06,LinkedIn extension,Data Analyst,1,Account created,25,1.0,1.0
2026-04-06,LinkedIn extension,Data Analyst,2,Logged in,24,0.96,0.96
2026-04-06,LinkedIn extension,Data Analyst,3,Job saved,21,0.84,0.875
2026-04-06,LinkedIn extension,Data Analyst,4,Prep plan generated,14,0.56,0.6667
2026-04-06,LinkedIn extension,Data Analyst,5,First note completed,14,0.56,1.0
2026-04-06,LinkedIn extension,Data Analyst,6,Exam submitted,11,0.44,0.7857
2026-04-06,LinkedIn extension,Data Analyst,7,Mock interview completed,7,0.28,0.6364
2026-04-06,LinkedIn extension,Finance Analyst,1,Account created,14,1.0,1.0
2026-04-06,LinkedIn extension,Finance Analyst,2,Logged in,14,1.0,1.0
2026-04-06,LinkedIn extension,Finance Analyst,3,Job saved,6,0.4286,0.4286
2026-04-06,LinkedIn extension,Finance Analyst,4,Prep plan generated,4,0.2857,0.6667
2026-04-06,LinkedIn extension,Finance Analyst,5,First note completed,4,0.2857,1.0
2026-04-06,LinkedIn extension,Finance Analyst,6,Exam submitted,3,0.2143,0.75
2026-04-06,LinkedIn extension,Finance Analyst,7,Mock interview completed,1,0.0714,0.3333
2026-04-06,LinkedIn extension,Product Manager,1,Account created,18,1.0,1.0
2026-04-06,LinkedIn extension,Product Manager,2,Logged in,16,0.8889,0.8889
2026-04-06,LinkedIn extension,Product Manager,3,Job saved,10,0.5556,0.625
2026-04-06,LinkedIn extension,Product Manager,4,Prep plan generated,5,0.2778,0.5
2026-04-06,LinkedIn extension,Product Manager,5,First note completed,5,0.2778,1.0
2026-04-06,LinkedIn extension,Product Manager,6,Exam submitted,3,0.1667,0.6
2026-04-06,LinkedIn extension,Product Manager,7,Mock interview completed,0,0.0,0.0
2026-04-06,LinkedIn extension,Software Engineer,1,Account created,27,1.0,1.0
2026-04-06,LinkedIn extension,Software Engineer,2,Logged in,23,0.8519,0.8519
2026-04-06,LinkedIn extension,Software Engineer,3,Job saved,11,0.4074,0.4783
2026-04-06,LinkedIn extension,Software Engineer,4,Prep plan generated,6,0.2222,0.5455
2026-04-06,LinkedIn extension,Software Engineer,5,First note completed,6,0.2222,1.0
2026-04-06,LinkedIn extension,Software Engineer,6,Exam submitted,4,0.1481,0.6667
2026-04-06,LinkedIn extension,Software Engineer,7,Mock interview completed,2,0.0741,0.5
2026-04-06,LinkedIn extension,UX Designer,1,Account created,19,1.0,1.0
2026-04-06,LinkedIn extension,UX Designer,2,Logged in,17,0.8947,0.8947
2026-04-06,LinkedIn extension,UX Designer,3,Job saved,11,0.5789,0.6471
2026-04-06,LinkedIn extension,UX Designer,4,Prep plan generated,9,0.4737,0.8182
2026-04-06,LinkedIn extension,UX Designer,5,First note completed,9,0.4737,1.0
2026-04-06,LinkedIn extension,UX Designer,6,Exam submitted,7,0.3684,0.7778
2026-04-06,LinkedIn extension,UX Designer,7,Mock interview completed,2,0.1053,0.2857
2026-04-06,Manual paste,Data Analyst,1,Account created,11,1.0,1.0
2026-04-06,Manual paste,Data Analyst,2,Logged in,8,0.7273,0.7273
2026-04-06,Manual paste,Data Analyst,3,Job saved,4,0.3636,0.5
2026-04-06,Manual paste,Data Analyst,4,Prep plan generated,4,0.3636,1.0
2026-04-06,Manual paste,Data Analyst,5,First note completed,4,0.3636,1.0
2026-04-06,Manual paste,Data Analyst,6,Exam submitted,3,0.2727,0.75
2026-04-06,Manual paste,Data Analyst,7,Mock interview completed,2,0.1818,0.6667
2026-04-06,Manual paste,Finance Analyst,1,Account created,14,1.0,1.0
2026-04-06,Manual paste,Finance Analyst,2,Logged in,11,0.7857,0.7857
2026-04-06,Manual paste,Finance Analyst,3,Job saved,7,0.5,0.6364
2026-04-06,Manual paste,Finance Analyst,4,Prep plan generated,4,0.2857,0.5714
2026-04-06,Manual paste,Finance Analyst,5,First note completed,4,0.2857,1.0
2026-04-06,Manual paste,Finance Analyst,6,Exam submitted,2,0.1429,0.5
2026-04-06,Manual paste,Finance Analyst,7,Mock interview completed,1,0.0714,0.5
2026-04-06,Manual paste,Product Manager,1,Account created,17,1.0,1.0
2026-04-06,Manual paste,Product Manager,2,Logged in,16,0.9412,0.9412
2026-04-06,Manual paste,Product Manager,3,Job saved,6,0.3529,0.375
2026-04-06,Manual paste,Product Manager,4,Prep plan generated,4,0.2353,0.6667
2026-04-06,Manual paste,Product Manager,5,First note completed,4,0.2353,1.0
2026-04-06,Manual paste,Product Manager,6,Exam submitted,4,0.2353,1.0
2026-04-06,Manual paste,Product Manager,7,Mock interview completed,1,0.0588,0.25
2026-04-06,Manual paste,Software Engineer,1,Account created,17,1.0,1.0
2026-04-06,Manual paste,Software Engineer,2,Logged in,14,0.8235,0.8235
2026-04-06,Manual paste,Software Engineer,3,Job saved,7,0.4118,0.5
2026-04-06,Manual paste,Software Engineer,4,Prep plan generated,2,0.1176,0.2857
2026-04-06,Manual paste,Software Engineer,5,First note completed,2,0.1176,1.0
2026-04-06,Manual paste,Software Engineer,6,Exam submitted,2,0.1176,1.0
2026-04-06,Manual paste,Software Engineer,7,Mock interview completed,1,0.0588,0.5
2026-04-06,Manual paste,UX Designer,1,Account created,15,1.0,1.0
2026-04-06,Manual paste,UX Designer,2,Logged in,13,0.8667,0.8667
2026-04-06,Manual paste,UX Designer,3,Job saved,7,0.4667,0.5385
2026-04-06,Manual paste,UX Designer,4,Prep plan generated,5,0.3333,0.7143
2026-04-06,Manual paste,UX Designer,5,First note completed,5,0.3333,1.0
2026-04-06,Manual paste,UX Designer,6,Exam submitted,3,0.2,0.6
2026-04-06,Manual paste,UX Designer,7,Mock interview completed,1,0.0667,0.3333
2026-04-13,Company career site,Data Analyst,1,Account created,11,1.0,1.0
2026-04-13,Company career site,Data Analyst,2,Logged in,8,0.7273,0.7273
2026-04-13,Company career site,Data Analyst,3,Job saved,5,0.4545,0.625
2026-04-13,Company career site,Data Analyst,4,Prep plan generated,3,0.2727,0.6
2026-04-13,Company career site,Data Analyst,5,First note completed,3,0.2727,1.0
2026-04-13,Company career site,Data Analyst,6,Exam submitted,3,0.2727,1.0
2026-04-13,Company career site,Data Analyst,7,Mock interview completed,1,0.0909,0.3333
2026-04-13,Company career site,Finance Analyst,1,Account created,11,1.0,1.0
2026-04-13,Company career site,Finance Analyst,2,Logged in,9,0.8182,0.8182
2026-04-13,Company career site,Finance Analyst,3,Job saved,7,0.6364,0.7778
2026-04-13,Company career site,Finance Analyst,4,Prep plan generated,4,0.3636,0.5714
2026-04-13,Company career site,Finance Analyst,5,First note completed,4,0.3636,1.0
2026-04-13,Company career site,Finance Analyst,6,Exam submitted,2,0.1818,0.5
2026-04-13,Company career site,Finance Analyst,7,Mock interview completed,0,0.0,0.0
2026-04-13,Company career site,Product Manager,1,Account created,12,1.0,1.0
2026-04-13,Company career site,Product Manager,2,Logged in,11,0.9167,0.9167
2026-04-13,Company career site,Product Manager,3,Job saved,7,0.5833,0.6364
2026-04-13,Company career site,Product Manager,4,Prep plan generated,5,0.4167,0.7143
2026-04-13,Company career site,Product Manager,5,First note completed,5,0.4167,1.0
2026-04-13,Company career site,Product Manager,6,Exam submitted,5,0.4167,1.0
2026-04-13,Company career site,Product Manager,7,Mock interview completed,0,0.0,0.0
2026-04-13,Company career site,Software Engineer,1,Account created,5,1.0,1.0
2026-04-13,Company career site,Software Engineer,2,Logged in,3,0.6,0.6
2026-04-13,Company career site,Software Engineer,3,Job saved,2,0.4,0.6667
2026-04-13,Company career site,Software Engineer,4,Prep plan generated,2,0.4,1.0
2026-04-13,Company career site,Software Engineer,5,First note completed,2,0.4,1.0
2026-04-13,Company career site,Software Engineer,6,Exam submitted,1,0.2,0.5
2026-04-13,Company career site,Software Engineer,7,Mock interview completed,0,0.0,0.0
2026-04-13,Company career site,UX Designer,1,Account created,12,1.0,1.0
2026-04-13,Company career site,UX Designer,2,Logged in,10,0.8333,0.8333
2026-04-13,Company career site,UX Designer,3,Job saved,8,0.6667,0.8
2026-04-13,Company career site,UX Designer,4,Prep plan generated,2,0.1667,0.25
2026-04-13,Company career site,UX Designer,5,First note completed,2,0.1667,1.0
2026-04-13,Company career site,UX Designer,6,Exam submitted,1,0.0833,0.5
2026-04-13,Company career site,UX Designer,7,Mock interview completed,1,0.0833,1.0
2026-04-13,Handshake extension,Data Analyst,1,Account created,10,1.0,1.0
2026-04-13,Handshake extension,Data Analyst,2,Logged in,8,0.8,0.8
2026-04-13,Handshake extension,Data Analyst,3,Job saved,7,0.7,0.875
2026-04-13,Handshake extension,Data Analyst,4,Prep plan generated,5,0.5,0.7143
2026-04-13,Handshake extension,Data Analyst,5,First note completed,5,0.5,1.0
2026-04-13,Handshake extension,Data Analyst,6,Exam submitted,3,0.3,0.6
2026-04-13,Handshake extension,Data Analyst,7,Mock interview completed,1,0.1,0.3333
2026-04-13,Handshake extension,Finance Analyst,1,Account created,16,1.0,1.0
2026-04-13,Handshake extension,Finance Analyst,2,Logged in,13,0.8125,0.8125
2026-04-13,Handshake extension,Finance Analyst,3,Job saved,9,0.5625,0.6923
2026-04-13,Handshake extension,Finance Analyst,4,Prep plan generated,7,0.4375,0.7778
2026-04-13,Handshake extension,Finance Analyst,5,First note completed,7,0.4375,1.0
2026-04-13,Handshake extension,Finance Analyst,6,Exam submitted,6,0.375,0.8571
2026-04-13,Handshake extension,Finance Analyst,7,Mock interview completed,1,0.0625,0.1667
2026-04-13,Handshake extension,Product Manager,1,Account created,17,1.0,1.0
2026-04-13,Handshake extension,Product Manager,2,Logged in,16,0.9412,0.9412
2026-04-13,Handshake extension,Product Manager,3,Job saved,13,0.7647,0.8125
2026-04-13,Handshake extension,Product Manager,4,Prep plan generated,10,0.5882,0.7692
2026-04-13,Handshake extension,Product Manager,5,First note completed,10,0.5882,1.0
2026-04-13,Handshake extension,Product Manager,6,Exam submitted,7,0.4118,0.7
2026-04-13,Handshake extension,Product Manager,7,Mock interview completed,1,0.0588,0.1429
2026-04-13,Handshake extension,Software Engineer,1,Account created,12,1.0,1.0
2026-04-13,Handshake extension,Software Engineer,2,Logged in,11,0.9167,0.9167
2026-04-13,Handshake extension,Software Engineer,3,Job saved,7,0.5833,0.6364
2026-04-13,Handshake extension,Software Engineer,4,Prep plan generated,6,0.5,0.8571
2026-04-13,Handshake extension,Software Engineer,5,First note completed,6,0.5,1.0
2026-04-13,Handshake extension,Software Engineer,6,Exam submitted,5,0.4167,0.8333
2026-04-13,Handshake extension,Software Engineer,7,Mock interview completed,2,0.1667,0.4
2026-04-13,Handshake extension,UX Designer,1,Account created,17,1.0,1.0
2026-04-13,Handshake extension,UX Designer,2,Logged in,16,0.9412,0.9412
2026-04-13,Handshake extension,UX Designer,3,Job saved,13,0.7647,0.8125
2026-04-13,Handshake extension,UX Designer,4,Prep plan generated,9,0.5294,0.6923
2026-04-13,Handshake extension,UX Designer,5,First note completed,9,0.5294,1.0
2026-04-13,Handshake extension,UX Designer,6,Exam submitted,7,0.4118,0.7778
2026-04-13,Handshake extension,UX Designer,7,Mock interview completed,4,0.2353,0.5714
2026-04-13,LinkedIn extension,Data Analyst,1,Account created,22,1.0,1.0
2026-04-13,LinkedIn extension,Data Analyst,2,Logged in,22,1.0,1.0
2026-04-13,LinkedIn extension,Data Analyst,3,Job saved,17,0.7727,0.7727
2026-04-13,LinkedIn extension,Data Analyst,4,Prep plan generated,14,0.6364,0.8235
2026-04-13,LinkedIn extension,Data Analyst,5,First note completed,14,0.6364,1.0
2026-04-13,LinkedIn extension,Data Analyst,6,Exam submitted,9,0.4091,0.6429
2026-04-13,LinkedIn extension,Data Analyst,7,Mock interview completed,7,0.3182,0.7778
2026-04-13,LinkedIn extension,Finance Analyst,1,Account created,17,1.0,1.0
2026-04-13,LinkedIn extension,Finance Analyst,2,Logged in,16,0.9412,0.9412
2026-04-13,LinkedIn extension,Finance Analyst,3,Job saved,12,0.7059,0.75
2026-04-13,LinkedIn extension,Finance Analyst,4,Prep plan generated,8,0.4706,0.6667
2026-04-13,LinkedIn extension,Finance Analyst,5,First note completed,8,0.4706,1.0
2026-04-13,LinkedIn extension,Finance Analyst,6,Exam submitted,7,0.4118,0.875
2026-04-13,LinkedIn extension,Finance Analyst,7,Mock interview completed,2,0.1176,0.2857
2026-04-13,LinkedIn extension,Product Manager,1,Account created,27,1.0,1.0
2026-04-13,LinkedIn extension,Product Manager,2,Logged in,23,0.8519,0.8519
2026-04-13,LinkedIn extension,Product Manager,3,Job saved,17,0.6296,0.7391
2026-04-13,LinkedIn extension,Product Manager,4,Prep plan generated,13,0.4815,0.7647
2026-04-13,LinkedIn extension,Product Manager,5,First note completed,13,0.4815,1.0
2026-04-13,LinkedIn extension,Product Manager,6,Exam submitted,9,0.3333,0.6923
2026-04-13,LinkedIn extension,Product Manager,7,Mock interview completed,2,0.0741,0.2222
2026-04-13,LinkedIn extension,Software Engineer,1,Account created,20,1.0,1.0
2026-04-13,LinkedIn extension,Software Engineer,2,Logged in,19,0.95,0.95
2026-04-13,LinkedIn extension,Software Engineer,3,Job saved,14,0.7,0.7368
2026-04-13,LinkedIn extension,Software Engineer,4,Prep plan generated,12,0.6,0.8571
2026-04-13,LinkedIn extension,Software Engineer,5,First note completed,12,0.6,1.0
2026-04-13,LinkedIn extension,Software Engineer,6,Exam submitted,9,0.45,0.75
2026-04-13,LinkedIn extension,Software Engineer,7,Mock interview completed,4,0.2,0.4444
2026-04-13,LinkedIn extension,UX Designer,1,Account created,15,1.0,1.0
2026-04-13,LinkedIn extension,UX Designer,2,Logged in,14,0.9333,0.9333
2026-04-13,LinkedIn extension,UX Designer,3,Job saved,10,0.6667,0.7143
2026-04-13,LinkedIn extension,UX Designer,4,Prep plan generated,7,0.4667,0.7
2026-04-13,LinkedIn extension,UX Designer,5,First note completed,7,0.4667,1.0
2026-04-13,LinkedIn extension,UX Designer,6,Exam submitted,4,0.2667,0.5714
2026-04-13,LinkedIn extension,UX Designer,7,Mock interview completed,4,0.2667,1.0
2026-04-13,Manual paste,Data Analyst,1,Account created,19,1.0,1.0
2026-04-13,Manual paste,Data Analyst,2,Logged in,18,0.9474,0.9474
2026-04-13,Manual paste,Data Analyst,3,Job saved,12,0.6316,0.6667
2026-04-13,Manual paste,Data Analyst,4,Prep plan generated,8,0.4211,0.6667
2026-04-13,Manual paste,Data Analyst,5,First note completed,8,0.4211,1.0
2026-04-13,Manual paste,Data Analyst,6,Exam submitted,8,0.4211,1.0
2026-04-13,Manual paste,Data Analyst,7,Mock interview completed,1,0.0526,0.125
2026-04-13,Manual paste,Finance Analyst,1,Account created,21,1.0,1.0
2026-04-13,Manual paste,Finance Analyst,2,Logged in,19,0.9048,0.9048
2026-04-13,Manual paste,Finance Analyst,3,Job saved,11,0.5238,0.5789
2026-04-13,Manual paste,Finance Analyst,4,Prep plan generated,10,0.4762,0.9091
2026-04-13,Manual paste,Finance Analyst,5,First note completed,10,0.4762,1.0
2026-04-13,Manual paste,Finance Analyst,6,Exam submitted,7,0.3333,0.7
2026-04-13,Manual paste,Finance Analyst,7,Mock interview completed,0,0.0,0.0
2026-04-13,Manual paste,Product Manager,1,Account created,11,1.0,1.0
2026-04-13,Manual paste,Product Manager,2,Logged in,9,0.8182,0.8182
2026-04-13,Manual paste,Product Manager,3,Job saved,6,0.5455,0.6667
2026-04-13,Manual paste,Product Manager,4,Prep plan generated,4,0.3636,0.6667
2026-04-13,Manual paste,Product Manager,5,First note completed,4,0.3636,1.0
2026-04-13,Manual paste,Product Manager,6,Exam submitted,1,0.0909,0.25
2026-04-13,Manual paste,Product Manager,7,Mock interview completed,0,0.0,0.0
2026-04-13,Manual paste,Software Engineer,1,Account created,16,1.0,1.0
2026-04-13,Manual paste,Software Engineer,2,Logged in,15,0.9375,0.9375
2026-04-13,Manual paste,Software Engineer,3,Job saved,10,0.625,0.6667
2026-04-13,Manual paste,Software Engineer,4,Prep plan generated,7,0.4375,0.7
2026-04-13,Manual paste,Software Engineer,5,First note completed,7,0.4375,1.0
2026-04-13,Manual paste,Software Engineer,6,Exam submitted,6,0.375,0.8571
2026-04-13,Manual paste,Software Engineer,7,Mock interview completed,2,0.125,0.3333
2026-04-13,Manual paste,UX Designer,1,Account created,21,1.0,1.0
2026-04-13,Manual paste,UX Designer,2,Logged in,18,0.8571,0.8571
2026-04-13,Manual paste,UX Designer,3,Job saved,10,0.4762,0.5556
2026-04-13,Manual paste,UX Designer,4,Prep plan generated,6,0.2857,0.6
2026-04-13,Manual paste,UX Designer,5,First note completed,6,0.2857,1.0
2026-04-13,Manual paste,UX Designer,6,Exam submitted,5,0.2381,0.8333
2026-04-13,Manual paste,UX Designer,7,Mock interview completed,2,0.0952,0.4
2026-04-20,Company career site,Data Analyst,1,Account created,9,1.0,1.0
2026-04-20,Company career site,Data Analyst,2,Logged in,9,1.0,1.0
2026-04-20,Company career site,Data Analyst,3,Job saved,4,0.4444,0.4444
2026-04-20,Company career site,Data Analyst,4,Prep plan generated,3,0.3333,0.75
2026-04-20,Company career site,Data Analyst,5,First note completed,3,0.3333,1.0
2026-04-20,Company career site,Data Analyst,6,Exam submitted,2,0.2222,0.6667
2026-04-20,Company career site,Data Analyst,7,Mock interview completed,0,0.0,0.0
2026-04-20,Company career site,Finance Analyst,1,Account created,16,1.0,1.0
2026-04-20,Company career site,Finance Analyst,2,Logged in,15,0.9375,0.9375
2026-04-20,Company career site,Finance Analyst,3,Job saved,8,0.5,0.5333
2026-04-20,Company career site,Finance Analyst,4,Prep plan generated,5,0.3125,0.625
2026-04-20,Company career site,Finance Analyst,5,First note completed,5,0.3125,1.0
2026-04-20,Company career site,Finance Analyst,6,Exam submitted,3,0.1875,0.6
2026-04-20,Company career site,Finance Analyst,7,Mock interview completed,3,0.1875,1.0
2026-04-20,Company career site,Product Manager,1,Account created,14,1.0,1.0
2026-04-20,Company career site,Product Manager,2,Logged in,11,0.7857,0.7857
2026-04-20,Company career site,Product Manager,3,Job saved,6,0.4286,0.5455
2026-04-20,Company career site,Product Manager,4,Prep plan generated,3,0.2143,0.5
2026-04-20,Company career site,Product Manager,5,First note completed,3,0.2143,1.0
2026-04-20,Company career site,Product Manager,6,Exam submitted,2,0.1429,0.6667
2026-04-20,Company career site,Product Manager,7,Mock interview completed,1,0.0714,0.5
2026-04-20,Company career site,Software Engineer,1,Account created,13,1.0,1.0
2026-04-20,Company career site,Software Engineer,2,Logged in,11,0.8462,0.8462
2026-04-20,Company career site,Software Engineer,3,Job saved,7,0.5385,0.6364
2026-04-20,Company career site,Software Engineer,4,Prep plan generated,6,0.4615,0.8571
2026-04-20,Company career site,Software Engineer,5,First note completed,6,0.4615,1.0
2026-04-20,Company career site,Software Engineer,6,Exam submitted,4,0.3077,0.6667
2026-04-20,Company career site,Software Engineer,7,Mock interview completed,1,0.0769,0.25
2026-04-20,Company career site,UX Designer,1,Account created,13,1.0,1.0
2026-04-20,Company career site,UX Designer,2,Logged in,11,0.8462,0.8462
2026-04-20,Company career site,UX Designer,3,Job saved,11,0.8462,1.0
2026-04-20,Company career site,UX Designer,4,Prep plan generated,4,0.3077,0.3636
2026-04-20,Company career site,UX Designer,5,First note completed,4,0.3077,1.0
2026-04-20,Company career site,UX Designer,6,Exam submitted,1,0.0769,0.25
2026-04-20,Company career site,UX Designer,7,Mock interview completed,1,0.0769,1.0
2026-04-20,Handshake extension,Data Analyst,1,Account created,17,1.0,1.0
2026-04-20,Handshake extension,Data Analyst,2,Logged in,16,0.9412,0.9412
2026-04-20,Handshake extension,Data Analyst,3,Job saved,16,0.9412,1.0
2026-04-20,Handshake extension,Data Analyst,4,Prep plan generated,12,0.7059,0.75
2026-04-20,Handshake extension,Data Analyst,5,First note completed,12,0.7059,1.0
2026-04-20,Handshake extension,Data Analyst,6,Exam submitted,10,0.5882,0.8333
2026-04-20,Handshake extension,Data Analyst,7,Mock interview completed,5,0.2941,0.5
2026-04-20,Handshake extension,Finance Analyst,1,Account created,15,1.0,1.0
2026-04-20,Handshake extension,Finance Analyst,2,Logged in,15,1.0,1.0
2026-04-20,Handshake extension,Finance Analyst,3,Job saved,7,0.4667,0.4667
2026-04-20,Handshake extension,Finance Analyst,4,Prep plan generated,5,0.3333,0.7143
2026-04-20,Handshake extension,Finance Analyst,5,First note completed,5,0.3333,1.0
2026-04-20,Handshake extension,Finance Analyst,6,Exam submitted,4,0.2667,0.8
2026-04-20,Handshake extension,Finance Analyst,7,Mock interview completed,1,0.0667,0.25
2026-04-20,Handshake extension,Product Manager,1,Account created,12,1.0,1.0
2026-04-20,Handshake extension,Product Manager,2,Logged in,11,0.9167,0.9167
2026-04-20,Handshake extension,Product Manager,3,Job saved,9,0.75,0.8182
2026-04-20,Handshake extension,Product Manager,4,Prep plan generated,7,0.5833,0.7778
2026-04-20,Handshake extension,Product Manager,5,First note completed,7,0.5833,1.0
2026-04-20,Handshake extension,Product Manager,6,Exam submitted,4,0.3333,0.5714
2026-04-20,Handshake extension,Product Manager,7,Mock interview completed,2,0.1667,0.5
2026-04-20,Handshake extension,Software Engineer,1,Account created,21,1.0,1.0
2026-04-20,Handshake extension,Software Engineer,2,Logged in,20,0.9524,0.9524
2026-04-20,Handshake extension,Software Engineer,3,Job saved,15,0.7143,0.75
2026-04-20,Handshake extension,Software Engineer,4,Prep plan generated,9,0.4286,0.6
2026-04-20,Handshake extension,Software Engineer,5,First note completed,9,0.4286,1.0
2026-04-20,Handshake extension,Software Engineer,6,Exam submitted,7,0.3333,0.7778
2026-04-20,Handshake extension,Software Engineer,7,Mock interview completed,3,0.1429,0.4286
2026-04-20,Handshake extension,UX Designer,1,Account created,18,1.0,1.0
2026-04-20,Handshake extension,UX Designer,2,Logged in,18,1.0,1.0
2026-04-20,Handshake extension,UX Designer,3,Job saved,12,0.6667,0.6667
2026-04-20,Handshake extension,UX Designer,4,Prep plan generated,12,0.6667,1.0
2026-04-20,Handshake extension,UX Designer,5,First note completed,12,0.6667,1.0
2026-04-20,Handshake extension,UX Designer,6,Exam submitted,9,0.5,0.75
2026-04-20,Handshake extension,UX Designer,7,Mock interview completed,3,0.1667,0.3333
2026-04-20,LinkedIn extension,Data Analyst,1,Account created,21,1.0,1.0
2026-04-20,LinkedIn extension,Data Analyst,2,Logged in,21,1.0,1.0
2026-04-20,LinkedIn extension,Data Analyst,3,Job saved,18,0.8571,0.8571
2026-04-20,LinkedIn extension,Data Analyst,4,Prep plan generated,16,0.7619,0.8889
2026-04-20,LinkedIn extension,Data Analyst,5,First note completed,16,0.7619,1.0
2026-04-20,LinkedIn extension,Data Analyst,6,Exam submitted,12,0.5714,0.75
2026-04-20,LinkedIn extension,Data Analyst,7,Mock interview completed,4,0.1905,0.3333
2026-04-20,LinkedIn extension,Finance Analyst,1,Account created,31,1.0,1.0
2026-04-20,LinkedIn extension,Finance Analyst,2,Logged in,28,0.9032,0.9032
2026-04-20,LinkedIn extension,Finance Analyst,3,Job saved,16,0.5161,0.5714
2026-04-20,LinkedIn extension,Finance Analyst,4,Prep plan generated,13,0.4194,0.8125
2026-04-20,LinkedIn extension,Finance Analyst,5,First note completed,13,0.4194,1.0
2026-04-20,LinkedIn extension,Finance Analyst,6,Exam submitted,9,0.2903,0.6923
2026-04-20,LinkedIn extension,Finance Analyst,7,Mock interview completed,6,0.1935,0.6667
2026-04-20,LinkedIn extension,Product Manager,1,Account created,19,1.0,1.0
2026-04-20,LinkedIn extension,Product Manager,2,Logged in,19,1.0,1.0
2026-04-20,LinkedIn extension,Product Manager,3,Job saved,14,0.7368,0.7368
2026-04-20,LinkedIn extension,Product Manager,4,Prep plan generated,13,0.6842,0.9286
2026-04-20,LinkedIn extension,Product Manager,5,First note completed,13,0.6842,1.0
2026-04-20,LinkedIn extension,Product Manager,6,Exam submitted,10,0.5263,0.7692
2026-04-20,LinkedIn extension,Product Manager,7,Mock interview completed,4,0.2105,0.4
2026-04-20,LinkedIn extension,Software Engineer,1,Account created,26,1.0,1.0
2026-04-20,LinkedIn extension,Software Engineer,2,Logged in,24,0.9231,0.9231
2026-04-20,LinkedIn extension,Software Engineer,3,Job saved,18,0.6923,0.75
2026-04-20,LinkedIn extension,Software Engineer,4,Prep plan generated,12,0.4615,0.6667
2026-04-20,LinkedIn extension,Software Engineer,5,First note completed,12,0.4615,1.0
2026-04-20,LinkedIn extension,Software Engineer,6,Exam submitted,9,0.3462,0.75
2026-04-20,LinkedIn extension,Software Engineer,7,Mock interview completed,4,0.1538,0.4444
2026-04-20,LinkedIn extension,UX Designer,1,Account created,13,1.0,1.0
2026-04-20,LinkedIn extension,UX Designer,2,Logged in,10,0.7692,0.7692
2026-04-20,LinkedIn extension,UX Designer,3,Job saved,6,0.4615,0.6
2026-04-20,LinkedIn extension,UX Designer,4,Prep plan generated,4,0.3077,0.6667
2026-04-20,LinkedIn extension,UX Designer,5,First note completed,4,0.3077,1.0
2026-04-20,LinkedIn extension,UX Designer,6,Exam submitted,3,0.2308,0.75
2026-04-20,LinkedIn extension,UX Designer,7,Mock interview completed,1,0.0769,0.3333
2026-04-20,Manual paste,Data Analyst,1,Account created,10,1.0,1.0
2026-04-20,Manual paste,Data Analyst,2,Logged in,9,0.9,0.9
2026-04-20,Manual paste,Data Analyst,3,Job saved,4,0.4,0.4444
2026-04-20,Manual paste,Data Analyst,4,Prep plan generated,1,0.1,0.25
2026-04-20,Manual paste,Data Analyst,5,First note completed,1,0.1,1.0
2026-04-20,Manual paste,Data Analyst,6,Exam submitted,1,0.1,1.0
2026-04-20,Manual paste,Data Analyst,7,Mock interview completed,0,0.0,0.0
2026-04-20,Manual paste,Finance Analyst,1,Account created,21,1.0,1.0
2026-04-20,Manual paste,Finance Analyst,2,Logged in,21,1.0,1.0
2026-04-20,Manual paste,Finance Analyst,3,Job saved,16,0.7619,0.7619
2026-04-20,Manual paste,Finance Analyst,4,Prep plan generated,8,0.381,0.5
2026-04-20,Manual paste,Finance Analyst,5,First note completed,8,0.381,1.0
2026-04-20,Manual paste,Finance Analyst,6,Exam submitted,6,0.2857,0.75
2026-04-20,Manual paste,Finance Analyst,7,Mock interview completed,3,0.1429,0.5
2026-04-20,Manual paste,Product Manager,1,Account created,8,1.0,1.0
2026-04-20,Manual paste,Product Manager,2,Logged in,5,0.625,0.625
2026-04-20,Manual paste,Product Manager,3,Job saved,4,0.5,0.8
2026-04-20,Manual paste,Product Manager,4,Prep plan generated,2,0.25,0.5
2026-04-20,Manual paste,Product Manager,5,First note completed,2,0.25,1.0
2026-04-20,Manual paste,Product Manager,6,Exam submitted,2,0.25,1.0
2026-04-20,Manual paste,Product Manager,7,Mock interview completed,0,0.0,0.0
2026-04-20,Manual paste,Software Engineer,1,Account created,20,1.0,1.0
2026-04-20,Manual paste,Software Engineer,2,Logged in,19,0.95,0.95
2026-04-20,Manual paste,Software Engineer,3,Job saved,14,0.7,0.7368
2026-04-20,Manual paste,Software Engineer,4,Prep plan generated,9,0.45,0.6429
2026-04-20,Manual paste,Software Engineer,5,First note completed,9,0.45,1.0
2026-04-20,Manual paste,Software Engineer,6,Exam submitted,5,0.25,0.5556
2026-04-20,Manual paste,Software Engineer,7,Mock interview completed,2,0.1,0.4
2026-04-20,Manual paste,UX Designer,1,Account created,20,1.0,1.0
2026-04-20,Manual paste,UX Designer,2,Logged in,17,0.85,0.85
2026-04-20,Manual paste,UX Designer,3,Job saved,11,0.55,0.6471
2026-04-20,Manual paste,UX Designer,4,Prep plan generated,8,0.4,0.7273
2026-04-20,Manual paste,UX Designer,5,First note completed,8,0.4,1.0
2026-04-20,Manual paste,UX Designer,6,Exam submitted,8,0.4,1.0
2026-04-20,Manual paste,UX Designer,7,Mock interview completed,3,0.15,0.375
2026-04-27,Company career site,Data Analyst,1,Account created,10,1.0,1.0
2026-04-27,Company career site,Data Analyst,2,Logged in,10,1.0,1.0
2026-04-27,Company career site,Data Analyst,3,Job saved,3,0.3,0.3
2026-04-27,Company career site,Data Analyst,4,Prep plan generated,3,0.3,1.0
2026-04-27,Company career site,Data Analyst,5,First note completed,3,0.3,1.0
2026-04-27,Company career site,Data Analyst,6,Exam submitted,3,0.3,1.0
2026-04-27,Company career site,Data Analyst,7,Mock interview completed,2,0.2,0.6667
2026-04-27,Company career site,Finance Analyst,1,Account created,10,1.0,1.0
2026-04-27,Company career site,Finance Analyst,2,Logged in,10,1.0,1.0
2026-04-27,Company career site,Finance Analyst,3,Job saved,6,0.6,0.6
2026-04-27,Company career site,Finance Analyst,4,Prep plan generated,4,0.4,0.6667
2026-04-27,Company career site,Finance Analyst,5,First note completed,4,0.4,1.0
2026-04-27,Company career site,Finance Analyst,6,Exam submitted,2,0.2,0.5
2026-04-27,Company career site,Finance Analyst,7,Mock interview completed,0,0.0,0.0
2026-04-27,Company career site,Product Manager,1,Account created,6,1.0,1.0
2026-04-27,Company career site,Product Manager,2,Logged in,6,1.0,1.0
2026-04-27,Company career site,Product Manager,3,Job saved,2,0.3333,0.3333
2026-04-27,Company career site,Product Manager,4,Prep plan generated,2,0.3333,1.0
2026-04-27,Company career site,Product Manager,5,First note completed,2,0.3333,1.0
2026-04-27,Company career site,Product Manager,6,Exam submitted,1,0.1667,0.5
2026-04-27,Company career site,Product Manager,7,Mock interview completed,0,0.0,0.0
2026-04-27,Company career site,Software Engineer,1,Account created,12,1.0,1.0
2026-04-27,Company career site,Software Engineer,2,Logged in,12,1.0,1.0
2026-04-27,Company career site,Software Engineer,3,Job saved,4,0.3333,0.3333
2026-04-27,Company career site,Software Engineer,4,Prep plan generated,3,0.25,0.75
2026-04-27,Company career site,Software Engineer,5,First note completed,3,0.25,1.0
2026-04-27,Company career site,Software Engineer,6,Exam submitted,2,0.1667,0.6667
2026-04-27,Company career site,Software Engineer,7,Mock interview completed,0,0.0,0.0
2026-04-27,Company career site,UX Designer,1,Account created,19,1.0,1.0
2026-04-27,Company career site,UX Designer,2,Logged in,19,1.0,1.0
2026-04-27,Company career site,UX Designer,3,Job saved,9,0.4737,0.4737
2026-04-27,Company career site,UX Designer,4,Prep plan generated,6,0.3158,0.6667
2026-04-27,Company career site,UX Designer,5,First note completed,6,0.3158,1.0
2026-04-27,Company career site,UX Designer,6,Exam submitted,4,0.2105,0.6667
2026-04-27,Company career site,UX Designer,7,Mock interview completed,0,0.0,0.0
2026-04-27,Handshake extension,Data Analyst,1,Account created,13,1.0,1.0
2026-04-27,Handshake extension,Data Analyst,2,Logged in,13,1.0,1.0
2026-04-27,Handshake extension,Data Analyst,3,Job saved,12,0.9231,0.9231
2026-04-27,Handshake extension,Data Analyst,4,Prep plan generated,9,0.6923,0.75
2026-04-27,Handshake extension,Data Analyst,5,First note completed,9,0.6923,1.0
2026-04-27,Handshake extension,Data Analyst,6,Exam submitted,6,0.4615,0.6667
2026-04-27,Handshake extension,Data Analyst,7,Mock interview completed,1,0.0769,0.1667
2026-04-27,Handshake extension,Finance Analyst,1,Account created,21,1.0,1.0
2026-04-27,Handshake extension,Finance Analyst,2,Logged in,21,1.0,1.0
2026-04-27,Handshake extension,Finance Analyst,3,Job saved,17,0.8095,0.8095
2026-04-27,Handshake extension,Finance Analyst,4,Prep plan generated,13,0.619,0.7647
2026-04-27,Handshake extension,Finance Analyst,5,First note completed,13,0.619,1.0
2026-04-27,Handshake extension,Finance Analyst,6,Exam submitted,13,0.619,1.0
2026-04-27,Handshake extension,Finance Analyst,7,Mock interview completed,3,0.1429,0.2308
2026-04-27,Handshake extension,Product Manager,1,Account created,15,1.0,1.0
2026-04-27,Handshake extension,Product Manager,2,Logged in,13,0.8667,0.8667
2026-04-27,Handshake extension,Product Manager,3,Job saved,9,0.6,0.6923
2026-04-27,Handshake extension,Product Manager,4,Prep plan generated,8,0.5333,0.8889
2026-04-27,Handshake extension,Product Manager,5,First note completed,8,0.5333,1.0
2026-04-27,Handshake extension,Product Manager,6,Exam submitted,5,0.3333,0.625
2026-04-27,Handshake extension,Product Manager,7,Mock interview completed,2,0.1333,0.4
2026-04-27,Handshake extension,Software Engineer,1,Account created,17,1.0,1.0
2026-04-27,Handshake extension,Software Engineer,2,Logged in,16,0.9412,0.9412
2026-04-27,Handshake extension,Software Engineer,3,Job saved,13,0.7647,0.8125
2026-04-27,Handshake extension,Software Engineer,4,Prep plan generated,10,0.5882,0.7692
2026-04-27,Handshake extension,Software Engineer,5,First note completed,10,0.5882,1.0
2026-04-27,Handshake extension,Software Engineer,6,Exam submitted,9,0.5294,0.9
2026-04-27,Handshake extension,Software Engineer,7,Mock interview completed,5,0.2941,0.5556
2026-04-27,Handshake extension,UX Designer,1,Account created,10,1.0,1.0
2026-04-27,Handshake extension,UX Designer,2,Logged in,8,0.8,0.8
2026-04-27,Handshake extension,UX Designer,3,Job saved,7,0.7,0.875
2026-04-27,Handshake extension,UX Designer,4,Prep plan generated,5,0.5,0.7143
2026-04-27,Handshake extension,UX Designer,5,First note completed,5,0.5,1.0
2026-04-27,Handshake extension,UX Designer,6,Exam submitted,3,0.3,0.6
2026-04-27,Handshake extension,UX Designer,7,Mock interview completed,2,0.2,0.6667
2026-04-27,LinkedIn extension,Data Analyst,1,Account created,23,1.0,1.0
2026-04-27,LinkedIn extension,Data Analyst,2,Logged in,22,0.9565,0.9565
2026-04-27,LinkedIn extension,Data Analyst,3,Job saved,12,0.5217,0.5455
2026-04-27,LinkedIn extension,Data Analyst,4,Prep plan generated,8,0.3478,0.6667
2026-04-27,LinkedIn extension,Data Analyst,5,First note completed,8,0.3478,1.0
2026-04-27,LinkedIn extension,Data Analyst,6,Exam submitted,5,0.2174,0.625
2026-04-27,LinkedIn extension,Data Analyst,7,Mock interview completed,3,0.1304,0.6
2026-04-27,LinkedIn extension,Finance Analyst,1,Account created,20,1.0,1.0
2026-04-27,LinkedIn extension,Finance Analyst,2,Logged in,19,0.95,0.95
2026-04-27,LinkedIn extension,Finance Analyst,3,Job saved,10,0.5,0.5263
2026-04-27,LinkedIn extension,Finance Analyst,4,Prep plan generated,10,0.5,1.0
2026-04-27,LinkedIn extension,Finance Analyst,5,First note completed,10,0.5,1.0
2026-04-27,LinkedIn extension,Finance Analyst,6,Exam submitted,6,0.3,0.6
2026-04-27,LinkedIn extension,Finance Analyst,7,Mock interview completed,5,0.25,0.8333
2026-04-27,LinkedIn extension,Product Manager,1,Account created,20,1.0,1.0
2026-04-27,LinkedIn extension,Product Manager,2,Logged in,19,0.95,0.95
2026-04-27,LinkedIn extension,Product Manager,3,Job saved,13,0.65,0.6842
2026-04-27,LinkedIn extension,Product Manager,4,Prep plan generated,10,0.5,0.7692
2026-04-27,LinkedIn extension,Product Manager,5,First note completed,10,0.5,1.0
2026-04-27,LinkedIn extension,Product Manager,6,Exam submitted,9,0.45,0.9
2026-04-27,LinkedIn extension,Product Manager,7,Mock interview completed,3,0.15,0.3333
2026-04-27,LinkedIn extension,Software Engineer,1,Account created,18,1.0,1.0
2026-04-27,LinkedIn extension,Software Engineer,2,Logged in,17,0.9444,0.9444
2026-04-27,LinkedIn extension,Software Engineer,3,Job saved,12,0.6667,0.7059
2026-04-27,LinkedIn extension,Software Engineer,4,Prep plan generated,7,0.3889,0.5833
2026-04-27,LinkedIn extension,Software Engineer,5,First note completed,7,0.3889,1.0
2026-04-27,LinkedIn extension,Software Engineer,6,Exam submitted,7,0.3889,1.0
2026-04-27,LinkedIn extension,Software Engineer,7,Mock interview completed,3,0.1667,0.4286
2026-04-27,LinkedIn extension,UX Designer,1,Account created,19,1.0,1.0
2026-04-27,LinkedIn extension,UX Designer,2,Logged in,17,0.8947,0.8947
2026-04-27,LinkedIn extension,UX Designer,3,Job saved,15,0.7895,0.8824
2026-04-27,LinkedIn extension,UX Designer,4,Prep plan generated,14,0.7368,0.9333
2026-04-27,LinkedIn extension,UX Designer,5,First note completed,14,0.7368,1.0
2026-04-27,LinkedIn extension,UX Designer,6,Exam submitted,11,0.5789,0.7857
2026-04-27,LinkedIn extension,UX Designer,7,Mock interview completed,4,0.2105,0.3636
2026-04-27,Manual paste,Data Analyst,1,Account created,19,1.0,1.0
2026-04-27,Manual paste,Data Analyst,2,Logged in,16,0.8421,0.8421
2026-04-27,Manual paste,Data Analyst,3,Job saved,10,0.5263,0.625
2026-04-27,Manual paste,Data Analyst,4,Prep plan generated,6,0.3158,0.6
2026-04-27,Manual paste,Data Analyst,5,First note completed,6,0.3158,1.0
2026-04-27,Manual paste,Data Analyst,6,Exam submitted,5,0.2632,0.8333
2026-04-27,Manual paste,Data Analyst,7,Mock interview completed,0,0.0,0.0
2026-04-27,Manual paste,Finance Analyst,1,Account created,14,1.0,1.0
2026-04-27,Manual paste,Finance Analyst,2,Logged in,12,0.8571,0.8571
2026-04-27,Manual paste,Finance Analyst,3,Job saved,6,0.4286,0.5
2026-04-27,Manual paste,Finance Analyst,4,Prep plan generated,5,0.3571,0.8333
2026-04-27,Manual paste,Finance Analyst,5,First note completed,5,0.3571,1.0
2026-04-27,Manual paste,Finance Analyst,6,Exam submitted,5,0.3571,1.0
2026-04-27,Manual paste,Finance Analyst,7,Mock interview completed,0,0.0,0.0
2026-04-27,Manual paste,Product Manager,1,Account created,6,1.0,1.0
2026-04-27,Manual paste,Product Manager,2,Logged in,5,0.8333,0.8333
2026-04-27,Manual paste,Product Manager,3,Job saved,5,0.8333,1.0
2026-04-27,Manual paste,Product Manager,4,Prep plan generated,2,0.3333,0.4
2026-04-27,Manual paste,Product Manager,5,First note completed,2,0.3333,1.0
2026-04-27,Manual paste,Product Manager,6,Exam submitted,0,0.0,0.0
2026-04-27,Manual paste,Product Manager,7,Mock interview completed,0,0.0,0
2026-04-27,Manual paste,Software Engineer,1,Account created,15,1.0,1.0
2026-04-27,Manual paste,Software Engineer,2,Logged in,14,0.9333,0.9333
2026-04-27,Manual paste,Software Engineer,3,Job saved,9,0.6,0.6429
2026-04-27,Manual paste,Software Engineer,4,Prep plan generated,7,0.4667,0.7778
2026-04-27,Manual paste,Software Engineer,5,First note completed,7,0.4667,1.0
2026-04-27,Manual paste,Software Engineer,6,Exam submitted,5,0.3333,0.7143
2026-04-27,Manual paste,Software Engineer,7,Mock interview completed,2,0.1333,0.4
2026-04-27,Manual paste,UX Designer,1,Account created,12,1.0,1.0
2026-04-27,Manual paste,UX Designer,2,Logged in,11,0.9167,0.9167
2026-04-27,Manual paste,UX Designer,3,Job saved,8,0.6667,0.7273
2026-04-27,Manual paste,UX Designer,4,Prep plan generated,5,0.4167,0.625
2026-04-27,Manual paste,UX Designer,5,First note completed,5,0.4167,1.0
2026-04-27,Manual paste,UX Designer,6,Exam submitted,4,0.3333,0.8
2026-04-27,Manual paste,UX Designer,7,Mock interview completed,4,0.3333,1.0
2026-05-04,Company career site,Data Analyst,1,Account created,11,1.0,1.0
2026-05-04,Company career site,Data Analyst,2,Logged in,8,0.7273,0.7273
2026-05-04,Company career site,Data Analyst,3,Job saved,5,0.4545,0.625
2026-05-04,Company career site,Data Analyst,4,Prep plan generated,4,0.3636,0.8
2026-05-04,Company career site,Data Analyst,5,First note completed,4,0.3636,1.0
2026-05-04,Company career site,Data Analyst,6,Exam submitted,3,0.2727,0.75
2026-05-04,Company career site,Data Analyst,7,Mock interview completed,1,0.0909,0.3333
2026-05-04,Company career site,Finance Analyst,1,Account created,15,1.0,1.0
2026-05-04,Company career site,Finance Analyst,2,Logged in,13,0.8667,0.8667
2026-05-04,Company career site,Finance Analyst,3,Job saved,11,0.7333,0.8462
2026-05-04,Company career site,Finance Analyst,4,Prep plan generated,8,0.5333,0.7273
2026-05-04,Company career site,Finance Analyst,5,First note completed,8,0.5333,1.0
2026-05-04,Company career site,Finance Analyst,6,Exam submitted,6,0.4,0.75
2026-05-04,Company career site,Finance Analyst,7,Mock interview completed,1,0.0667,0.1667
2026-05-04,Company career site,Product Manager,1,Account created,11,1.0,1.0
2026-05-04,Company career site,Product Manager,2,Logged in,11,1.0,1.0
2026-05-04,Company career site,Product Manager,3,Job saved,5,0.4545,0.4545
2026-05-04,Company career site,Product Manager,4,Prep plan generated,5,0.4545,1.0
2026-05-04,Company career site,Product Manager,5,First note completed,5,0.4545,1.0
2026-05-04,Company career site,Product Manager,6,Exam submitted,5,0.4545,1.0
2026-05-04,Company career site,Product Manager,7,Mock interview completed,2,0.1818,0.4
2026-05-04,Company career site,Software Engineer,1,Account created,8,1.0,1.0
2026-05-04,Company career site,Software Engineer,2,Logged in,7,0.875,0.875
2026-05-04,Company career site,Software Engineer,3,Job saved,2,0.25,0.2857
2026-05-04,Company career site,Software Engineer,4,Prep plan generated,2,0.25,1.0
2026-05-04,Company career site,Software Engineer,5,First note completed,2,0.25,1.0
2026-05-04,Company career site,Software Engineer,6,Exam submitted,2,0.25,1.0
2026-05-04,Company career site,Software Engineer,7,Mock interview completed,0,0.0,0.0
2026-05-04,Company career site,UX Designer,1,Account created,17,1.0,1.0
2026-05-04,Company career site,UX Designer,2,Logged in,15,0.8824,0.8824
2026-05-04,Company career site,UX Designer,3,Job saved,11,0.6471,0.7333
2026-05-04,Company career site,UX Designer,4,Prep plan generated,7,0.4118,0.6364
2026-05-04,Company career site,UX Designer,5,First note completed,7,0.4118,1.0
2026-05-04,Company career site,UX Designer,6,Exam submitted,7,0.4118,1.0
2026-05-04,Company career site,UX Designer,7,Mock interview completed,3,0.1765,0.4286
2026-05-04,Handshake extension,Data Analyst,1,Account created,23,1.0,1.0
2026-05-04,Handshake extension,Data Analyst,2,Logged in,20,0.8696,0.8696
2026-05-04,Handshake extension,Data Analyst,3,Job saved,15,0.6522,0.75
2026-05-04,Handshake extension,Data Analyst,4,Prep plan generated,11,0.4783,0.7333
2026-05-04,Handshake extension,Data Analyst,5,First note completed,11,0.4783,1.0
2026-05-04,Handshake extension,Data Analyst,6,Exam submitted,8,0.3478,0.7273
2026-05-04,Handshake extension,Data Analyst,7,Mock interview completed,5,0.2174,0.625
2026-05-04,Handshake extension,Finance Analyst,1,Account created,17,1.0,1.0
2026-05-04,Handshake extension,Finance Analyst,2,Logged in,17,1.0,1.0
2026-05-04,Handshake extension,Finance Analyst,3,Job saved,10,0.5882,0.5882
2026-05-04,Handshake extension,Finance Analyst,4,Prep plan generated,6,0.3529,0.6
2026-05-04,Handshake extension,Finance Analyst,5,First note completed,6,0.3529,1.0
2026-05-04,Handshake extension,Finance Analyst,6,Exam submitted,4,0.2353,0.6667
2026-05-04,Handshake extension,Finance Analyst,7,Mock interview completed,0,0.0,0.0
2026-05-04,Handshake extension,Product Manager,1,Account created,15,1.0,1.0
2026-05-04,Handshake extension,Product Manager,2,Logged in,14,0.9333,0.9333
2026-05-04,Handshake extension,Product Manager,3,Job saved,12,0.8,0.8571
2026-05-04,Handshake extension,Product Manager,4,Prep plan generated,7,0.4667,0.5833
2026-05-04,Handshake extension,Product Manager,5,First note completed,7,0.4667,1.0
2026-05-04,Handshake extension,Product Manager,6,Exam submitted,5,0.3333,0.7143
2026-05-04,Handshake extension,Product Manager,7,Mock interview completed,2,0.1333,0.4
2026-05-04,Handshake extension,Software Engineer,1,Account created,14,1.0,1.0
2026-05-04,Handshake extension,Software Engineer,2,Logged in,13,0.9286,0.9286
2026-05-04,Handshake extension,Software Engineer,3,Job saved,10,0.7143,0.7692
2026-05-04,Handshake extension,Software Engineer,4,Prep plan generated,6,0.4286,0.6
2026-05-04,Handshake extension,Software Engineer,5,First note completed,6,0.4286,1.0
2026-05-04,Handshake extension,Software Engineer,6,Exam submitted,3,0.2143,0.5
2026-05-04,Handshake extension,Software Engineer,7,Mock interview completed,0,0.0,0.0
2026-05-04,Handshake extension,UX Designer,1,Account created,16,1.0,1.0
2026-05-04,Handshake extension,UX Designer,2,Logged in,15,0.9375,0.9375
2026-05-04,Handshake extension,UX Designer,3,Job saved,10,0.625,0.6667
2026-05-04,Handshake extension,UX Designer,4,Prep plan generated,8,0.5,0.8
2026-05-04,Handshake extension,UX Designer,5,First note completed,8,0.5,1.0
2026-05-04,Handshake extension,UX Designer,6,Exam submitted,7,0.4375,0.875
2026-05-04,Handshake extension,UX Designer,7,Mock interview completed,3,0.1875,0.4286
2026-05-04,LinkedIn extension,Data Analyst,1,Account created,28,1.0,1.0
2026-05-04,LinkedIn extension,Data Analyst,2,Logged in,23,0.8214,0.8214
2026-05-04,LinkedIn extension,Data Analyst,3,Job saved,12,0.4286,0.5217
2026-05-04,LinkedIn extension,Data Analyst,4,Prep plan generated,11,0.3929,0.9167
2026-05-04,LinkedIn extension,Data Analyst,5,First note completed,11,0.3929,1.0
2026-05-04,LinkedIn extension,Data Analyst,6,Exam submitted,8,0.2857,0.7273
2026-05-04,LinkedIn extension,Data Analyst,7,Mock interview completed,4,0.1429,0.5
2026-05-04,LinkedIn extension,Finance Analyst,1,Account created,24,1.0,1.0
2026-05-04,LinkedIn extension,Finance Analyst,2,Logged in,23,0.9583,0.9583
2026-05-04,LinkedIn extension,Finance Analyst,3,Job saved,17,0.7083,0.7391
2026-05-04,LinkedIn extension,Finance Analyst,4,Prep plan generated,13,0.5417,0.7647
2026-05-04,LinkedIn extension,Finance Analyst,5,First note completed,13,0.5417,1.0
2026-05-04,LinkedIn extension,Finance Analyst,6,Exam submitted,9,0.375,0.6923
2026-05-04,LinkedIn extension,Finance Analyst,7,Mock interview completed,3,0.125,0.3333
2026-05-04,LinkedIn extension,Product Manager,1,Account created,19,1.0,1.0
2026-05-04,LinkedIn extension,Product Manager,2,Logged in,18,0.9474,0.9474
2026-05-04,LinkedIn extension,Product Manager,3,Job saved,14,0.7368,0.7778
2026-05-04,LinkedIn extension,Product Manager,4,Prep plan generated,12,0.6316,0.8571
2026-05-04,LinkedIn extension,Product Manager,5,First note completed,12,0.6316,1.0
2026-05-04,LinkedIn extension,Product Manager,6,Exam submitted,7,0.3684,0.5833
2026-05-04,LinkedIn extension,Product Manager,7,Mock interview completed,2,0.1053,0.2857
2026-05-04,LinkedIn extension,Software Engineer,1,Account created,24,1.0,1.0
2026-05-04,LinkedIn extension,Software Engineer,2,Logged in,23,0.9583,0.9583
2026-05-04,LinkedIn extension,Software Engineer,3,Job saved,15,0.625,0.6522
2026-05-04,LinkedIn extension,Software Engineer,4,Prep plan generated,13,0.5417,0.8667
2026-05-04,LinkedIn extension,Software Engineer,5,First note completed,13,0.5417,1.0
2026-05-04,LinkedIn extension,Software Engineer,6,Exam submitted,9,0.375,0.6923
2026-05-04,LinkedIn extension,Software Engineer,7,Mock interview completed,4,0.1667,0.4444
2026-05-04,LinkedIn extension,UX Designer,1,Account created,21,1.0,1.0
2026-05-04,LinkedIn extension,UX Designer,2,Logged in,21,1.0,1.0
2026-05-04,LinkedIn extension,UX Designer,3,Job saved,16,0.7619,0.7619
2026-05-04,LinkedIn extension,UX Designer,4,Prep plan generated,14,0.6667,0.875
2026-05-04,LinkedIn extension,UX Designer,5,First note completed,14,0.6667,1.0
2026-05-04,LinkedIn extension,UX Designer,6,Exam submitted,11,0.5238,0.7857
2026-05-04,LinkedIn extension,UX Designer,7,Mock interview completed,4,0.1905,0.3636
2026-05-04,Manual paste,Data Analyst,1,Account created,11,1.0,1.0
2026-05-04,Manual paste,Data Analyst,2,Logged in,9,0.8182,0.8182
2026-05-04,Manual paste,Data Analyst,3,Job saved,6,0.5455,0.6667
2026-05-04,Manual paste,Data Analyst,4,Prep plan generated,3,0.2727,0.5
2026-05-04,Manual paste,Data Analyst,5,First note completed,3,0.2727,1.0
2026-05-04,Manual paste,Data Analyst,6,Exam submitted,1,0.0909,0.3333
2026-05-04,Manual paste,Data Analyst,7,Mock interview completed,1,0.0909,1.0
2026-05-04,Manual paste,Finance Analyst,1,Account created,10,1.0,1.0
2026-05-04,Manual paste,Finance Analyst,2,Logged in,9,0.9,0.9
2026-05-04,Manual paste,Finance Analyst,3,Job saved,5,0.5,0.5556
2026-05-04,Manual paste,Finance Analyst,4,Prep plan generated,3,0.3,0.6
2026-05-04,Manual paste,Finance Analyst,5,First note completed,3,0.3,1.0
2026-05-04,Manual paste,Finance Analyst,6,Exam submitted,2,0.2,0.6667
2026-05-04,Manual paste,Finance Analyst,7,Mock interview completed,0,0.0,0.0
2026-05-04,Manual paste,Product Manager,1,Account created,12,1.0,1.0
2026-05-04,Manual paste,Product Manager,2,Logged in,11,0.9167,0.9167
2026-05-04,Manual paste,Product Manager,3,Job saved,8,0.6667,0.7273
2026-05-04,Manual paste,Product Manager,4,Prep plan generated,7,0.5833,0.875
2026-05-04,Manual paste,Product Manager,5,First note completed,7,0.5833,1.0
2026-05-04,Manual paste,Product Manager,6,Exam submitted,5,0.4167,0.7143
2026-05-04,Manual paste,Product Manager,7,Mock interview completed,2,0.1667,0.4
2026-05-04,Manual paste,Software Engineer,1,Account created,15,1.0,1.0
2026-05-04,Manual paste,Software Engineer,2,Logged in,14,0.9333,0.9333
2026-05-04,Manual paste,Software Engineer,3,Job saved,8,0.5333,0.5714
2026-05-04,Manual paste,Software Engineer,4,Prep plan generated,4,0.2667,0.5
2026-05-04,Manual paste,Software Engineer,5,First note completed,4,0.2667,1.0
2026-05-04,Manual paste,Software Engineer,6,Exam submitted,2,0.1333,0.5
2026-05-04,Manual paste,Software Engineer,7,Mock interview completed,0,0.0,0.0
2026-05-04,Manual paste,UX Designer,1,Account created,12,1.0,1.0
2026-05-04,Manual paste,UX Designer,2,Logged in,11,0.9167,0.9167
2026-05-04,Manual paste,UX Designer,3,Job saved,7,0.5833,0.6364
2026-05-04,Manual paste,UX Designer,4,Prep plan generated,5,0.4167,0.7143
2026-05-04,Manual paste,UX Designer,5,First note completed,4,0.3333,0.8
2026-05-04,Manual paste,UX Designer,6,Exam submitted,4,0.3333,1.0
2026-05-04,Manual paste,UX Designer,7,Mock interview completed,1,0.0833,0.25
2026-05-11,Company career site,Data Analyst,1,Account created,15,1.0,1.0
2026-05-11,Company career site,Data Analyst,2,Logged in,12,0.8,0.8
2026-05-11,Company career site,Data Analyst,3,Job saved,8,0.5333,0.6667
2026-05-11,Company career site,Data Analyst,4,Prep plan generated,5,0.3333,0.625
2026-05-11,Company career site,Data Analyst,5,First note completed,5,0.3333,1.0
2026-05-11,Company career site,Data Analyst,6,Exam submitted,5,0.3333,1.0
2026-05-11,Company career site,Data Analyst,7,Mock interview completed,1,0.0667,0.2
2026-05-11,Company career site,Finance Analyst,1,Account created,12,1.0,1.0
2026-05-11,Company career site,Finance Analyst,2,Logged in,10,0.8333,0.8333
2026-05-11,Company career site,Finance Analyst,3,Job saved,4,0.3333,0.4
2026-05-11,Company career site,Finance Analyst,4,Prep plan generated,3,0.25,0.75
2026-05-11,Company career site,Finance Analyst,5,First note completed,3,0.25,1.0
2026-05-11,Company career site,Finance Analyst,6,Exam submitted,0,0.0,0.0
2026-05-11,Company career site,Finance Analyst,7,Mock interview completed,0,0.0,0
2026-05-11,Company career site,Product Manager,1,Account created,10,1.0,1.0
2026-05-11,Company career site,Product Manager,2,Logged in,10,1.0,1.0
2026-05-11,Company career site,Product Manager,3,Job saved,9,0.9,0.9
2026-05-11,Company career site,Product Manager,4,Prep plan generated,8,0.8,0.8889
2026-05-11,Company career site,Product Manager,5,First note completed,8,0.8,1.0
2026-05-11,Company career site,Product Manager,6,Exam submitted,5,0.5,0.625
2026-05-11,Company career site,Product Manager,7,Mock interview completed,1,0.1,0.2
2026-05-11,Company career site,Software Engineer,1,Account created,11,1.0,1.0
2026-05-11,Company career site,Software Engineer,2,Logged in,10,0.9091,0.9091
2026-05-11,Company career site,Software Engineer,3,Job saved,6,0.5455,0.6
2026-05-11,Company career site,Software Engineer,4,Prep plan generated,5,0.4545,0.8333
2026-05-11,Company career site,Software Engineer,5,First note completed,5,0.4545,1.0
2026-05-11,Company career site,Software Engineer,6,Exam submitted,4,0.3636,0.8
2026-05-11,Company career site,Software Engineer,7,Mock interview completed,2,0.1818,0.5
2026-05-11,Company career site,UX Designer,1,Account created,16,1.0,1.0
2026-05-11,Company career site,UX Designer,2,Logged in,14,0.875,0.875
2026-05-11,Company career site,UX Designer,3,Job saved,6,0.375,0.4286
2026-05-11,Company career site,UX Designer,4,Prep plan generated,3,0.1875,0.5
2026-05-11,Company career site,UX Designer,5,First note completed,3,0.1875,1.0
2026-05-11,Company career site,UX Designer,6,Exam submitted,2,0.125,0.6667
2026-05-11,Company career site,UX Designer,7,Mock interview completed,2,0.125,1.0
2026-05-11,Handshake extension,Data Analyst,1,Account created,22,1.0,1.0
2026-05-11,Handshake extension,Data Analyst,2,Logged in,21,0.9545,0.9545
2026-05-11,Handshake extension,Data Analyst,3,Job saved,16,0.7273,0.7619
2026-05-11,Handshake extension,Data Analyst,4,Prep plan generated,11,0.5,0.6875
2026-05-11,Handshake extension,Data Analyst,5,First note completed,11,0.5,1.0
2026-05-11,Handshake extension,Data Analyst,6,Exam submitted,6,0.2727,0.5455
2026-05-11,Handshake extension,Data Analyst,7,Mock interview completed,5,0.2273,0.8333
2026-05-11,Handshake extension,Finance Analyst,1,Account created,11,1.0,1.0
2026-05-11,Handshake extension,Finance Analyst,2,Logged in,11,1.0,1.0
2026-05-11,Handshake extension,Finance Analyst,3,Job saved,10,0.9091,0.9091
2026-05-11,Handshake extension,Finance Analyst,4,Prep plan generated,8,0.7273,0.8
2026-05-11,Handshake extension,Finance Analyst,5,First note completed,8,0.7273,1.0
2026-05-11,Handshake extension,Finance Analyst,6,Exam submitted,6,0.5455,0.75
2026-05-11,Handshake extension,Finance Analyst,7,Mock interview completed,2,0.1818,0.3333
2026-05-11,Handshake extension,Product Manager,1,Account created,22,1.0,1.0
2026-05-11,Handshake extension,Product Manager,2,Logged in,20,0.9091,0.9091
2026-05-11,Handshake extension,Product Manager,3,Job saved,17,0.7727,0.85
2026-05-11,Handshake extension,Product Manager,4,Prep plan generated,12,0.5455,0.7059
2026-05-11,Handshake extension,Product Manager,5,First note completed,12,0.5455,1.0
2026-05-11,Handshake extension,Product Manager,6,Exam submitted,11,0.5,0.9167
2026-05-11,Handshake extension,Product Manager,7,Mock interview completed,6,0.2727,0.5455
2026-05-11,Handshake extension,Software Engineer,1,Account created,11,1.0,1.0
2026-05-11,Handshake extension,Software Engineer,2,Logged in,11,1.0,1.0
2026-05-11,Handshake extension,Software Engineer,3,Job saved,9,0.8182,0.8182
2026-05-11,Handshake extension,Software Engineer,4,Prep plan generated,8,0.7273,0.8889
2026-05-11,Handshake extension,Software Engineer,5,First note completed,8,0.7273,1.0
2026-05-11,Handshake extension,Software Engineer,6,Exam submitted,5,0.4545,0.625
2026-05-11,Handshake extension,Software Engineer,7,Mock interview completed,4,0.3636,0.8
2026-05-11,Handshake extension,UX Designer,1,Account created,23,1.0,1.0
2026-05-11,Handshake extension,UX Designer,2,Logged in,22,0.9565,0.9565
2026-05-11,Handshake extension,UX Designer,3,Job saved,16,0.6957,0.7273
2026-05-11,Handshake extension,UX Designer,4,Prep plan generated,12,0.5217,0.75
2026-05-11,Handshake extension,UX Designer,5,First note completed,12,0.5217,1.0
2026-05-11,Handshake extension,UX Designer,6,Exam submitted,9,0.3913,0.75
2026-05-11,Handshake extension,UX Designer,7,Mock interview completed,7,0.3043,0.7778
2026-05-11,LinkedIn extension,Data Analyst,1,Account created,24,1.0,1.0
2026-05-11,LinkedIn extension,Data Analyst,2,Logged in,24,1.0,1.0
2026-05-11,LinkedIn extension,Data Analyst,3,Job saved,16,0.6667,0.6667
2026-05-11,LinkedIn extension,Data Analyst,4,Prep plan generated,13,0.5417,0.8125
2026-05-11,LinkedIn extension,Data Analyst,5,First note completed,13,0.5417,1.0
2026-05-11,LinkedIn extension,Data Analyst,6,Exam submitted,9,0.375,0.6923
2026-05-11,LinkedIn extension,Data Analyst,7,Mock interview completed,2,0.0833,0.2222
2026-05-11,LinkedIn extension,Finance Analyst,1,Account created,27,1.0,1.0
2026-05-11,LinkedIn extension,Finance Analyst,2,Logged in,23,0.8519,0.8519
2026-05-11,LinkedIn extension,Finance Analyst,3,Job saved,15,0.5556,0.6522
2026-05-11,LinkedIn extension,Finance Analyst,4,Prep plan generated,11,0.4074,0.7333
2026-05-11,LinkedIn extension,Finance Analyst,5,First note completed,11,0.4074,1.0
2026-05-11,LinkedIn extension,Finance Analyst,6,Exam submitted,8,0.2963,0.7273
2026-05-11,LinkedIn extension,Finance Analyst,7,Mock interview completed,4,0.1481,0.5
2026-05-11,LinkedIn extension,Product Manager,1,Account created,10,1.0,1.0
2026-05-11,LinkedIn extension,Product Manager,2,Logged in,9,0.9,0.9
2026-05-11,LinkedIn extension,Product Manager,3,Job saved,5,0.5,0.5556
2026-05-11,LinkedIn extension,Product Manager,4,Prep plan generated,3,0.3,0.6
2026-05-11,LinkedIn extension,Product Manager,5,First note completed,3,0.3,1.0
2026-05-11,LinkedIn extension,Product Manager,6,Exam submitted,2,0.2,0.6667
2026-05-11,LinkedIn extension,Product Manager,7,Mock interview completed,0,0.0,0.0
2026-05-11,LinkedIn extension,Software Engineer,1,Account created,15,1.0,1.0
2026-05-11,LinkedIn extension,Software Engineer,2,Logged in,15,1.0,1.0
2026-05-11,LinkedIn extension,Software Engineer,3,Job saved,11,0.7333,0.7333
2026-05-11,LinkedIn extension,Software Engineer,4,Prep plan generated,10,0.6667,0.9091
2026-05-11,LinkedIn extension,Software Engineer,5,First note completed,10,0.6667,1.0
2026-05-11,LinkedIn extension,Software Engineer,6,Exam submitted,7,0.4667,0.7
2026-05-11,LinkedIn extension,Software Engineer,7,Mock interview completed,1,0.0667,0.1429
2026-05-11,LinkedIn extension,UX Designer,1,Account created,17,1.0,1.0
2026-05-11,LinkedIn extension,UX Designer,2,Logged in,15,0.8824,0.8824
2026-05-11,LinkedIn extension,UX Designer,3,Job saved,10,0.5882,0.6667
2026-05-11,LinkedIn extension,UX Designer,4,Prep plan generated,7,0.4118,0.7
2026-05-11,LinkedIn extension,UX Designer,5,First note completed,7,0.4118,1.0
2026-05-11,LinkedIn extension,UX Designer,6,Exam submitted,6,0.3529,0.8571
2026-05-11,LinkedIn extension,UX Designer,7,Mock interview completed,1,0.0588,0.1667
2026-05-11,Manual paste,Data Analyst,1,Account created,16,1.0,1.0
2026-05-11,Manual paste,Data Analyst,2,Logged in,16,1.0,1.0
2026-05-11,Manual paste,Data Analyst,3,Job saved,11,0.6875,0.6875
2026-05-11,Manual paste,Data Analyst,4,Prep plan generated,6,0.375,0.5455
2026-05-11,Manual paste,Data Analyst,5,First note completed,6,0.375,1.0
2026-05-11,Manual paste,Data Analyst,6,Exam submitted,4,0.25,0.6667
2026-05-11,Manual paste,Data Analyst,7,Mock interview completed,1,0.0625,0.25
2026-05-11,Manual paste,Finance Analyst,1,Account created,19,1.0,1.0
2026-05-11,Manual paste,Finance Analyst,2,Logged in,15,0.7895,0.7895
2026-05-11,Manual paste,Finance Analyst,3,Job saved,9,0.4737,0.6
2026-05-11,Manual paste,Finance Analyst,4,Prep plan generated,7,0.3684,0.7778
2026-05-11,Manual paste,Finance Analyst,5,First note completed,7,0.3684,1.0
2026-05-11,Manual paste,Finance Analyst,6,Exam submitted,4,0.2105,0.5714
2026-05-11,Manual paste,Finance Analyst,7,Mock interview completed,2,0.1053,0.5
2026-05-11,Manual paste,Product Manager,1,Account created,15,1.0,1.0
2026-05-11,Manual paste,Product Manager,2,Logged in,11,0.7333,0.7333
2026-05-11,Manual paste,Product Manager,3,Job saved,7,0.4667,0.6364
2026-05-11,Manual paste,Product Manager,4,Prep plan generated,3,0.2,0.4286
2026-05-11,Manual paste,Product Manager,5,First note completed,3,0.2,1.0
2026-05-11,Manual paste,Product Manager,6,Exam submitted,2,0.1333,0.6667
2026-05-11,Manual paste,Product Manager,7,Mock interview completed,1,0.0667,0.5
2026-05-11,Manual paste,Software Engineer,1,Account created,16,1.0,1.0
2026-05-11,Manual paste,Software Engineer,2,Logged in,14,0.875,0.875
2026-05-11,Manual paste,Software Engineer,3,Job saved,8,0.5,0.5714
2026-05-11,Manual paste,Software Engineer,4,Prep plan generated,6,0.375,0.75
2026-05-11,Manual paste,Software Engineer,5,First note completed,6,0.375,1.0
2026-05-11,Manual paste,Software Engineer,6,Exam submitted,4,0.25,0.6667
2026-05-11,Manual paste,Software Engineer,7,Mock interview completed,1,0.0625,0.25
2026-05-11,Manual paste,UX Designer,1,Account created,13,1.0,1.0
2026-05-11,Manual paste,UX Designer,2,Logged in,13,1.0,1.0
2026-05-11,Manual paste,UX Designer,3,Job saved,8,0.6154,0.6154
2026-05-11,Manual paste,UX Designer,4,Prep plan generated,7,0.5385,0.875
2026-05-11,Manual paste,UX Designer,5,First note completed,7,0.5385,1.0
2026-05-11,Manual paste,UX Designer,6,Exam submitted,5,0.3846,0.7143
2026-05-11,Manual paste,UX Designer,7,Mock interview completed,2,0.1538,0.4
2026-05-18,Company career site,Data Analyst,1,Account created,4,1.0,1.0
2026-05-18,Company career site,Data Analyst,2,Logged in,4,1.0,1.0
2026-05-18,Company career site,Data Analyst,3,Job saved,2,0.5,0.5
2026-05-18,Company career site,Data Analyst,4,Prep plan generated,2,0.5,1.0
2026-05-18,Company career site,Data Analyst,5,First note completed,2,0.5,1.0
2026-05-18,Company career site,Data Analyst,6,Exam submitted,2,0.5,1.0
2026-05-18,Company career site,Data Analyst,7,Mock interview completed,1,0.25,0.5
2026-05-18,Company career site,Finance Analyst,1,Account created,9,1.0,1.0
2026-05-18,Company career site,Finance Analyst,2,Logged in,7,0.7778,0.7778
2026-05-18,Company career site,Finance Analyst,3,Job saved,5,0.5556,0.7143
2026-05-18,Company career site,Finance Analyst,4,Prep plan generated,3,0.3333,0.6
2026-05-18,Company career site,Finance Analyst,5,First note completed,3,0.3333,1.0
2026-05-18,Company career site,Finance Analyst,6,Exam submitted,2,0.2222,0.6667
2026-05-18,Company career site,Finance Analyst,7,Mock interview completed,0,0.0,0.0
2026-05-18,Company career site,Product Manager,1,Account created,16,1.0,1.0
2026-05-18,Company career site,Product Manager,2,Logged in,12,0.75,0.75
2026-05-18,Company career site,Product Manager,3,Job saved,8,0.5,0.6667
2026-05-18,Company career site,Product Manager,4,Prep plan generated,6,0.375,0.75
2026-05-18,Company career site,Product Manager,5,First note completed,6,0.375,1.0
2026-05-18,Company career site,Product Manager,6,Exam submitted,3,0.1875,0.5
2026-05-18,Company career site,Product Manager,7,Mock interview completed,0,0.0,0.0
2026-05-18,Company career site,Software Engineer,1,Account created,15,1.0,1.0
2026-05-18,Company career site,Software Engineer,2,Logged in,12,0.8,0.8
2026-05-18,Company career site,Software Engineer,3,Job saved,8,0.5333,0.6667
2026-05-18,Company career site,Software Engineer,4,Prep plan generated,2,0.1333,0.25
2026-05-18,Company career site,Software Engineer,5,First note completed,2,0.1333,1.0
2026-05-18,Company career site,Software Engineer,6,Exam submitted,0,0.0,0.0
2026-05-18,Company career site,Software Engineer,7,Mock interview completed,0,0.0,0
2026-05-18,Company career site,UX Designer,1,Account created,11,1.0,1.0
2026-05-18,Company career site,UX Designer,2,Logged in,10,0.9091,0.9091
2026-05-18,Company career site,UX Designer,3,Job saved,5,0.4545,0.5
2026-05-18,Company career site,UX Designer,4,Prep plan generated,3,0.2727,0.6
2026-05-18,Company career site,UX Designer,5,First note completed,3,0.2727,1.0
2026-05-18,Company career site,UX Designer,6,Exam submitted,1,0.0909,0.3333
2026-05-18,Company career site,UX Designer,7,Mock interview completed,1,0.0909,1.0
2026-05-18,Handshake extension,Data Analyst,1,Account created,11,1.0,1.0
2026-05-18,Handshake extension,Data Analyst,2,Logged in,8,0.7273,0.7273
2026-05-18,Handshake extension,Data Analyst,3,Job saved,7,0.6364,0.875
2026-05-18,Handshake extension,Data Analyst,4,Prep plan generated,7,0.6364,1.0
2026-05-18,Handshake extension,Data Analyst,5,First note completed,7,0.6364,1.0
2026-05-18,Handshake extension,Data Analyst,6,Exam submitted,4,0.3636,0.5714
2026-05-18,Handshake extension,Data Analyst,7,Mock interview completed,2,0.1818,0.5
2026-05-18,Handshake extension,Finance Analyst,1,Account created,14,1.0,1.0
2026-05-18,Handshake extension,Finance Analyst,2,Logged in,14,1.0,1.0
2026-05-18,Handshake extension,Finance Analyst,3,Job saved,12,0.8571,0.8571
2026-05-18,Handshake extension,Finance Analyst,4,Prep plan generated,10,0.7143,0.8333
2026-05-18,Handshake extension,Finance Analyst,5,First note completed,10,0.7143,1.0
2026-05-18,Handshake extension,Finance Analyst,6,Exam submitted,8,0.5714,0.8
2026-05-18,Handshake extension,Finance Analyst,7,Mock interview completed,5,0.3571,0.625
2026-05-18,Handshake extension,Product Manager,1,Account created,26,1.0,1.0
2026-05-18,Handshake extension,Product Manager,2,Logged in,24,0.9231,0.9231
2026-05-18,Handshake extension,Product Manager,3,Job saved,18,0.6923,0.75
2026-05-18,Handshake extension,Product Manager,4,Prep plan generated,13,0.5,0.7222
2026-05-18,Handshake extension,Product Manager,5,First note completed,13,0.5,1.0
2026-05-18,Handshake extension,Product Manager,6,Exam submitted,8,0.3077,0.6154
2026-05-18,Handshake extension,Product Manager,7,Mock interview completed,3,0.1154,0.375
2026-05-18,Handshake extension,Software Engineer,1,Account created,15,1.0,1.0
2026-05-18,Handshake extension,Software Engineer,2,Logged in,14,0.9333,0.9333
2026-05-18,Handshake extension,Software Engineer,3,Job saved,12,0.8,0.8571
2026-05-18,Handshake extension,Software Engineer,4,Prep plan generated,8,0.5333,0.6667
2026-05-18,Handshake extension,Software Engineer,5,First note completed,8,0.5333,1.0
2026-05-18,Handshake extension,Software Engineer,6,Exam submitted,6,0.4,0.75
2026-05-18,Handshake extension,Software Engineer,7,Mock interview completed,5,0.3333,0.8333
2026-05-18,Handshake extension,UX Designer,1,Account created,19,1.0,1.0
2026-05-18,Handshake extension,UX Designer,2,Logged in,19,1.0,1.0
2026-05-18,Handshake extension,UX Designer,3,Job saved,17,0.8947,0.8947
2026-05-18,Handshake extension,UX Designer,4,Prep plan generated,13,0.6842,0.7647
2026-05-18,Handshake extension,UX Designer,5,First note completed,13,0.6842,1.0
2026-05-18,Handshake extension,UX Designer,6,Exam submitted,9,0.4737,0.6923
2026-05-18,Handshake extension,UX Designer,7,Mock interview completed,4,0.2105,0.4444
2026-05-18,LinkedIn extension,Data Analyst,1,Account created,20,1.0,1.0
2026-05-18,LinkedIn extension,Data Analyst,2,Logged in,17,0.85,0.85
2026-05-18,LinkedIn extension,Data Analyst,3,Job saved,13,0.65,0.7647
2026-05-18,LinkedIn extension,Data Analyst,4,Prep plan generated,10,0.5,0.7692
2026-05-18,LinkedIn extension,Data Analyst,5,First note completed,10,0.5,1.0
2026-05-18,LinkedIn extension,Data Analyst,6,Exam submitted,8,0.4,0.8
2026-05-18,LinkedIn extension,Data Analyst,7,Mock interview completed,4,0.2,0.5
2026-05-18,LinkedIn extension,Finance Analyst,1,Account created,26,1.0,1.0
2026-05-18,LinkedIn extension,Finance Analyst,2,Logged in,23,0.8846,0.8846
2026-05-18,LinkedIn extension,Finance Analyst,3,Job saved,19,0.7308,0.8261
2026-05-18,LinkedIn extension,Finance Analyst,4,Prep plan generated,14,0.5385,0.7368
2026-05-18,LinkedIn extension,Finance Analyst,5,First note completed,14,0.5385,1.0
2026-05-18,LinkedIn extension,Finance Analyst,6,Exam submitted,10,0.3846,0.7143
2026-05-18,LinkedIn extension,Finance Analyst,7,Mock interview completed,3,0.1154,0.3
2026-05-18,LinkedIn extension,Product Manager,1,Account created,20,1.0,1.0
2026-05-18,LinkedIn extension,Product Manager,2,Logged in,19,0.95,0.95
2026-05-18,LinkedIn extension,Product Manager,3,Job saved,12,0.6,0.6316
2026-05-18,LinkedIn extension,Product Manager,4,Prep plan generated,9,0.45,0.75
2026-05-18,LinkedIn extension,Product Manager,5,First note completed,9,0.45,1.0
2026-05-18,LinkedIn extension,Product Manager,6,Exam submitted,8,0.4,0.8889
2026-05-18,LinkedIn extension,Product Manager,7,Mock interview completed,4,0.2,0.5
2026-05-18,LinkedIn extension,Software Engineer,1,Account created,14,1.0,1.0
2026-05-18,LinkedIn extension,Software Engineer,2,Logged in,11,0.7857,0.7857
2026-05-18,LinkedIn extension,Software Engineer,3,Job saved,8,0.5714,0.7273
2026-05-18,LinkedIn extension,Software Engineer,4,Prep plan generated,8,0.5714,1.0
2026-05-18,LinkedIn extension,Software Engineer,5,First note completed,8,0.5714,1.0
2026-05-18,LinkedIn extension,Software Engineer,6,Exam submitted,7,0.5,0.875
2026-05-18,LinkedIn extension,Software Engineer,7,Mock interview completed,1,0.0714,0.1429
2026-05-18,LinkedIn extension,UX Designer,1,Account created,22,1.0,1.0
2026-05-18,LinkedIn extension,UX Designer,2,Logged in,21,0.9545,0.9545
2026-05-18,LinkedIn extension,UX Designer,3,Job saved,14,0.6364,0.6667
2026-05-18,LinkedIn extension,UX Designer,4,Prep plan generated,11,0.5,0.7857
2026-05-18,LinkedIn extension,UX Designer,5,First note completed,11,0.5,1.0
2026-05-18,LinkedIn extension,UX Designer,6,Exam submitted,8,0.3636,0.7273
2026-05-18,LinkedIn extension,UX Designer,7,Mock interview completed,2,0.0909,0.25
2026-05-18,Manual paste,Data Analyst,1,Account created,15,1.0,1.0
2026-05-18,Manual paste,Data Analyst,2,Logged in,13,0.8667,0.8667
2026-05-18,Manual paste,Data Analyst,3,Job saved,7,0.4667,0.5385
2026-05-18,Manual paste,Data Analyst,4,Prep plan generated,3,0.2,0.4286
2026-05-18,Manual paste,Data Analyst,5,First note completed,3,0.2,1.0
2026-05-18,Manual paste,Data Analyst,6,Exam submitted,3,0.2,1.0
2026-05-18,Manual paste,Data Analyst,7,Mock interview completed,0,0.0,0.0
2026-05-18,Manual paste,Finance Analyst,1,Account created,16,1.0,1.0
2026-05-18,Manual paste,Finance Analyst,2,Logged in,16,1.0,1.0
2026-05-18,Manual paste,Finance Analyst,3,Job saved,7,0.4375,0.4375
2026-05-18,Manual paste,Finance Analyst,4,Prep plan generated,3,0.1875,0.4286
2026-05-18,Manual paste,Finance Analyst,5,First note completed,3,0.1875,1.0
2026-05-18,Manual paste,Finance Analyst,6,Exam submitted,3,0.1875,1.0
2026-05-18,Manual paste,Finance Analyst,7,Mock interview completed,2,0.125,0.6667
2026-05-18,Manual paste,Product Manager,1,Account created,14,1.0,1.0
2026-05-18,Manual paste,Product Manager,2,Logged in,12,0.8571,0.8571
2026-05-18,Manual paste,Product Manager,3,Job saved,5,0.3571,0.4167
2026-05-18,Manual paste,Product Manager,4,Prep plan generated,5,0.3571,1.0
2026-05-18,Manual paste,Product Manager,5,First note completed,5,0.3571,1.0
2026-05-18,Manual paste,Product Manager,6,Exam submitted,5,0.3571,1.0
2026-05-18,Manual paste,Product Manager,7,Mock interview completed,2,0.1429,0.4
2026-05-18,Manual paste,Software Engineer,1,Account created,19,1.0,1.0
2026-05-18,Manual paste,Software Engineer,2,Logged in,16,0.8421,0.8421
2026-05-18,Manual paste,Software Engineer,3,Job saved,7,0.3684,0.4375
2026-05-18,Manual paste,Software Engineer,4,Prep plan generated,6,0.3158,0.8571
2026-05-18,Manual paste,Software Engineer,5,First note completed,6,0.3158,1.0
2026-05-18,Manual paste,Software Engineer,6,Exam submitted,6,0.3158,1.0
2026-05-18,Manual paste,Software Engineer,7,Mock interview completed,4,0.2105,0.6667
2026-05-18,Manual paste,UX Designer,1,Account created,9,1.0,1.0
2026-05-18,Manual paste,UX Designer,2,Logged in,9,1.0,1.0
2026-05-18,Manual paste,UX Designer,3,Job saved,3,0.3333,0.3333
2026-05-18,Manual paste,UX Designer,4,Prep plan generated,3,0.3333,1.0
2026-05-18,Manual paste,UX Designer,5,First note completed,2,0.2222,0.6667
2026-05-18,Manual paste,UX Designer,6,Exam submitted,1,0.1111,0.5
2026-05-18,Manual paste,UX Designer,7,Mock interview completed,0,0.0,0.0
2026-05-25,Company career site,Data Analyst,1,Account created,14,1.0,1.0
2026-05-25,Company career site,Data Analyst,2,Logged in,13,0.9286,0.9286
2026-05-25,Company career site,Data Analyst,3,Job saved,5,0.3571,0.3846
2026-05-25,Company career site,Data Analyst,4,Prep plan generated,4,0.2857,0.8
2026-05-25,Company career site,Data Analyst,5,First note completed,4,0.2857,1.0
2026-05-25,Company career site,Data Analyst,6,Exam submitted,2,0.1429,0.5
2026-05-25,Company career site,Data Analyst,7,Mock interview completed,1,0.0714,0.5
2026-05-25,Company career site,Finance Analyst,1,Account created,15,1.0,1.0
2026-05-25,Company career site,Finance Analyst,2,Logged in,14,0.9333,0.9333
2026-05-25,Company career site,Finance Analyst,3,Job saved,10,0.6667,0.7143
2026-05-25,Company career site,Finance Analyst,4,Prep plan generated,6,0.4,0.6
2026-05-25,Company career site,Finance Analyst,5,First note completed,6,0.4,1.0
2026-05-25,Company career site,Finance Analyst,6,Exam submitted,3,0.2,0.5
2026-05-25,Company career site,Finance Analyst,7,Mock interview completed,1,0.0667,0.3333
2026-05-25,Company career site,Product Manager,1,Account created,13,1.0,1.0
2026-05-25,Company career site,Product Manager,2,Logged in,12,0.9231,0.9231
2026-05-25,Company career site,Product Manager,3,Job saved,8,0.6154,0.6667
2026-05-25,Company career site,Product Manager,4,Prep plan generated,5,0.3846,0.625
2026-05-25,Company career site,Product Manager,5,First note completed,5,0.3846,1.0
2026-05-25,Company career site,Product Manager,6,Exam submitted,5,0.3846,1.0
2026-05-25,Company career site,Product Manager,7,Mock interview completed,2,0.1538,0.4
2026-05-25,Company career site,Software Engineer,1,Account created,8,1.0,1.0
2026-05-25,Company career site,Software Engineer,2,Logged in,5,0.625,0.625
2026-05-25,Company career site,Software Engineer,3,Job saved,3,0.375,0.6
2026-05-25,Company career site,Software Engineer,4,Prep plan generated,2,0.25,0.6667
2026-05-25,Company career site,Software Engineer,5,First note completed,2,0.25,1.0
2026-05-25,Company career site,Software Engineer,6,Exam submitted,2,0.25,1.0
2026-05-25,Company career site,Software Engineer,7,Mock interview completed,1,0.125,0.5
2026-05-25,Company career site,UX Designer,1,Account created,13,1.0,1.0
2026-05-25,Company career site,UX Designer,2,Logged in,10,0.7692,0.7692
2026-05-25,Company career site,UX Designer,3,Job saved,4,0.3077,0.4
2026-05-25,Company career site,UX Designer,4,Prep plan generated,4,0.3077,1.0
2026-05-25,Company career site,UX Designer,5,First note completed,4,0.3077,1.0
2026-05-25,Company career site,UX Designer,6,Exam submitted,3,0.2308,0.75
2026-05-25,Company career site,UX Designer,7,Mock interview completed,1,0.0769,0.3333
2026-05-25,Handshake extension,Data Analyst,1,Account created,17,1.0,1.0
2026-05-25,Handshake extension,Data Analyst,2,Logged in,17,1.0,1.0
2026-05-25,Handshake extension,Data Analyst,3,Job saved,15,0.8824,0.8824
2026-05-25,Handshake extension,Data Analyst,4,Prep plan generated,10,0.5882,0.6667
2026-05-25,Handshake extension,Data Analyst,5,First note completed,10,0.5882,1.0
2026-05-25,Handshake extension,Data Analyst,6,Exam submitted,9,0.5294,0.9
2026-05-25,Handshake extension,Data Analyst,7,Mock interview completed,6,0.3529,0.6667
2026-05-25,Handshake extension,Finance Analyst,1,Account created,18,1.0,1.0
2026-05-25,Handshake extension,Finance Analyst,2,Logged in,16,0.8889,0.8889
2026-05-25,Handshake extension,Finance Analyst,3,Job saved,11,0.6111,0.6875
2026-05-25,Handshake extension,Finance Analyst,4,Prep plan generated,7,0.3889,0.6364
2026-05-25,Handshake extension,Finance Analyst,5,First note completed,7,0.3889,1.0
2026-05-25,Handshake extension,Finance Analyst,6,Exam submitted,5,0.2778,0.7143
2026-05-25,Handshake extension,Finance Analyst,7,Mock interview completed,1,0.0556,0.2
2026-05-25,Handshake extension,Product Manager,1,Account created,13,1.0,1.0
2026-05-25,Handshake extension,Product Manager,2,Logged in,12,0.9231,0.9231
2026-05-25,Handshake extension,Product Manager,3,Job saved,8,0.6154,0.6667
2026-05-25,Handshake extension,Product Manager,4,Prep plan generated,8,0.6154,1.0
2026-05-25,Handshake extension,Product Manager,5,First note completed,8,0.6154,1.0
2026-05-25,Handshake extension,Product Manager,6,Exam submitted,6,0.4615,0.75
2026-05-25,Handshake extension,Product Manager,7,Mock interview completed,3,0.2308,0.5
2026-05-25,Handshake extension,Software Engineer,1,Account created,13,1.0,1.0
2026-05-25,Handshake extension,Software Engineer,2,Logged in,13,1.0,1.0
2026-05-25,Handshake extension,Software Engineer,3,Job saved,8,0.6154,0.6154
2026-05-25,Handshake extension,Software Engineer,4,Prep plan generated,7,0.5385,0.875
2026-05-25,Handshake extension,Software Engineer,5,First note completed,7,0.5385,1.0
2026-05-25,Handshake extension,Software Engineer,6,Exam submitted,7,0.5385,1.0
2026-05-25,Handshake extension,Software Engineer,7,Mock interview completed,3,0.2308,0.4286
2026-05-25,Handshake extension,UX Designer,1,Account created,28,1.0,1.0
2026-05-25,Handshake extension,UX Designer,2,Logged in,26,0.9286,0.9286
2026-05-25,Handshake extension,UX Designer,3,Job saved,18,0.6429,0.6923
2026-05-25,Handshake extension,UX Designer,4,Prep plan generated,13,0.4643,0.7222
2026-05-25,Handshake extension,UX Designer,5,First note completed,13,0.4643,1.0
2026-05-25,Handshake extension,UX Designer,6,Exam submitted,9,0.3214,0.6923
2026-05-25,Handshake extension,UX Designer,7,Mock interview completed,7,0.25,0.7778
2026-05-25,LinkedIn extension,Data Analyst,1,Account created,17,1.0,1.0
2026-05-25,LinkedIn extension,Data Analyst,2,Logged in,14,0.8235,0.8235
2026-05-25,LinkedIn extension,Data Analyst,3,Job saved,10,0.5882,0.7143
2026-05-25,LinkedIn extension,Data Analyst,4,Prep plan generated,7,0.4118,0.7
2026-05-25,LinkedIn extension,Data Analyst,5,First note completed,7,0.4118,1.0
2026-05-25,LinkedIn extension,Data Analyst,6,Exam submitted,4,0.2353,0.5714
2026-05-25,LinkedIn extension,Data Analyst,7,Mock interview completed,2,0.1176,0.5
2026-05-25,LinkedIn extension,Finance Analyst,1,Account created,29,1.0,1.0
2026-05-25,LinkedIn extension,Finance Analyst,2,Logged in,27,0.931,0.931
2026-05-25,LinkedIn extension,Finance Analyst,3,Job saved,23,0.7931,0.8519
2026-05-25,LinkedIn extension,Finance Analyst,4,Prep plan generated,19,0.6552,0.8261
2026-05-25,LinkedIn extension,Finance Analyst,5,First note completed,19,0.6552,1.0
2026-05-25,LinkedIn extension,Finance Analyst,6,Exam submitted,12,0.4138,0.6316
2026-05-25,LinkedIn extension,Finance Analyst,7,Mock interview completed,5,0.1724,0.4167
2026-05-25,LinkedIn extension,Product Manager,1,Account created,17,1.0,1.0
2026-05-25,LinkedIn extension,Product Manager,2,Logged in,16,0.9412,0.9412
2026-05-25,LinkedIn extension,Product Manager,3,Job saved,11,0.6471,0.6875
2026-05-25,LinkedIn extension,Product Manager,4,Prep plan generated,9,0.5294,0.8182
2026-05-25,LinkedIn extension,Product Manager,5,First note completed,9,0.5294,1.0
2026-05-25,LinkedIn extension,Product Manager,6,Exam submitted,8,0.4706,0.8889
2026-05-25,LinkedIn extension,Product Manager,7,Mock interview completed,3,0.1765,0.375
2026-05-25,LinkedIn extension,Software Engineer,1,Account created,14,1.0,1.0
2026-05-25,LinkedIn extension,Software Engineer,2,Logged in,11,0.7857,0.7857
2026-05-25,LinkedIn extension,Software Engineer,3,Job saved,8,0.5714,0.7273
2026-05-25,LinkedIn extension,Software Engineer,4,Prep plan generated,6,0.4286,0.75
2026-05-25,LinkedIn extension,Software Engineer,5,First note completed,6,0.4286,1.0
2026-05-25,LinkedIn extension,Software Engineer,6,Exam submitted,2,0.1429,0.3333
2026-05-25,LinkedIn extension,Software Engineer,7,Mock interview completed,0,0.0,0.0
2026-05-25,LinkedIn extension,UX Designer,1,Account created,25,1.0,1.0
2026-05-25,LinkedIn extension,UX Designer,2,Logged in,21,0.84,0.84
2026-05-25,LinkedIn extension,UX Designer,3,Job saved,13,0.52,0.619
2026-05-25,LinkedIn extension,UX Designer,4,Prep plan generated,12,0.48,0.9231
2026-05-25,LinkedIn extension,UX Designer,5,First note completed,12,0.48,1.0
2026-05-25,LinkedIn extension,UX Designer,6,Exam submitted,9,0.36,0.75
2026-05-25,LinkedIn extension,UX Designer,7,Mock interview completed,4,0.16,0.4444
2026-05-25,Manual paste,Data Analyst,1,Account created,13,1.0,1.0
2026-05-25,Manual paste,Data Analyst,2,Logged in,12,0.9231,0.9231
2026-05-25,Manual paste,Data Analyst,3,Job saved,9,0.6923,0.75
2026-05-25,Manual paste,Data Analyst,4,Prep plan generated,4,0.3077,0.4444
2026-05-25,Manual paste,Data Analyst,5,First note completed,4,0.3077,1.0
2026-05-25,Manual paste,Data Analyst,6,Exam submitted,2,0.1538,0.5
2026-05-25,Manual paste,Data Analyst,7,Mock interview completed,1,0.0769,0.5
2026-05-25,Manual paste,Finance Analyst,1,Account created,17,1.0,1.0
2026-05-25,Manual paste,Finance Analyst,2,Logged in,14,0.8235,0.8235
2026-05-25,Manual paste,Finance Analyst,3,Job saved,9,0.5294,0.6429
2026-05-25,Manual paste,Finance Analyst,4,Prep plan generated,4,0.2353,0.4444
2026-05-25,Manual paste,Finance Analyst,5,First note completed,4,0.2353,1.0
2026-05-25,Manual paste,Finance Analyst,6,Exam submitted,2,0.1176,0.5
2026-05-25,Manual paste,Finance Analyst,7,Mock interview completed,0,0.0,0.0
2026-05-25,Manual paste,Product Manager,1,Account created,17,1.0,1.0
2026-05-25,Manual paste,Product Manager,2,Logged in,14,0.8235,0.8235
2026-05-25,Manual paste,Product Manager,3,Job saved,10,0.5882,0.7143
2026-05-25,Manual paste,Product Manager,4,Prep plan generated,7,0.4118,0.7
2026-05-25,Manual paste,Product Manager,5,First note completed,7,0.4118,1.0
2026-05-25,Manual paste,Product Manager,6,Exam submitted,6,0.3529,0.8571
2026-05-25,Manual paste,Product Manager,7,Mock interview completed,1,0.0588,0.1667
2026-05-25,Manual paste,Software Engineer,1,Account created,17,1.0,1.0
2026-05-25,Manual paste,Software Engineer,2,Logged in,14,0.8235,0.8235
2026-05-25,Manual paste,Software Engineer,3,Job saved,9,0.5294,0.6429
2026-05-25,Manual paste,Software Engineer,4,Prep plan generated,6,0.3529,0.6667
2026-05-25,Manual paste,Software Engineer,5,First note completed,6,0.3529,1.0
2026-05-25,Manual paste,Software Engineer,6,Exam submitted,4,0.2353,0.6667
2026-05-25,Manual paste,Software Engineer,7,Mock interview completed,1,0.0588,0.25
2026-05-25,Manual paste,UX Designer,1,Account created,18,1.0,1.0
2026-05-25,Manual paste,UX Designer,2,Logged in,15,0.8333,0.8333
2026-05-25,Manual paste,UX Designer,3,Job saved,8,0.4444,0.5333
2026-05-25,Manual paste,UX Designer,4,Prep plan generated,6,0.3333,0.75
2026-05-25,Manual paste,UX Designer,5,First note completed,6,0.3333,1.0
2026-05-25,Manual paste,UX Designer,6,Exam submitted,4,0.2222,0.6667
2026-05-25,Manual paste,UX Designer,7,Mock interview completed,2,0.1111,0.5
2026-06-01,Company career site,Data Analyst,1,Account created,9,1.0,1.0
2026-06-01,Company career site,Data Analyst,2,Logged in,9,1.0,1.0
2026-06-01,Company career site,Data Analyst,3,Job saved,8,0.8889,0.8889
2026-06-01,Company career site,Data Analyst,4,Prep plan generated,4,0.4444,0.5
2026-06-01,Company career site,Data Analyst,5,First note completed,4,0.4444,1.0
2026-06-01,Company career site,Data Analyst,6,Exam submitted,3,0.3333,0.75
2026-06-01,Company career site,Data Analyst,7,Mock interview completed,1,0.1111,0.3333
2026-06-01,Company career site,Finance Analyst,1,Account created,11,1.0,1.0
2026-06-01,Company career site,Finance Analyst,2,Logged in,11,1.0,1.0
2026-06-01,Company career site,Finance Analyst,3,Job saved,10,0.9091,0.9091
2026-06-01,Company career site,Finance Analyst,4,Prep plan generated,7,0.6364,0.7
2026-06-01,Company career site,Finance Analyst,5,First note completed,7,0.6364,1.0
2026-06-01,Company career site,Finance Analyst,6,Exam submitted,7,0.6364,1.0
2026-06-01,Company career site,Finance Analyst,7,Mock interview completed,2,0.1818,0.2857
2026-06-01,Company career site,Product Manager,1,Account created,9,1.0,1.0
2026-06-01,Company career site,Product Manager,2,Logged in,9,1.0,1.0
2026-06-01,Company career site,Product Manager,3,Job saved,5,0.5556,0.5556
2026-06-01,Company career site,Product Manager,4,Prep plan generated,4,0.4444,0.8
2026-06-01,Company career site,Product Manager,5,First note completed,4,0.4444,1.0
2026-06-01,Company career site,Product Manager,6,Exam submitted,4,0.4444,1.0
2026-06-01,Company career site,Product Manager,7,Mock interview completed,2,0.2222,0.5
2026-06-01,Company career site,Software Engineer,1,Account created,11,1.0,1.0
2026-06-01,Company career site,Software Engineer,2,Logged in,10,0.9091,0.9091
2026-06-01,Company career site,Software Engineer,3,Job saved,6,0.5455,0.6
2026-06-01,Company career site,Software Engineer,4,Prep plan generated,4,0.3636,0.6667
2026-06-01,Company career site,Software Engineer,5,First note completed,4,0.3636,1.0
2026-06-01,Company career site,Software Engineer,6,Exam submitted,3,0.2727,0.75
2026-06-01,Company career site,Software Engineer,7,Mock interview completed,2,0.1818,0.6667
2026-06-01,Company career site,UX Designer,1,Account created,16,1.0,1.0
2026-06-01,Company career site,UX Designer,2,Logged in,16,1.0,1.0
2026-06-01,Company career site,UX Designer,3,Job saved,9,0.5625,0.5625
2026-06-01,Company career site,UX Designer,4,Prep plan generated,7,0.4375,0.7778
2026-06-01,Company career site,UX Designer,5,First note completed,7,0.4375,1.0
2026-06-01,Company career site,UX Designer,6,Exam submitted,5,0.3125,0.7143
2026-06-01,Company career site,UX Designer,7,Mock interview completed,2,0.125,0.4
2026-06-01,Handshake extension,Data Analyst,1,Account created,18,1.0,1.0
2026-06-01,Handshake extension,Data Analyst,2,Logged in,16,0.8889,0.8889
2026-06-01,Handshake extension,Data Analyst,3,Job saved,13,0.7222,0.8125
2026-06-01,Handshake extension,Data Analyst,4,Prep plan generated,10,0.5556,0.7692
2026-06-01,Handshake extension,Data Analyst,5,First note completed,10,0.5556,1.0
2026-06-01,Handshake extension,Data Analyst,6,Exam submitted,8,0.4444,0.8
2026-06-01,Handshake extension,Data Analyst,7,Mock interview completed,2,0.1111,0.25
2026-06-01,Handshake extension,Finance Analyst,1,Account created,24,1.0,1.0
2026-06-01,Handshake extension,Finance Analyst,2,Logged in,23,0.9583,0.9583
2026-06-01,Handshake extension,Finance Analyst,3,Job saved,17,0.7083,0.7391
2026-06-01,Handshake extension,Finance Analyst,4,Prep plan generated,16,0.6667,0.9412
2026-06-01,Handshake extension,Finance Analyst,5,First note completed,16,0.6667,1.0
2026-06-01,Handshake extension,Finance Analyst,6,Exam submitted,13,0.5417,0.8125
2026-06-01,Handshake extension,Finance Analyst,7,Mock interview completed,8,0.3333,0.6154
2026-06-01,Handshake extension,Product Manager,1,Account created,16,1.0,1.0
2026-06-01,Handshake extension,Product Manager,2,Logged in,13,0.8125,0.8125
2026-06-01,Handshake extension,Product Manager,3,Job saved,10,0.625,0.7692
2026-06-01,Handshake extension,Product Manager,4,Prep plan generated,8,0.5,0.8
2026-06-01,Handshake extension,Product Manager,5,First note completed,8,0.5,1.0
2026-06-01,Handshake extension,Product Manager,6,Exam submitted,6,0.375,0.75
2026-06-01,Handshake extension,Product Manager,7,Mock interview completed,3,0.1875,0.5
2026-06-01,Handshake extension,Software Engineer,1,Account created,19,1.0,1.0
2026-06-01,Handshake extension,Software Engineer,2,Logged in,19,1.0,1.0
2026-06-01,Handshake extension,Software Engineer,3,Job saved,15,0.7895,0.7895
2026-06-01,Handshake extension,Software Engineer,4,Prep plan generated,13,0.6842,0.8667
2026-06-01,Handshake extension,Software Engineer,5,First note completed,13,0.6842,1.0
2026-06-01,Handshake extension,Software Engineer,6,Exam submitted,13,0.6842,1.0
2026-06-01,Handshake extension,Software Engineer,7,Mock interview completed,3,0.1579,0.2308
2026-06-01,Handshake extension,UX Designer,1,Account created,17,1.0,1.0
2026-06-01,Handshake extension,UX Designer,2,Logged in,17,1.0,1.0
2026-06-01,Handshake extension,UX Designer,3,Job saved,14,0.8235,0.8235
2026-06-01,Handshake extension,UX Designer,4,Prep plan generated,13,0.7647,0.9286
2026-06-01,Handshake extension,UX Designer,5,First note completed,13,0.7647,1.0
2026-06-01,Handshake extension,UX Designer,6,Exam submitted,8,0.4706,0.6154
2026-06-01,Handshake extension,UX Designer,7,Mock interview completed,3,0.1765,0.375
2026-06-01,LinkedIn extension,Data Analyst,1,Account created,19,1.0,1.0
2026-06-01,LinkedIn extension,Data Analyst,2,Logged in,17,0.8947,0.8947
2026-06-01,LinkedIn extension,Data Analyst,3,Job saved,13,0.6842,0.7647
2026-06-01,LinkedIn extension,Data Analyst,4,Prep plan generated,10,0.5263,0.7692
2026-06-01,LinkedIn extension,Data Analyst,5,First note completed,10,0.5263,1.0
2026-06-01,LinkedIn extension,Data Analyst,6,Exam submitted,6,0.3158,0.6
2026-06-01,LinkedIn extension,Data Analyst,7,Mock interview completed,0,0.0,0.0
2026-06-01,LinkedIn extension,Finance Analyst,1,Account created,14,1.0,1.0
2026-06-01,LinkedIn extension,Finance Analyst,2,Logged in,14,1.0,1.0
2026-06-01,LinkedIn extension,Finance Analyst,3,Job saved,11,0.7857,0.7857
2026-06-01,LinkedIn extension,Finance Analyst,4,Prep plan generated,7,0.5,0.6364
2026-06-01,LinkedIn extension,Finance Analyst,5,First note completed,7,0.5,1.0
2026-06-01,LinkedIn extension,Finance Analyst,6,Exam submitted,6,0.4286,0.8571
2026-06-01,LinkedIn extension,Finance Analyst,7,Mock interview completed,3,0.2143,0.5
2026-06-01,LinkedIn extension,Product Manager,1,Account created,23,1.0,1.0
2026-06-01,LinkedIn extension,Product Manager,2,Logged in,23,1.0,1.0
2026-06-01,LinkedIn extension,Product Manager,3,Job saved,18,0.7826,0.7826
2026-06-01,LinkedIn extension,Product Manager,4,Prep plan generated,13,0.5652,0.7222
2026-06-01,LinkedIn extension,Product Manager,5,First note completed,13,0.5652,1.0
2026-06-01,LinkedIn extension,Product Manager,6,Exam submitted,12,0.5217,0.9231
2026-06-01,LinkedIn extension,Product Manager,7,Mock interview completed,4,0.1739,0.3333
2026-06-01,LinkedIn extension,Software Engineer,1,Account created,21,1.0,1.0
2026-06-01,LinkedIn extension,Software Engineer,2,Logged in,19,0.9048,0.9048
2026-06-01,LinkedIn extension,Software Engineer,3,Job saved,13,0.619,0.6842
2026-06-01,LinkedIn extension,Software Engineer,4,Prep plan generated,13,0.619,1.0
2026-06-01,LinkedIn extension,Software Engineer,5,First note completed,13,0.619,1.0
2026-06-01,LinkedIn extension,Software Engineer,6,Exam submitted,8,0.381,0.6154
2026-06-01,LinkedIn extension,Software Engineer,7,Mock interview completed,2,0.0952,0.25
2026-06-01,LinkedIn extension,UX Designer,1,Account created,22,1.0,1.0
2026-06-01,LinkedIn extension,UX Designer,2,Logged in,21,0.9545,0.9545
2026-06-01,LinkedIn extension,UX Designer,3,Job saved,17,0.7727,0.8095
2026-06-01,LinkedIn extension,UX Designer,4,Prep plan generated,16,0.7273,0.9412
2026-06-01,LinkedIn extension,UX Designer,5,First note completed,15,0.6818,0.9375
2026-06-01,LinkedIn extension,UX Designer,6,Exam submitted,11,0.5,0.7333
2026-06-01,LinkedIn extension,UX Designer,7,Mock interview completed,4,0.1818,0.3636
2026-06-01,Manual paste,Data Analyst,1,Account created,15,1.0,1.0
2026-06-01,Manual paste,Data Analyst,2,Logged in,15,1.0,1.0
2026-06-01,Manual paste,Data Analyst,3,Job saved,6,0.4,0.4
2026-06-01,Manual paste,Data Analyst,4,Prep plan generated,4,0.2667,0.6667
2026-06-01,Manual paste,Data Analyst,5,First note completed,4,0.2667,1.0
2026-06-01,Manual paste,Data Analyst,6,Exam submitted,3,0.2,0.75
2026-06-01,Manual paste,Data Analyst,7,Mock interview completed,1,0.0667,0.3333
2026-06-01,Manual paste,Finance Analyst,1,Account created,13,1.0,1.0
2026-06-01,Manual paste,Finance Analyst,2,Logged in,10,0.7692,0.7692
2026-06-01,Manual paste,Finance Analyst,3,Job saved,4,0.3077,0.4
2026-06-01,Manual paste,Finance Analyst,4,Prep plan generated,3,0.2308,0.75
2026-06-01,Manual paste,Finance Analyst,5,First note completed,3,0.2308,1.0
2026-06-01,Manual paste,Finance Analyst,6,Exam submitted,3,0.2308,1.0
2026-06-01,Manual paste,Finance Analyst,7,Mock interview completed,0,0.0,0.0
2026-06-01,Manual paste,Product Manager,1,Account created,21,1.0,1.0
2026-06-01,Manual paste,Product Manager,2,Logged in,19,0.9048,0.9048
2026-06-01,Manual paste,Product Manager,3,Job saved,7,0.3333,0.3684
2026-06-01,Manual paste,Product Manager,4,Prep plan generated,5,0.2381,0.7143
2026-06-01,Manual paste,Product Manager,5,First note completed,5,0.2381,1.0
2026-06-01,Manual paste,Product Manager,6,Exam submitted,2,0.0952,0.4
2026-06-01,Manual paste,Product Manager,7,Mock interview completed,0,0.0,0.0
2026-06-01,Manual paste,Software Engineer,1,Account created,15,1.0,1.0
2026-06-01,Manual paste,Software Engineer,2,Logged in,13,0.8667,0.8667
2026-06-01,Manual paste,Software Engineer,3,Job saved,9,0.6,0.6923
2026-06-01,Manual paste,Software Engineer,4,Prep plan generated,3,0.2,0.3333
2026-06-01,Manual paste,Software Engineer,5,First note completed,3,0.2,1.0
2026-06-01,Manual paste,Software Engineer,6,Exam submitted,3,0.2,1.0
2026-06-01,Manual paste,Software Engineer,7,Mock interview completed,0,0.0,0.0
2026-06-01,Manual paste,UX Designer,1,Account created,14,1.0,1.0
2026-06-01,Manual paste,UX Designer,2,Logged in,12,0.8571,0.8571
2026-06-01,Manual paste,UX Designer,3,Job saved,6,0.4286,0.5
2026-06-01,Manual paste,UX Designer,4,Prep plan generated,4,0.2857,0.6667
2026-06-01,Manual paste,UX Designer,5,First note completed,4,0.2857,1.0
2026-06-01,Manual paste,UX Designer,6,Exam submitted,3,0.2143,0.75
2026-06-01,Manual paste,UX Designer,7,Mock interview completed,1,0.0714,0.3333
2026-06-08,Company career site,Data Analyst,1,Account created,10,1.0,1.0
2026-06-08,Company career site,Data Analyst,2,Logged in,10,1.0,1.0
2026-06-08,Company career site,Data Analyst,3,Job saved,3,0.3,0.3
2026-06-08,Company career site,Data Analyst,4,Prep plan generated,2,0.2,0.6667
2026-06-08,Company career site,Data Analyst,5,First note completed,2,0.2,1.0
2026-06-08,Company career site,Data Analyst,6,Exam submitted,2,0.2,1.0
2026-06-08,Company career site,Data Analyst,7,Mock interview completed,1,0.1,0.5
2026-06-08,Company career site,Finance Analyst,1,Account created,14,1.0,1.0
2026-06-08,Company career site,Finance Analyst,2,Logged in,11,0.7857,0.7857
2026-06-08,Company career site,Finance Analyst,3,Job saved,8,0.5714,0.7273
2026-06-08,Company career site,Finance Analyst,4,Prep plan generated,5,0.3571,0.625
2026-06-08,Company career site,Finance Analyst,5,First note completed,5,0.3571,1.0
2026-06-08,Company career site,Finance Analyst,6,Exam submitted,3,0.2143,0.6
2026-06-08,Company career site,Finance Analyst,7,Mock interview completed,0,0.0,0.0
2026-06-08,Company career site,Product Manager,1,Account created,19,1.0,1.0
2026-06-08,Company career site,Product Manager,2,Logged in,16,0.8421,0.8421
2026-06-08,Company career site,Product Manager,3,Job saved,11,0.5789,0.6875
2026-06-08,Company career site,Product Manager,4,Prep plan generated,6,0.3158,0.5455
2026-06-08,Company career site,Product Manager,5,First note completed,6,0.3158,1.0
2026-06-08,Company career site,Product Manager,6,Exam submitted,4,0.2105,0.6667
2026-06-08,Company career site,Product Manager,7,Mock interview completed,1,0.0526,0.25
2026-06-08,Company career site,Software Engineer,1,Account created,7,1.0,1.0
2026-06-08,Company career site,Software Engineer,2,Logged in,7,1.0,1.0
2026-06-08,Company career site,Software Engineer,3,Job saved,6,0.8571,0.8571
2026-06-08,Company career site,Software Engineer,4,Prep plan generated,5,0.7143,0.8333
2026-06-08,Company career site,Software Engineer,5,First note completed,5,0.7143,1.0
2026-06-08,Company career site,Software Engineer,6,Exam submitted,1,0.1429,0.2
2026-06-08,Company career site,Software Engineer,7,Mock interview completed,0,0.0,0.0
2026-06-08,Company career site,UX Designer,1,Account created,12,1.0,1.0
2026-06-08,Company career site,UX Designer,2,Logged in,12,1.0,1.0
2026-06-08,Company career site,UX Designer,3,Job saved,8,0.6667,0.6667
2026-06-08,Company career site,UX Designer,4,Prep plan generated,6,0.5,0.75
2026-06-08,Company career site,UX Designer,5,First note completed,6,0.5,1.0
2026-06-08,Company career site,UX Designer,6,Exam submitted,4,0.3333,0.6667
2026-06-08,Company career site,UX Designer,7,Mock interview completed,0,0.0,0.0
2026-06-08,Handshake extension,Data Analyst,1,Account created,11,1.0,1.0
2026-06-08,Handshake extension,Data Analyst,2,Logged in,10,0.9091,0.9091
2026-06-08,Handshake extension,Data Analyst,3,Job saved,6,0.5455,0.6
2026-06-08,Handshake extension,Data Analyst,4,Prep plan generated,4,0.3636,0.6667
2026-06-08,Handshake extension,Data Analyst,5,First note completed,4,0.3636,1.0
2026-06-08,Handshake extension,Data Analyst,6,Exam submitted,3,0.2727,0.75
2026-06-08,Handshake extension,Data Analyst,7,Mock interview completed,1,0.0909,0.3333
2026-06-08,Handshake extension,Finance Analyst,1,Account created,12,1.0,1.0
2026-06-08,Handshake extension,Finance Analyst,2,Logged in,12,1.0,1.0
2026-06-08,Handshake extension,Finance Analyst,3,Job saved,10,0.8333,0.8333
2026-06-08,Handshake extension,Finance Analyst,4,Prep plan generated,6,0.5,0.6
2026-06-08,Handshake extension,Finance Analyst,5,First note completed,6,0.5,1.0
2026-06-08,Handshake extension,Finance Analyst,6,Exam submitted,5,0.4167,0.8333
2026-06-08,Handshake extension,Finance Analyst,7,Mock interview completed,2,0.1667,0.4
2026-06-08,Handshake extension,Product Manager,1,Account created,15,1.0,1.0
2026-06-08,Handshake extension,Product Manager,2,Logged in,15,1.0,1.0
2026-06-08,Handshake extension,Product Manager,3,Job saved,14,0.9333,0.9333
2026-06-08,Handshake extension,Product Manager,4,Prep plan generated,8,0.5333,0.5714
2026-06-08,Handshake extension,Product Manager,5,First note completed,8,0.5333,1.0
2026-06-08,Handshake extension,Product Manager,6,Exam submitted,4,0.2667,0.5
2026-06-08,Handshake extension,Product Manager,7,Mock interview completed,0,0.0,0.0
2026-06-08,Handshake extension,Software Engineer,1,Account created,21,1.0,1.0
2026-06-08,Handshake extension,Software Engineer,2,Logged in,20,0.9524,0.9524
2026-06-08,Handshake extension,Software Engineer,3,Job saved,14,0.6667,0.7
2026-06-08,Handshake extension,Software Engineer,4,Prep plan generated,12,0.5714,0.8571
2026-06-08,Handshake extension,Software Engineer,5,First note completed,12,0.5714,1.0
2026-06-08,Handshake extension,Software Engineer,6,Exam submitted,10,0.4762,0.8333
2026-06-08,Handshake extension,Software Engineer,7,Mock interview completed,3,0.1429,0.3
2026-06-08,Handshake extension,UX Designer,1,Account created,26,1.0,1.0
2026-06-08,Handshake extension,UX Designer,2,Logged in,22,0.8462,0.8462
2026-06-08,Handshake extension,UX Designer,3,Job saved,15,0.5769,0.6818
2026-06-08,Handshake extension,UX Designer,4,Prep plan generated,9,0.3462,0.6
2026-06-08,Handshake extension,UX Designer,5,First note completed,9,0.3462,1.0
2026-06-08,Handshake extension,UX Designer,6,Exam submitted,7,0.2692,0.7778
2026-06-08,Handshake extension,UX Designer,7,Mock interview completed,1,0.0385,0.1429
2026-06-08,LinkedIn extension,Data Analyst,1,Account created,20,1.0,1.0
2026-06-08,LinkedIn extension,Data Analyst,2,Logged in,19,0.95,0.95
2026-06-08,LinkedIn extension,Data Analyst,3,Job saved,12,0.6,0.6316
2026-06-08,LinkedIn extension,Data Analyst,4,Prep plan generated,9,0.45,0.75
2026-06-08,LinkedIn extension,Data Analyst,5,First note completed,9,0.45,1.0
2026-06-08,LinkedIn extension,Data Analyst,6,Exam submitted,6,0.3,0.6667
2026-06-08,LinkedIn extension,Data Analyst,7,Mock interview completed,0,0.0,0.0
2026-06-08,LinkedIn extension,Finance Analyst,1,Account created,28,1.0,1.0
2026-06-08,LinkedIn extension,Finance Analyst,2,Logged in,26,0.9286,0.9286
2026-06-08,LinkedIn extension,Finance Analyst,3,Job saved,16,0.5714,0.6154
2026-06-08,LinkedIn extension,Finance Analyst,4,Prep plan generated,11,0.3929,0.6875
2026-06-08,LinkedIn extension,Finance Analyst,5,First note completed,11,0.3929,1.0
2026-06-08,LinkedIn extension,Finance Analyst,6,Exam submitted,9,0.3214,0.8182
2026-06-08,LinkedIn extension,Finance Analyst,7,Mock interview completed,1,0.0357,0.1111
2026-06-08,LinkedIn extension,Product Manager,1,Account created,21,1.0,1.0
2026-06-08,LinkedIn extension,Product Manager,2,Logged in,19,0.9048,0.9048
2026-06-08,LinkedIn extension,Product Manager,3,Job saved,15,0.7143,0.7895
2026-06-08,LinkedIn extension,Product Manager,4,Prep plan generated,11,0.5238,0.7333
2026-06-08,LinkedIn extension,Product Manager,5,First note completed,11,0.5238,1.0
2026-06-08,LinkedIn extension,Product Manager,6,Exam submitted,7,0.3333,0.6364
2026-06-08,LinkedIn extension,Product Manager,7,Mock interview completed,2,0.0952,0.2857
2026-06-08,LinkedIn extension,Software Engineer,1,Account created,29,1.0,1.0
2026-06-08,LinkedIn extension,Software Engineer,2,Logged in,26,0.8966,0.8966
2026-06-08,LinkedIn extension,Software Engineer,3,Job saved,20,0.6897,0.7692
2026-06-08,LinkedIn extension,Software Engineer,4,Prep plan generated,12,0.4138,0.6
2026-06-08,LinkedIn extension,Software Engineer,5,First note completed,12,0.4138,1.0
2026-06-08,LinkedIn extension,Software Engineer,6,Exam submitted,10,0.3448,0.8333
2026-06-08,LinkedIn extension,Software Engineer,7,Mock interview completed,2,0.069,0.2
2026-06-08,LinkedIn extension,UX Designer,1,Account created,21,1.0,1.0
2026-06-08,LinkedIn extension,UX Designer,2,Logged in,18,0.8571,0.8571
2026-06-08,LinkedIn extension,UX Designer,3,Job saved,15,0.7143,0.8333
2026-06-08,LinkedIn extension,UX Designer,4,Prep plan generated,8,0.381,0.5333
2026-06-08,LinkedIn extension,UX Designer,5,First note completed,8,0.381,1.0
2026-06-08,LinkedIn extension,UX Designer,6,Exam submitted,6,0.2857,0.75
2026-06-08,LinkedIn extension,UX Designer,7,Mock interview completed,0,0.0,0.0
2026-06-08,Manual paste,Data Analyst,1,Account created,18,1.0,1.0
2026-06-08,Manual paste,Data Analyst,2,Logged in,16,0.8889,0.8889
2026-06-08,Manual paste,Data Analyst,3,Job saved,8,0.4444,0.5
2026-06-08,Manual paste,Data Analyst,4,Prep plan generated,6,0.3333,0.75
2026-06-08,Manual paste,Data Analyst,5,First note completed,6,0.3333,1.0
2026-06-08,Manual paste,Data Analyst,6,Exam submitted,3,0.1667,0.5
2026-06-08,Manual paste,Data Analyst,7,Mock interview completed,0,0.0,0.0
2026-06-08,Manual paste,Finance Analyst,1,Account created,15,1.0,1.0
2026-06-08,Manual paste,Finance Analyst,2,Logged in,13,0.8667,0.8667
2026-06-08,Manual paste,Finance Analyst,3,Job saved,10,0.6667,0.7692
2026-06-08,Manual paste,Finance Analyst,4,Prep plan generated,6,0.4,0.6
2026-06-08,Manual paste,Finance Analyst,5,First note completed,6,0.4,1.0
2026-06-08,Manual paste,Finance Analyst,6,Exam submitted,2,0.1333,0.3333
2026-06-08,Manual paste,Finance Analyst,7,Mock interview completed,1,0.0667,0.5
2026-06-08,Manual paste,Product Manager,1,Account created,13,1.0,1.0
2026-06-08,Manual paste,Product Manager,2,Logged in,11,0.8462,0.8462
2026-06-08,Manual paste,Product Manager,3,Job saved,7,0.5385,0.6364
2026-06-08,Manual paste,Product Manager,4,Prep plan generated,4,0.3077,0.5714
2026-06-08,Manual paste,Product Manager,5,First note completed,4,0.3077,1.0
2026-06-08,Manual paste,Product Manager,6,Exam submitted,4,0.3077,1.0
2026-06-08,Manual paste,Product Manager,7,Mock interview completed,1,0.0769,0.25
2026-06-08,Manual paste,Software Engineer,1,Account created,19,1.0,1.0
2026-06-08,Manual paste,Software Engineer,2,Logged in,16,0.8421,0.8421
2026-06-08,Manual paste,Software Engineer,3,Job saved,9,0.4737,0.5625
2026-06-08,Manual paste,Software Engineer,4,Prep plan generated,9,0.4737,1.0
2026-06-08,Manual paste,Software Engineer,5,First note completed,9,0.4737,1.0
2026-06-08,Manual paste,Software Engineer,6,Exam submitted,4,0.2105,0.4444
2026-06-08,Manual paste,Software Engineer,7,Mock interview completed,0,0.0,0.0
2026-06-08,Manual paste,UX Designer,1,Account created,8,1.0,1.0
2026-06-08,Manual paste,UX Designer,2,Logged in,7,0.875,0.875
2026-06-08,Manual paste,UX Designer,3,Job saved,4,0.5,0.5714
2026-06-08,Manual paste,UX Designer,4,Prep plan generated,4,0.5,1.0
2026-06-08,Manual paste,UX Designer,5,First note completed,3,0.375,0.75
2026-06-08,Manual paste,UX Designer,6,Exam submitted,2,0.25,0.6667
2026-06-08,Manual paste,UX Designer,7,Mock interview completed,1,0.125,0.5
2026-06-15,Company career site,Data Analyst,1,Account created,13,1.0,1.0
2026-06-15,Company career site,Data Analyst,2,Logged in,12,0.9231,0.9231
2026-06-15,Company career site,Data Analyst,3,Job saved,3,0.2308,0.25
2026-06-15,Company career site,Data Analyst,4,Prep plan generated,2,0.1538,0.6667
2026-06-15,Company career site,Data Analyst,5,First note completed,2,0.1538,1.0
2026-06-15,Company career site,Data Analyst,6,Exam submitted,2,0.1538,1.0
2026-06-15,Company career site,Data Analyst,7,Mock interview completed,0,0.0,0.0
2026-06-15,Company career site,Finance Analyst,1,Account created,7,1.0,1.0
2026-06-15,Company career site,Finance Analyst,2,Logged in,7,1.0,1.0
2026-06-15,Company career site,Finance Analyst,3,Job saved,2,0.2857,0.2857
2026-06-15,Company career site,Finance Analyst,4,Prep plan generated,1,0.1429,0.5
2026-06-15,Company career site,Finance Analyst,5,First note completed,1,0.1429,1.0
2026-06-15,Company career site,Finance Analyst,6,Exam submitted,1,0.1429,1.0
2026-06-15,Company career site,Finance Analyst,7,Mock interview completed,0,0.0,0.0
2026-06-15,Company career site,Product Manager,1,Account created,13,1.0,1.0
2026-06-15,Company career site,Product Manager,2,Logged in,12,0.9231,0.9231
2026-06-15,Company career site,Product Manager,3,Job saved,6,0.4615,0.5
2026-06-15,Company career site,Product Manager,4,Prep plan generated,5,0.3846,0.8333
2026-06-15,Company career site,Product Manager,5,First note completed,5,0.3846,1.0
2026-06-15,Company career site,Product Manager,6,Exam submitted,3,0.2308,0.6
2026-06-15,Company career site,Product Manager,7,Mock interview completed,1,0.0769,0.3333
2026-06-15,Company career site,Software Engineer,1,Account created,16,1.0,1.0
2026-06-15,Company career site,Software Engineer,2,Logged in,12,0.75,0.75
2026-06-15,Company career site,Software Engineer,3,Job saved,4,0.25,0.3333
2026-06-15,Company career site,Software Engineer,4,Prep plan generated,3,0.1875,0.75
2026-06-15,Company career site,Software Engineer,5,First note completed,3,0.1875,1.0
2026-06-15,Company career site,Software Engineer,6,Exam submitted,2,0.125,0.6667
2026-06-15,Company career site,Software Engineer,7,Mock interview completed,0,0.0,0.0
2026-06-15,Company career site,UX Designer,1,Account created,9,1.0,1.0
2026-06-15,Company career site,UX Designer,2,Logged in,8,0.8889,0.8889
2026-06-15,Company career site,UX Designer,3,Job saved,4,0.4444,0.5
2026-06-15,Company career site,UX Designer,4,Prep plan generated,3,0.3333,0.75
2026-06-15,Company career site,UX Designer,5,First note completed,3,0.3333,1.0
2026-06-15,Company career site,UX Designer,6,Exam submitted,3,0.3333,1.0
2026-06-15,Company career site,UX Designer,7,Mock interview completed,0,0.0,0.0
2026-06-15,Handshake extension,Data Analyst,1,Account created,12,1.0,1.0
2026-06-15,Handshake extension,Data Analyst,2,Logged in,10,0.8333,0.8333
2026-06-15,Handshake extension,Data Analyst,3,Job saved,5,0.4167,0.5
2026-06-15,Handshake extension,Data Analyst,4,Prep plan generated,4,0.3333,0.8
2026-06-15,Handshake extension,Data Analyst,5,First note completed,4,0.3333,1.0
2026-06-15,Handshake extension,Data Analyst,6,Exam submitted,4,0.3333,1.0
2026-06-15,Handshake extension,Data Analyst,7,Mock interview completed,2,0.1667,0.5
2026-06-15,Handshake extension,Finance Analyst,1,Account created,16,1.0,1.0
2026-06-15,Handshake extension,Finance Analyst,2,Logged in,15,0.9375,0.9375
2026-06-15,Handshake extension,Finance Analyst,3,Job saved,10,0.625,0.6667
2026-06-15,Handshake extension,Finance Analyst,4,Prep plan generated,7,0.4375,0.7
2026-06-15,Handshake extension,Finance Analyst,5,First note completed,7,0.4375,1.0
2026-06-15,Handshake extension,Finance Analyst,6,Exam submitted,4,0.25,0.5714
2026-06-15,Handshake extension,Finance Analyst,7,Mock interview completed,1,0.0625,0.25
2026-06-15,Handshake extension,Product Manager,1,Account created,11,1.0,1.0
2026-06-15,Handshake extension,Product Manager,2,Logged in,11,1.0,1.0
2026-06-15,Handshake extension,Product Manager,3,Job saved,7,0.6364,0.6364
2026-06-15,Handshake extension,Product Manager,4,Prep plan generated,3,0.2727,0.4286
2026-06-15,Handshake extension,Product Manager,5,First note completed,3,0.2727,1.0
2026-06-15,Handshake extension,Product Manager,6,Exam submitted,2,0.1818,0.6667
2026-06-15,Handshake extension,Product Manager,7,Mock interview completed,0,0.0,0.0
2026-06-15,Handshake extension,Software Engineer,1,Account created,11,1.0,1.0
2026-06-15,Handshake extension,Software Engineer,2,Logged in,11,1.0,1.0
2026-06-15,Handshake extension,Software Engineer,3,Job saved,7,0.6364,0.6364
2026-06-15,Handshake extension,Software Engineer,4,Prep plan generated,5,0.4545,0.7143
2026-06-15,Handshake extension,Software Engineer,5,First note completed,5,0.4545,1.0
2026-06-15,Handshake extension,Software Engineer,6,Exam submitted,4,0.3636,0.8
2026-06-15,Handshake extension,Software Engineer,7,Mock interview completed,0,0.0,0.0
2026-06-15,Handshake extension,UX Designer,1,Account created,16,1.0,1.0
2026-06-15,Handshake extension,UX Designer,2,Logged in,14,0.875,0.875
2026-06-15,Handshake extension,UX Designer,3,Job saved,12,0.75,0.8571
2026-06-15,Handshake extension,UX Designer,4,Prep plan generated,6,0.375,0.5
2026-06-15,Handshake extension,UX Designer,5,First note completed,6,0.375,1.0
2026-06-15,Handshake extension,UX Designer,6,Exam submitted,4,0.25,0.6667
2026-06-15,Handshake extension,UX Designer,7,Mock interview completed,0,0.0,0.0
2026-06-15,LinkedIn extension,Data Analyst,1,Account created,12,1.0,1.0
2026-06-15,LinkedIn extension,Data Analyst,2,Logged in,12,1.0,1.0
2026-06-15,LinkedIn extension,Data Analyst,3,Job saved,6,0.5,0.5
2026-06-15,LinkedIn extension,Data Analyst,4,Prep plan generated,3,0.25,0.5
2026-06-15,LinkedIn extension,Data Analyst,5,First note completed,3,0.25,1.0
2026-06-15,LinkedIn extension,Data Analyst,6,Exam submitted,2,0.1667,0.6667
2026-06-15,LinkedIn extension,Data Analyst,7,Mock interview completed,2,0.1667,1.0
2026-06-15,LinkedIn extension,Finance Analyst,1,Account created,22,1.0,1.0
2026-06-15,LinkedIn extension,Finance Analyst,2,Logged in,19,0.8636,0.8636
2026-06-15,LinkedIn extension,Finance Analyst,3,Job saved,10,0.4545,0.5263
2026-06-15,LinkedIn extension,Finance Analyst,4,Prep plan generated,6,0.2727,0.6
2026-06-15,LinkedIn extension,Finance Analyst,5,First note completed,6,0.2727,1.0
2026-06-15,LinkedIn extension,Finance Analyst,6,Exam submitted,2,0.0909,0.3333
2026-06-15,LinkedIn extension,Finance Analyst,7,Mock interview completed,0,0.0,0.0
2026-06-15,LinkedIn extension,Product Manager,1,Account created,23,1.0,1.0
2026-06-15,LinkedIn extension,Product Manager,2,Logged in,21,0.913,0.913
2026-06-15,LinkedIn extension,Product Manager,3,Job saved,10,0.4348,0.4762
2026-06-15,LinkedIn extension,Product Manager,4,Prep plan generated,5,0.2174,0.5
2026-06-15,LinkedIn extension,Product Manager,5,First note completed,5,0.2174,1.0
2026-06-15,LinkedIn extension,Product Manager,6,Exam submitted,2,0.087,0.4
2026-06-15,LinkedIn extension,Product Manager,7,Mock interview completed,0,0.0,0.0
2026-06-15,LinkedIn extension,Software Engineer,1,Account created,22,1.0,1.0
2026-06-15,LinkedIn extension,Software Engineer,2,Logged in,21,0.9545,0.9545
2026-06-15,LinkedIn extension,Software Engineer,3,Job saved,12,0.5455,0.5714
2026-06-15,LinkedIn extension,Software Engineer,4,Prep plan generated,8,0.3636,0.6667
2026-06-15,LinkedIn extension,Software Engineer,5,First note completed,8,0.3636,1.0
2026-06-15,LinkedIn extension,Software Engineer,6,Exam submitted,4,0.1818,0.5
2026-06-15,LinkedIn extension,Software Engineer,7,Mock interview completed,2,0.0909,0.5
2026-06-15,LinkedIn extension,UX Designer,1,Account created,20,1.0,1.0
2026-06-15,LinkedIn extension,UX Designer,2,Logged in,18,0.9,0.9
2026-06-15,LinkedIn extension,UX Designer,3,Job saved,13,0.65,0.7222
2026-06-15,LinkedIn extension,UX Designer,4,Prep plan generated,10,0.5,0.7692
2026-06-15,LinkedIn extension,UX Designer,5,First note completed,10,0.5,1.0
2026-06-15,LinkedIn extension,UX Designer,6,Exam submitted,7,0.35,0.7
2026-06-15,LinkedIn extension,UX Designer,7,Mock interview completed,0,0.0,0.0
2026-06-15,Manual paste,Data Analyst,1,Account created,13,1.0,1.0
2026-06-15,Manual paste,Data Analyst,2,Logged in,13,1.0,1.0
2026-06-15,Manual paste,Data Analyst,3,Job saved,4,0.3077,0.3077
2026-06-15,Manual paste,Data Analyst,4,Prep plan generated,3,0.2308,0.75
2026-06-15,Manual paste,Data Analyst,5,First note completed,3,0.2308,1.0
2026-06-15,Manual paste,Data Analyst,6,Exam submitted,2,0.1538,0.6667
2026-06-15,Manual paste,Data Analyst,7,Mock interview completed,0,0.0,0.0
2026-06-15,Manual paste,Finance Analyst,1,Account created,20,1.0,1.0
2026-06-15,Manual paste,Finance Analyst,2,Logged in,16,0.8,0.8
2026-06-15,Manual paste,Finance Analyst,3,Job saved,7,0.35,0.4375
2026-06-15,Manual paste,Finance Analyst,4,Prep plan generated,6,0.3,0.8571
2026-06-15,Manual paste,Finance Analyst,5,First note completed,6,0.3,1.0
2026-06-15,Manual paste,Finance Analyst,6,Exam submitted,5,0.25,0.8333
2026-06-15,Manual paste,Finance Analyst,7,Mock interview completed,1,0.05,0.2
2026-06-15,Manual paste,Product Manager,1,Account created,12,1.0,1.0
2026-06-15,Manual paste,Product Manager,2,Logged in,11,0.9167,0.9167
2026-06-15,Manual paste,Product Manager,3,Job saved,4,0.3333,0.3636
2026-06-15,Manual paste,Product Manager,4,Prep plan generated,2,0.1667,0.5
2026-06-15,Manual paste,Product Manager,5,First note completed,2,0.1667,1.0
2026-06-15,Manual paste,Product Manager,6,Exam submitted,1,0.0833,0.5
2026-06-15,Manual paste,Product Manager,7,Mock interview completed,1,0.0833,1.0
2026-06-15,Manual paste,Software Engineer,1,Account created,15,1.0,1.0
2026-06-15,Manual paste,Software Engineer,2,Logged in,13,0.8667,0.8667
2026-06-15,Manual paste,Software Engineer,3,Job saved,9,0.6,0.6923
2026-06-15,Manual paste,Software Engineer,4,Prep plan generated,6,0.4,0.6667
2026-06-15,Manual paste,Software Engineer,5,First note completed,6,0.4,1.0
2026-06-15,Manual paste,Software Engineer,6,Exam submitted,5,0.3333,0.8333
2026-06-15,Manual paste,Software Engineer,7,Mock interview completed,1,0.0667,0.2
2026-06-15,Manual paste,UX Designer,1,Account created,23,1.0,1.0
2026-06-15,Manual paste,UX Designer,2,Logged in,19,0.8261,0.8261
2026-06-15,Manual paste,UX Designer,3,Job saved,10,0.4348,0.5263
2026-06-15,Manual paste,UX Designer,4,Prep plan generated,7,0.3043,0.7
2026-06-15,Manual paste,UX Designer,5,First note completed,7,0.3043,1.0
2026-06-15,Manual paste,UX Designer,6,Exam submitted,3,0.1304,0.4286
2026-06-15,Manual paste,UX Designer,7,Mock interview completed,0,0.0,0.0
2026-06-22,Company career site,Data Analyst,1,Account created,4,1.0,1.0
2026-06-22,Company career site,Data Analyst,2,Logged in,4,1.0,1.0
2026-06-22,Company career site,Data Analyst,3,Job saved,2,0.5,0.5
2026-06-22,Company career site,Data Analyst,4,Prep plan generated,1,0.25,0.5
2026-06-22,Company career site,Data Analyst,5,First note completed,1,0.25,1.0
2026-06-22,Company career site,Data Analyst,6,Exam submitted,1,0.25,1.0
2026-06-22,Company career site,Data Analyst,7,Mock interview completed,0,0.0,0.0
2026-06-22,Company career site,Finance Analyst,1,Account created,2,1.0,1.0
2026-06-22,Company career site,Finance Analyst,2,Logged in,0,0.0,0.0
2026-06-22,Company career site,Finance Analyst,3,Job saved,0,0.0,0
2026-06-22,Company career site,Finance Analyst,4,Prep plan generated,0,0.0,0
2026-06-22,Company career site,Finance Analyst,5,First note completed,0,0.0,0
2026-06-22,Company career site,Finance Analyst,6,Exam submitted,0,0.0,0
2026-06-22,Company career site,Finance Analyst,7,Mock interview completed,0,0.0,0
2026-06-22,Company career site,Product Manager,1,Account created,4,1.0,1.0
2026-06-22,Company career site,Product Manager,2,Logged in,4,1.0,1.0
2026-06-22,Company career site,Product Manager,3,Job saved,1,0.25,0.25
2026-06-22,Company career site,Product Manager,4,Prep plan generated,1,0.25,1.0
2026-06-22,Company career site,Product Manager,5,First note completed,1,0.25,1.0
2026-06-22,Company career site,Product Manager,6,Exam submitted,1,0.25,1.0
2026-06-22,Company career site,Product Manager,7,Mock interview completed,0,0.0,0.0
2026-06-22,Company career site,Software Engineer,1,Account created,3,1.0,1.0
2026-06-22,Company career site,Software Engineer,2,Logged in,3,1.0,1.0
2026-06-22,Company career site,Software Engineer,3,Job saved,1,0.3333,0.3333
2026-06-22,Company career site,Software Engineer,4,Prep plan generated,1,0.3333,1.0
2026-06-22,Company career site,Software Engineer,5,First note completed,1,0.3333,1.0
2026-06-22,Company career site,Software Engineer,6,Exam submitted,1,0.3333,1.0
2026-06-22,Company career site,Software Engineer,7,Mock interview completed,0,0.0,0.0
2026-06-22,Company career site,UX Designer,1,Account created,1,1.0,1.0
2026-06-22,Company career site,UX Designer,2,Logged in,1,1.0,1.0
2026-06-22,Company career site,UX Designer,3,Job saved,1,1.0,1.0
2026-06-22,Company career site,UX Designer,4,Prep plan generated,1,1.0,1.0
2026-06-22,Company career site,UX Designer,5,First note completed,1,1.0,1.0
2026-06-22,Company career site,UX Designer,6,Exam submitted,0,0.0,0.0
2026-06-22,Company career site,UX Designer,7,Mock interview completed,0,0.0,0
2026-06-22,Handshake extension,Data Analyst,1,Account created,3,1.0,1.0
2026-06-22,Handshake extension,Data Analyst,2,Logged in,3,1.0,1.0
2026-06-22,Handshake extension,Data Analyst,3,Job saved,0,0.0,0.0
2026-06-22,Handshake extension,Data Analyst,4,Prep plan generated,0,0.0,0
2026-06-22,Handshake extension,Data Analyst,5,First note completed,0,0.0,0
2026-06-22,Handshake extension,Data Analyst,6,Exam submitted,0,0.0,0
2026-06-22,Handshake extension,Data Analyst,7,Mock interview completed,0,0.0,0
2026-06-22,Handshake extension,Finance Analyst,1,Account created,4,1.0,1.0
2026-06-22,Handshake extension,Finance Analyst,2,Logged in,4,1.0,1.0
2026-06-22,Handshake extension,Finance Analyst,3,Job saved,2,0.5,0.5
2026-06-22,Handshake extension,Finance Analyst,4,Prep plan generated,2,0.5,1.0
2026-06-22,Handshake extension,Finance Analyst,5,First note completed,2,0.5,1.0
2026-06-22,Handshake extension,Finance Analyst,6,Exam submitted,2,0.5,1.0
2026-06-22,Handshake extension,Finance Analyst,7,Mock interview completed,2,0.5,1.0
2026-06-22,Handshake extension,Product Manager,1,Account created,6,1.0,1.0
2026-06-22,Handshake extension,Product Manager,2,Logged in,6,1.0,1.0
2026-06-22,Handshake extension,Product Manager,3,Job saved,4,0.6667,0.6667
2026-06-22,Handshake extension,Product Manager,4,Prep plan generated,2,0.3333,0.5
2026-06-22,Handshake extension,Product Manager,5,First note completed,2,0.3333,1.0
2026-06-22,Handshake extension,Product Manager,6,Exam submitted,2,0.3333,1.0
2026-06-22,Handshake extension,Product Manager,7,Mock interview completed,0,0.0,0.0
2026-06-22,Handshake extension,Software Engineer,1,Account created,4,1.0,1.0
2026-06-22,Handshake extension,Software Engineer,2,Logged in,4,1.0,1.0
2026-06-22,Handshake extension,Software Engineer,3,Job saved,1,0.25,0.25
2026-06-22,Handshake extension,Software Engineer,4,Prep plan generated,1,0.25,1.0
2026-06-22,Handshake extension,Software Engineer,5,First note completed,1,0.25,1.0
2026-06-22,Handshake extension,Software Engineer,6,Exam submitted,1,0.25,1.0
2026-06-22,Handshake extension,Software Engineer,7,Mock interview completed,1,0.25,1.0
2026-06-22,Handshake extension,UX Designer,1,Account created,7,1.0,1.0
2026-06-22,Handshake extension,UX Designer,2,Logged in,7,1.0,1.0
2026-06-22,Handshake extension,UX Designer,3,Job saved,3,0.4286,0.4286
2026-06-22,Handshake extension,UX Designer,4,Prep plan generated,1,0.1429,0.3333
2026-06-22,Handshake extension,UX Designer,5,First note completed,1,0.1429,1.0
2026-06-22,Handshake extension,UX Designer,6,Exam submitted,1,0.1429,1.0
2026-06-22,Handshake extension,UX Designer,7,Mock interview completed,1,0.1429,1.0
2026-06-22,LinkedIn extension,Data Analyst,1,Account created,5,1.0,1.0
2026-06-22,LinkedIn extension,Data Analyst,2,Logged in,5,1.0,1.0
2026-06-22,LinkedIn extension,Data Analyst,3,Job saved,0,0.0,0.0
2026-06-22,LinkedIn extension,Data Analyst,4,Prep plan generated,0,0.0,0
2026-06-22,LinkedIn extension,Data Analyst,5,First note completed,0,0.0,0
2026-06-22,LinkedIn extension,Data Analyst,6,Exam submitted,0,0.0,0
2026-06-22,LinkedIn extension,Data Analyst,7,Mock interview completed,0,0.0,0
2026-06-22,LinkedIn extension,Finance Analyst,1,Account created,9,1.0,1.0
2026-06-22,LinkedIn extension,Finance Analyst,2,Logged in,9,1.0,1.0
2026-06-22,LinkedIn extension,Finance Analyst,3,Job saved,4,0.4444,0.4444
2026-06-22,LinkedIn extension,Finance Analyst,4,Prep plan generated,1,0.1111,0.25
2026-06-22,LinkedIn extension,Finance Analyst,5,First note completed,1,0.1111,1.0
2026-06-22,LinkedIn extension,Finance Analyst,6,Exam submitted,0,0.0,0.0
2026-06-22,LinkedIn extension,Finance Analyst,7,Mock interview completed,0,0.0,0
2026-06-22,LinkedIn extension,Product Manager,1,Account created,7,1.0,1.0
2026-06-22,LinkedIn extension,Product Manager,2,Logged in,7,1.0,1.0
2026-06-22,LinkedIn extension,Product Manager,3,Job saved,5,0.7143,0.7143
2026-06-22,LinkedIn extension,Product Manager,4,Prep plan generated,2,0.2857,0.4
2026-06-22,LinkedIn extension,Product Manager,5,First note completed,2,0.2857,1.0
2026-06-22,LinkedIn extension,Product Manager,6,Exam submitted,2,0.2857,1.0
2026-06-22,LinkedIn extension,Product Manager,7,Mock interview completed,0,0.0,0.0
2026-06-22,LinkedIn extension,Software Engineer,1,Account created,9,1.0,1.0
2026-06-22,LinkedIn extension,Software Engineer,2,Logged in,8,0.8889,0.8889
2026-06-22,LinkedIn extension,Software Engineer,3,Job saved,4,0.4444,0.5
2026-06-22,LinkedIn extension,Software Engineer,4,Prep plan generated,1,0.1111,0.25
2026-06-22,LinkedIn extension,Software Engineer,5,First note completed,1,0.1111,1.0
2026-06-22,LinkedIn extension,Software Engineer,6,Exam submitted,1,0.1111,1.0
2026-06-22,LinkedIn extension,Software Engineer,7,Mock interview completed,0,0.0,0.0
2026-06-22,LinkedIn extension,UX Designer,1,Account created,6,1.0,1.0
2026-06-22,LinkedIn extension,UX Designer,2,Logged in,6,1.0,1.0
2026-06-22,LinkedIn extension,UX Designer,3,Job saved,3,0.5,0.5
2026-06-22,LinkedIn extension,UX Designer,4,Prep plan generated,2,0.3333,0.6667
2026-06-22,LinkedIn extension,UX Designer,5,First note completed,2,0.3333,1.0
2026-06-22,LinkedIn extension,UX Designer,6,Exam submitted,2,0.3333,1.0
2026-06-22,LinkedIn extension,UX Designer,7,Mock interview completed,0,0.0,0.0
2026-06-22,Manual paste,Data Analyst,1,Account created,6,1.0,1.0
2026-06-22,Manual paste,Data Analyst,2,Logged in,6,1.0,1.0
2026-06-22,Manual paste,Data Analyst,3,Job saved,1,0.1667,0.1667
2026-06-22,Manual paste,Data Analyst,4,Prep plan generated,1,0.1667,1.0
2026-06-22,Manual paste,Data Analyst,5,First note completed,1,0.1667,1.0
2026-06-22,Manual paste,Data Analyst,6,Exam submitted,0,0.0,0.0
2026-06-22,Manual paste,Data Analyst,7,Mock interview completed,0,0.0,0
2026-06-22,Manual paste,Finance Analyst,1,Account created,8,1.0,1.0
2026-06-22,Manual paste,Finance Analyst,2,Logged in,6,0.75,0.75
2026-06-22,Manual paste,Finance Analyst,3,Job saved,2,0.25,0.3333
2026-06-22,Manual paste,Finance Analyst,4,Prep plan generated,1,0.125,0.5
2026-06-22,Manual paste,Finance Analyst,5,First note completed,1,0.125,1.0
2026-06-22,Manual paste,Finance Analyst,6,Exam submitted,1,0.125,1.0
2026-06-22,Manual paste,Finance Analyst,7,Mock interview completed,0,0.0,0.0
2026-06-22,Manual paste,Software Engineer,1,Account created,5,1.0,1.0
2026-06-22,Manual paste,Software Engineer,2,Logged in,5,1.0,1.0
2026-06-22,Manual paste,Software Engineer,3,Job saved,2,0.4,0.4
2026-06-22,Manual paste,Software Engineer,4,Prep plan generated,1,0.2,0.5
2026-06-22,Manual paste,Software Engineer,5,First note completed,1,0.2,1.0
2026-06-22,Manual paste,Software Engineer,6,Exam submitted,1,0.2,1.0
2026-06-22,Manual paste,Software Engineer,7,Mock interview completed,0,0.0,0.0
2026-06-22,Manual paste,UX Designer,1,Account created,4,1.0,1.0
2026-06-22,Manual paste,UX Designer,2,Logged in,4,1.0,1.0
2026-06-22,Manual paste,UX Designer,3,Job saved,0,0.0,0.0
2026-06-22,Manual paste,UX Designer,4,Prep plan generated,0,0.0,0
2026-06-22,Manual paste,UX Designer,5,First note completed,0,0.0,0
2026-06-22,Manual paste,UX Designer,6,Exam submitted,0,0.0,0
2026-06-22,Manual paste,UX Designer,7,Mock interview completed,0,0.0,0
