event_date,feature,target_role,total_generations,successful_generations,failed_generations,success_rate,average_latency_ms,total_tokens
2026-01-01,job_analysis,Product Manager,1,1,0,1.0,2764.0,1775
2026-01-01,prep_plan,Product Manager,1,1,0,1.0,1919.0,1292
2026-01-02,job_analysis,Data Analyst,1,1,0,1.0,3021.0,1312
2026-01-02,job_analysis,Software Engineer,4,4,0,1.0,1579.25,5300
2026-01-02,prep_plan,Software Engineer,1,1,0,1.0,1301.0,1579
2026-01-02,study_notes,Product Manager,1,1,0,1.0,1936.0,2452
2026-01-02,study_notes,Software Engineer,1,1,0,1.0,1888.0,2148
2026-01-03,job_analysis,Data Analyst,2,2,0,1.0,1810.0,2697
2026-01-03,job_analysis,Finance Analyst,3,3,0,1.0,1749.0,3764
2026-01-03,job_analysis,Product Manager,2,2,0,1.0,1752.0,2460
2026-01-03,job_analysis,Software Engineer,4,4,0,1.0,1769.75,6164
2026-01-03,job_analysis,UX Designer,1,1,0,1.0,1215.0,738
2026-01-03,prep_plan,Data Analyst,1,1,0,1.0,1368.0,1270
2026-01-03,prep_plan,Software Engineer,2,2,0,1.0,1443.5,2468
2026-01-04,exam_generation,Software Engineer,1,1,0,1.0,1441.0,1404
2026-01-04,job_analysis,Finance Analyst,2,2,0,1.0,1233.5,3774
2026-01-04,job_analysis,Software Engineer,3,3,0,1.0,2582.0,4256
2026-01-04,job_analysis,UX Designer,3,3,0,1.0,1409.0,4345
2026-01-04,prep_plan,Data Analyst,1,0,1,0.0,2010.0,556
2026-01-04,prep_plan,Finance Analyst,1,1,0,1.0,1884.0,1700
2026-01-04,prep_plan,Product Manager,1,1,0,1.0,2504.0,1502
2026-01-04,prep_plan,Software Engineer,2,2,0,1.0,1455.5,2617
2026-01-04,prep_plan,UX Designer,1,0,1,0.0,1534.0,716
2026-01-04,study_notes,Product Manager,1,1,0,1.0,1950.0,1946
2026-01-04,study_notes,Software Engineer,1,1,0,1.0,1957.0,1994
2026-01-05,exam_generation,Software Engineer,1,1,0,1.0,2228.0,1818
2026-01-05,job_analysis,Data Analyst,4,4,0,1.0,1496.5,5563
2026-01-05,job_analysis,Finance Analyst,1,1,0,1.0,1401.0,1700
2026-01-05,job_analysis,Product Manager,2,2,0,1.0,1940.0,3126
2026-01-05,job_analysis,Software Engineer,4,4,0,1.0,1771.25,5840
2026-01-05,job_analysis,UX Designer,1,1,0,1.0,1168.0,1540
2026-01-05,prep_plan,Data Analyst,1,1,0,1.0,1576.0,1581
2026-01-05,prep_plan,Finance Analyst,2,2,0,1.0,2380.0,3604
2026-01-05,prep_plan,Software Engineer,1,1,0,1.0,1042.0,1607
2026-01-05,prep_plan,UX Designer,1,1,0,1.0,1771.0,1908
2026-01-05,study_notes,Data Analyst,3,3,0,1.0,3156.33,4643
2026-01-05,study_notes,Finance Analyst,2,2,0,1.0,2710.5,4764
2026-01-05,study_notes,Product Manager,1,1,0,1.0,3464.0,1487
2026-01-05,study_notes,Software Engineer,5,5,0,1.0,1977.8,8770
2026-01-05,study_notes,UX Designer,1,0,1,0.0,2900.0,665
2026-01-06,exam_generation,UX Designer,1,1,0,1.0,1483.0,1640
2026-01-06,job_analysis,Data Analyst,4,4,0,1.0,1859.75,5776
2026-01-06,job_analysis,Finance Analyst,2,2,0,1.0,1633.5,2317
2026-01-06,job_analysis,Product Manager,1,1,0,1.0,1561.0,2072
2026-01-06,job_analysis,Software Engineer,6,6,0,1.0,1501.17,9622
2026-01-06,job_analysis,UX Designer,1,1,0,1.0,2979.0,1997
2026-01-06,prep_plan,Data Analyst,3,3,0,1.0,1359.33,4135
2026-01-06,prep_plan,Finance Analyst,2,2,0,1.0,1607.5,3725
2026-01-06,prep_plan,Product Manager,1,1,0,1.0,1404.0,1695
2026-01-06,prep_plan,Software Engineer,1,1,0,1.0,1296.0,1350
2026-01-06,study_notes,Data Analyst,2,2,0,1.0,2952.5,3919
2026-01-06,study_notes,Finance Analyst,4,4,0,1.0,1862.25,7713
2026-01-06,study_notes,Product Manager,3,2,1,0.6667,2412.0,4680
2026-01-06,study_notes,Software Engineer,5,5,0,1.0,1713.6,8942
2026-01-06,study_notes,UX Designer,1,1,0,1.0,1363.0,2289
2026-01-07,job_analysis,Data Analyst,2,2,0,1.0,1689.0,3551
2026-01-07,job_analysis,Finance Analyst,4,4,0,1.0,1434.25,6447
2026-01-07,job_analysis,Product Manager,2,2,0,1.0,1486.0,3610
2026-01-07,job_analysis,Software Engineer,3,3,0,1.0,1737.33,5332
2026-01-07,job_analysis,UX Designer,3,3,0,1.0,1886.67,4595
2026-01-07,prep_plan,Data Analyst,1,0,1,0.0,1610.0,921
2026-01-07,prep_plan,Finance Analyst,1,1,0,1.0,2297.0,1339
2026-01-07,prep_plan,Product Manager,1,1,0,1.0,1009.0,1789
2026-01-07,prep_plan,Software Engineer,1,1,0,1.0,1969.0,1081
2026-01-07,prep_plan,UX Designer,2,2,0,1.0,1773.5,2645
2026-01-07,study_notes,Data Analyst,7,7,0,1.0,1939.29,12872
2026-01-07,study_notes,Finance Analyst,1,1,0,1.0,1766.0,1642
2026-01-07,study_notes,Product Manager,2,2,0,1.0,1907.5,2961
2026-01-07,study_notes,Software Engineer,6,5,1,0.8333,2096.33,8914
2026-01-07,study_notes,UX Designer,1,1,0,1.0,1812.0,1969
2026-01-08,exam_generation,Finance Analyst,1,0,1,0.0,2278.0,379
2026-01-08,exam_generation,Software Engineer,1,1,0,1.0,2578.0,1467
2026-01-08,job_analysis,Data Analyst,1,1,0,1.0,1241.0,1660
2026-01-08,job_analysis,Finance Analyst,2,2,0,1.0,1765.0,3221
2026-01-08,job_analysis,Product Manager,2,2,0,1.0,1404.5,2822
2026-01-08,job_analysis,Software Engineer,5,5,0,1.0,2166.2,7254
2026-01-08,job_analysis,UX Designer,9,9,0,1.0,1556.56,13378
2026-01-08,prep_plan,Data Analyst,3,3,0,1.0,1798.67,5434
2026-01-08,prep_plan,Finance Analyst,1,1,0,1.0,587.0,1404
2026-01-08,prep_plan,Product Manager,2,2,0,1.0,1384.5,2907
2026-01-08,prep_plan,Software Engineer,2,2,0,1.0,1461.0,2947
2026-01-08,prep_plan,UX Designer,3,3,0,1.0,1979.33,4589
2026-01-08,study_notes,Data Analyst,6,6,0,1.0,2313.0,12652
2026-01-08,study_notes,Finance Analyst,5,5,0,1.0,1951.6,8831
2026-01-08,study_notes,Product Manager,2,2,0,1.0,1678.0,3136
2026-01-08,study_notes,Software Engineer,6,6,0,1.0,1755.0,10962
2026-01-08,study_notes,UX Designer,6,6,0,1.0,1812.17,10391
2026-01-09,exam_generation,Software Engineer,2,2,0,1.0,1517.5,2731
2026-01-09,exam_generation,UX Designer,1,1,0,1.0,1401.0,1267
2026-01-09,job_analysis,Data Analyst,8,7,1,0.875,1911.12,11757
2026-01-09,job_analysis,Finance Analyst,4,4,0,1.0,1546.5,5692
2026-01-09,job_analysis,Product Manager,2,2,0,1.0,1504.5,2579
2026-01-09,job_analysis,Software Engineer,2,2,0,1.0,1764.0,2422
2026-01-09,job_analysis,UX Designer,2,2,0,1.0,1572.5,2877
2026-01-09,mock_interview,Software Engineer,1,1,0,1.0,1301.0,1504
2026-01-09,prep_plan,Data Analyst,2,2,0,1.0,1010.5,2825
2026-01-09,prep_plan,Finance Analyst,3,3,0,1.0,1698.0,5006
2026-01-09,prep_plan,Product Manager,2,2,0,1.0,2073.5,2017
2026-01-09,prep_plan,Software Engineer,2,2,0,1.0,1964.0,2500
2026-01-09,prep_plan,UX Designer,5,5,0,1.0,1413.8,6185
2026-01-09,study_notes,Data Analyst,11,10,1,0.9091,2473.18,19644
2026-01-09,study_notes,Finance Analyst,6,6,0,1.0,2239.5,10891
2026-01-09,study_notes,Product Manager,7,6,1,0.8571,2541.43,12434
2026-01-09,study_notes,Software Engineer,9,6,3,0.6667,1953.44,13329
2026-01-09,study_notes,UX Designer,6,6,0,1.0,2162.33,11680
2026-01-10,exam_generation,Data Analyst,1,1,0,1.0,2270.0,807
2026-01-10,exam_generation,Software Engineer,1,1,0,1.0,1712.0,1298
2026-01-10,exam_generation,UX Designer,1,1,0,1.0,1318.0,1610
2026-01-10,job_analysis,Data Analyst,2,2,0,1.0,2022.0,3126
2026-01-10,job_analysis,Finance Analyst,3,3,0,1.0,1351.0,4781
2026-01-10,job_analysis,Product Manager,3,3,0,1.0,1709.0,4711
2026-01-10,job_analysis,Software Engineer,5,5,0,1.0,1720.4,6610
2026-01-10,job_analysis,UX Designer,8,8,0,1.0,1454.5,12412
2026-01-10,mock_interview,Finance Analyst,1,1,0,1.0,1629.0,1257
2026-01-10,prep_plan,Data Analyst,3,3,0,1.0,1258.67,4198
2026-01-10,prep_plan,Product Manager,1,1,0,1.0,2129.0,1713
2026-01-10,prep_plan,Software Engineer,1,1,0,1.0,1222.0,1467
2026-01-10,prep_plan,UX Designer,4,4,0,1.0,1694.25,6325
2026-01-10,study_notes,Data Analyst,11,10,1,0.9091,1989.27,19273
2026-01-10,study_notes,Finance Analyst,8,6,2,0.75,2401.5,13911
2026-01-10,study_notes,Product Manager,6,6,0,1.0,1709.0,11796
2026-01-10,study_notes,Software Engineer,12,11,1,0.9167,2124.33,23159
2026-01-10,study_notes,UX Designer,15,14,1,0.9333,1990.8,27437
2026-01-11,exam_generation,Data Analyst,3,3,0,1.0,1988.0,3757
2026-01-11,exam_generation,Finance Analyst,1,1,0,1.0,1498.0,1370
2026-01-11,exam_generation,Product Manager,1,1,0,1.0,1507.0,1993
2026-01-11,exam_generation,Software Engineer,2,2,0,1.0,1395.0,3590
2026-01-11,exam_generation,UX Designer,2,2,0,1.0,2039.0,2462
2026-01-11,job_analysis,Data Analyst,7,7,0,1.0,1672.29,11648
2026-01-11,job_analysis,Finance Analyst,5,5,0,1.0,1890.0,7565
2026-01-11,job_analysis,Product Manager,3,3,0,1.0,2338.0,5433
2026-01-11,job_analysis,Software Engineer,10,10,0,1.0,1799.9,12518
2026-01-11,job_analysis,UX Designer,4,4,0,1.0,1632.0,6574
2026-01-11,mock_interview,Data Analyst,1,1,0,1.0,380.0,1394
2026-01-11,prep_plan,Data Analyst,5,5,0,1.0,1204.8,7824
2026-01-11,prep_plan,Finance Analyst,2,2,0,1.0,1746.5,3511
2026-01-11,prep_plan,Software Engineer,6,6,0,1.0,1339.17,8517
2026-01-11,prep_plan,UX Designer,3,2,1,0.6667,1103.0,3799
2026-01-11,study_notes,Data Analyst,14,13,1,0.9286,1968.36,25173
2026-01-11,study_notes,Finance Analyst,9,9,0,1.0,2132.44,17083
2026-01-11,study_notes,Product Manager,6,6,0,1.0,1848.33,11716
2026-01-11,study_notes,Software Engineer,7,7,0,1.0,1675.57,13120
2026-01-11,study_notes,UX Designer,11,9,2,0.8182,1706.73,19070
2026-01-12,exam_generation,Data Analyst,4,4,0,1.0,2202.25,6856
2026-01-12,exam_generation,Finance Analyst,1,0,1,0.0,668.0,1135
2026-01-12,exam_generation,Product Manager,1,1,0,1.0,1565.0,1577
2026-01-12,exam_generation,Software Engineer,4,4,0,1.0,1515.0,5646
2026-01-12,exam_generation,UX Designer,3,3,0,1.0,1968.67,4099
2026-01-12,job_analysis,Data Analyst,3,3,0,1.0,1813.33,4898
2026-01-12,job_analysis,Finance Analyst,5,4,1,0.8,1734.4,7685
2026-01-12,job_analysis,Product Manager,5,5,0,1.0,1380.8,8191
2026-01-12,job_analysis,Software Engineer,5,5,0,1.0,1591.8,8287
2026-01-12,job_analysis,UX Designer,5,2,3,0.4,1484.8,5658
2026-01-12,prep_plan,Data Analyst,2,2,0,1.0,843.5,2634
2026-01-12,prep_plan,Finance Analyst,2,2,0,1.0,1342.0,2416
2026-01-12,prep_plan,Product Manager,3,2,1,0.6667,1302.67,3987
2026-01-12,prep_plan,Software Engineer,5,5,0,1.0,1821.8,5776
2026-01-12,prep_plan,UX Designer,1,1,0,1.0,2201.0,1376
2026-01-12,study_notes,Data Analyst,14,14,0,1.0,2033.07,25435
2026-01-12,study_notes,Finance Analyst,10,10,0,1.0,2101.7,18790
2026-01-12,study_notes,Product Manager,8,8,0,1.0,2183.75,14109
2026-01-12,study_notes,Software Engineer,16,13,3,0.8125,2438.06,26621
2026-01-12,study_notes,UX Designer,12,12,0,1.0,1936.42,20859
2026-01-13,exam_generation,Data Analyst,1,0,1,0.0,1422.0,648
2026-01-13,exam_generation,Finance Analyst,2,2,0,1.0,1387.5,3099
2026-01-13,exam_generation,Product Manager,1,1,0,1.0,1107.0,2081
2026-01-13,exam_generation,Software Engineer,2,1,1,0.5,2121.5,2038
2026-01-13,exam_generation,UX Designer,3,3,0,1.0,1815.0,3773
2026-01-13,job_analysis,Data Analyst,6,5,1,0.8333,1778.83,7514
2026-01-13,job_analysis,Finance Analyst,7,7,0,1.0,1729.14,11426
2026-01-13,job_analysis,Product Manager,6,5,1,0.8333,1812.33,9465
2026-01-13,job_analysis,Software Engineer,7,7,0,1.0,1736.43,10161
2026-01-13,job_analysis,UX Designer,6,6,0,1.0,1666.67,8019
2026-01-13,mock_interview,Data Analyst,2,2,0,1.0,2755.5,3193
2026-01-13,mock_interview,UX Designer,1,1,0,1.0,2127.0,1618
2026-01-13,prep_plan,Data Analyst,3,3,0,1.0,1353.67,4118
2026-01-13,prep_plan,Finance Analyst,4,4,0,1.0,1627.5,6602
2026-01-13,prep_plan,Product Manager,2,2,0,1.0,2174.0,3018
2026-01-13,prep_plan,Software Engineer,5,4,1,0.8,1399.6,7302
2026-01-13,prep_plan,UX Designer,4,3,1,0.75,1508.0,5614
2026-01-13,study_notes,Data Analyst,17,16,1,0.9412,2255.47,32494
2026-01-13,study_notes,Finance Analyst,11,10,1,0.9091,2159.45,20097
2026-01-13,study_notes,Product Manager,8,8,0,1.0,1916.75,15083
2026-01-13,study_notes,Software Engineer,16,16,0,1.0,2192.38,29878
2026-01-13,study_notes,UX Designer,15,15,0,1.0,2156.07,26916
2026-01-14,exam_generation,Data Analyst,4,4,0,1.0,1380.75,5040
2026-01-14,exam_generation,Finance Analyst,4,4,0,1.0,1334.75,6988
2026-01-14,exam_generation,Product Manager,2,2,0,1.0,1645.5,2729
2026-01-14,exam_generation,Software Engineer,3,3,0,1.0,1412.33,4278
2026-01-14,exam_generation,UX Designer,2,2,0,1.0,1811.5,3525
2026-01-14,job_analysis,Data Analyst,9,7,2,0.7778,1471.78,13043
2026-01-14,job_analysis,Finance Analyst,3,3,0,1.0,1490.0,3963
2026-01-14,job_analysis,Product Manager,5,4,1,0.8,1529.4,6043
2026-01-14,job_analysis,Software Engineer,10,9,1,0.9,1920.8,13691
2026-01-14,job_analysis,UX Designer,9,8,1,0.8889,1454.56,13530
2026-01-14,mock_interview,Data Analyst,1,0,1,0.0,1520.0,365
2026-01-14,mock_interview,Finance Analyst,1,1,0,1.0,1252.0,1596
2026-01-14,mock_interview,Product Manager,1,1,0,1.0,2474.0,1382
2026-01-14,prep_plan,Data Analyst,5,4,1,0.8,1705.4,7154
2026-01-14,prep_plan,Finance Analyst,5,5,0,1.0,1654.6,7600
2026-01-14,prep_plan,Product Manager,2,2,0,1.0,1881.0,3204
2026-01-14,prep_plan,Software Engineer,2,2,0,1.0,937.0,2255
2026-01-14,prep_plan,UX Designer,5,5,0,1.0,2001.4,6297
2026-01-14,study_notes,Data Analyst,23,22,1,0.9565,2219.22,41378
2026-01-14,study_notes,Finance Analyst,14,14,0,1.0,2306.64,24656
2026-01-14,study_notes,Product Manager,10,9,1,0.9,2213.8,15766
2026-01-14,study_notes,Software Engineer,22,22,0,1.0,2276.0,41282
2026-01-14,study_notes,UX Designer,17,16,1,0.9412,2165.65,31452
2026-01-15,exam_generation,Data Analyst,1,1,0,1.0,3022.0,663
2026-01-15,exam_generation,Finance Analyst,5,5,0,1.0,1465.8,7431
2026-01-15,exam_generation,Product Manager,1,1,0,1.0,1744.0,1542
2026-01-15,exam_generation,Software Engineer,5,5,0,1.0,1577.2,7499
2026-01-15,exam_generation,UX Designer,3,2,1,0.6667,1556.0,3189
2026-01-15,job_analysis,Data Analyst,9,8,1,0.8889,1843.78,13155
2026-01-15,job_analysis,Finance Analyst,2,2,0,1.0,2473.5,3151
2026-01-15,job_analysis,Product Manager,8,8,0,1.0,1935.38,12395
2026-01-15,job_analysis,Software Engineer,7,7,0,1.0,1139.0,9829
2026-01-15,job_analysis,UX Designer,5,5,0,1.0,1278.4,7568
2026-01-15,mock_interview,Data Analyst,2,2,0,1.0,1295.0,3055
2026-01-15,mock_interview,Software Engineer,1,1,0,1.0,1050.0,1496
2026-01-15,prep_plan,Data Analyst,3,3,0,1.0,2076.67,4124
2026-01-15,prep_plan,Finance Analyst,2,2,0,1.0,1969.5,2667
2026-01-15,prep_plan,Product Manager,4,4,0,1.0,1478.75,5810
2026-01-15,prep_plan,Software Engineer,7,7,0,1.0,1621.29,9950
2026-01-15,prep_plan,UX Designer,3,3,0,1.0,1835.67,4517
2026-01-15,study_notes,Data Analyst,25,24,1,0.96,2093.2,46137
2026-01-15,study_notes,Finance Analyst,19,19,0,1.0,2108.84,37179
2026-01-15,study_notes,Product Manager,11,10,1,0.9091,2507.09,19412
2026-01-15,study_notes,Software Engineer,19,18,1,0.9474,2191.79,32842
2026-01-15,study_notes,UX Designer,23,23,0,1.0,2229.87,44597
2026-01-16,exam_generation,Data Analyst,7,7,0,1.0,1586.14,10764
2026-01-16,exam_generation,Finance Analyst,2,2,0,1.0,1898.0,1803
2026-01-16,exam_generation,Software Engineer,6,6,0,1.0,1626.0,9451
2026-01-16,exam_generation,UX Designer,6,6,0,1.0,1326.0,8334
2026-01-16,job_analysis,Data Analyst,4,4,0,1.0,1444.25,6412
2026-01-16,job_analysis,Finance Analyst,5,5,0,1.0,1914.8,7253
2026-01-16,job_analysis,Product Manager,6,6,0,1.0,1706.5,8731
2026-01-16,job_analysis,Software Engineer,10,9,1,0.9,1342.8,14472
2026-01-16,job_analysis,UX Designer,5,5,0,1.0,1408.8,9346
2026-01-16,mock_interview,Software Engineer,1,1,0,1.0,1100.0,1266
2026-01-16,mock_interview,UX Designer,1,1,0,1.0,2642.0,1401
2026-01-16,prep_plan,Data Analyst,4,4,0,1.0,1463.0,5275
2026-01-16,prep_plan,Finance Analyst,2,2,0,1.0,937.0,2992
2026-01-16,prep_plan,Product Manager,3,2,1,0.6667,1513.33,4255
2026-01-16,prep_plan,Software Engineer,10,10,0,1.0,1662.1,16368
2026-01-16,prep_plan,UX Designer,7,6,1,0.8571,1620.86,10022
2026-01-16,study_notes,Data Analyst,25,25,0,1.0,2190.52,45439
2026-01-16,study_notes,Finance Analyst,30,29,1,0.9667,2128.2,56155
2026-01-16,study_notes,Product Manager,14,13,1,0.9286,2147.14,25164
2026-01-16,study_notes,Software Engineer,24,24,0,1.0,2061.17,44617
2026-01-16,study_notes,UX Designer,27,26,1,0.963,2107.48,49190
2026-01-17,exam_generation,Data Analyst,4,4,0,1.0,1681.75,4996
2026-01-17,exam_generation,Finance Analyst,1,1,0,1.0,1118.0,1384
2026-01-17,exam_generation,Product Manager,2,1,1,0.5,1798.0,2200
2026-01-17,exam_generation,Software Engineer,7,7,0,1.0,1620.43,9730
2026-01-17,exam_generation,UX Designer,9,9,0,1.0,1616.33,13746
2026-01-17,job_analysis,Data Analyst,9,8,1,0.8889,1434.22,12494
2026-01-17,job_analysis,Finance Analyst,9,8,1,0.8889,1413.78,14144
2026-01-17,job_analysis,Product Manager,5,5,0,1.0,1479.6,7662
2026-01-17,job_analysis,Software Engineer,17,16,1,0.9412,1595.88,23942
2026-01-17,job_analysis,UX Designer,6,6,0,1.0,1853.5,8917
2026-01-17,mock_interview,Finance Analyst,1,1,0,1.0,1064.0,1347
2026-01-17,mock_interview,Software Engineer,1,1,0,1.0,943.0,751
2026-01-17,prep_plan,Data Analyst,5,4,1,0.8,1975.6,6155
2026-01-17,prep_plan,Finance Analyst,4,4,0,1.0,1992.0,6366
2026-01-17,prep_plan,Product Manager,5,4,1,0.8,1711.8,6789
2026-01-17,prep_plan,Software Engineer,4,4,0,1.0,1346.0,4816
2026-01-17,prep_plan,UX Designer,6,6,0,1.0,1986.67,8676
2026-01-17,study_notes,Data Analyst,20,20,0,1.0,2326.55,37635
2026-01-17,study_notes,Finance Analyst,9,8,1,0.8889,1920.89,16021
2026-01-17,study_notes,Product Manager,14,14,0,1.0,2141.93,24809
2026-01-17,study_notes,Software Engineer,30,23,7,0.7667,2178.8,47149
2026-01-17,study_notes,UX Designer,25,24,1,0.96,2106.56,43339
2026-01-18,exam_generation,Data Analyst,3,3,0,1.0,974.33,5066
2026-01-18,exam_generation,Finance Analyst,5,5,0,1.0,1985.8,7509
2026-01-18,exam_generation,Product Manager,4,4,0,1.0,1544.75,5980
2026-01-18,exam_generation,Software Engineer,13,12,1,0.9231,1792.23,18807
2026-01-18,exam_generation,UX Designer,1,1,0,1.0,1077.0,1816
2026-01-18,job_analysis,Data Analyst,8,8,0,1.0,1686.75,11530
2026-01-18,job_analysis,Finance Analyst,5,4,1,0.8,1455.4,5561
2026-01-18,job_analysis,Product Manager,7,7,0,1.0,1647.29,10949
2026-01-18,job_analysis,Software Engineer,7,7,0,1.0,1914.0,10049
2026-01-18,job_analysis,UX Designer,9,9,0,1.0,2040.22,12154
2026-01-18,mock_interview,Finance Analyst,2,2,0,1.0,631.0,3411
2026-01-18,prep_plan,Data Analyst,6,6,0,1.0,1488.83,8533
2026-01-18,prep_plan,Finance Analyst,3,3,0,1.0,1504.0,4406
2026-01-18,prep_plan,Product Manager,3,3,0,1.0,2065.33,4334
2026-01-18,prep_plan,Software Engineer,5,5,0,1.0,1893.2,7410
2026-01-18,prep_plan,UX Designer,3,3,0,1.0,1892.67,4539
2026-01-18,study_notes,Data Analyst,23,22,1,0.9565,2120.26,37980
2026-01-18,study_notes,Finance Analyst,18,16,2,0.8889,2060.11,31372
2026-01-18,study_notes,Product Manager,22,22,0,1.0,2080.0,43587
2026-01-18,study_notes,Software Engineer,28,26,2,0.9286,2244.57,50004
2026-01-18,study_notes,UX Designer,31,31,0,1.0,2056.26,57053
2026-01-19,exam_generation,Data Analyst,4,3,1,0.75,1792.25,5486
2026-01-19,exam_generation,Finance Analyst,2,2,0,1.0,1702.0,3080
2026-01-19,exam_generation,Product Manager,7,7,0,1.0,1441.14,9585
2026-01-19,exam_generation,Software Engineer,6,6,0,1.0,1977.67,7922
2026-01-19,exam_generation,UX Designer,7,7,0,1.0,1550.0,11826
2026-01-19,job_analysis,Data Analyst,9,9,0,1.0,1440.22,12358
2026-01-19,job_analysis,Finance Analyst,6,6,0,1.0,1576.0,8743
2026-01-19,job_analysis,Product Manager,10,8,2,0.8,1603.7,14959
2026-01-19,job_analysis,Software Engineer,5,5,0,1.0,1554.8,7452
2026-01-19,job_analysis,UX Designer,5,5,0,1.0,1889.4,7518
2026-01-19,mock_interview,Data Analyst,1,1,0,1.0,1717.0,1464
2026-01-19,mock_interview,Software Engineer,1,1,0,1.0,1783.0,1327
2026-01-19,mock_interview,UX Designer,1,1,0,1.0,1415.0,1248
2026-01-19,prep_plan,Data Analyst,4,3,1,0.75,1776.0,5850
2026-01-19,prep_plan,Finance Analyst,2,2,0,1.0,1987.5,2086
2026-01-19,prep_plan,Product Manager,2,2,0,1.0,1706.5,3196
2026-01-19,prep_plan,Software Engineer,8,8,0,1.0,1758.0,12123
2026-01-19,prep_plan,UX Designer,4,4,0,1.0,1606.0,5166
2026-01-19,study_notes,Data Analyst,31,30,1,0.9677,2201.74,57315
2026-01-19,study_notes,Finance Analyst,24,23,1,0.9583,2161.67,43704
2026-01-19,study_notes,Product Manager,24,23,1,0.9583,2010.62,43839
2026-01-19,study_notes,Software Engineer,30,28,2,0.9333,2290.73,54119
2026-01-19,study_notes,UX Designer,32,31,1,0.9688,2047.38,59285
2026-01-20,exam_generation,Data Analyst,7,6,1,0.8571,1778.14,10048
2026-01-20,exam_generation,Finance Analyst,3,2,1,0.6667,1778.33,3102
2026-01-20,exam_generation,Software Engineer,8,8,0,1.0,1442.5,12894
2026-01-20,exam_generation,UX Designer,6,5,1,0.8333,1446.17,7833
2026-01-20,job_analysis,Data Analyst,8,7,1,0.875,1800.25,11840
2026-01-20,job_analysis,Finance Analyst,4,4,0,1.0,949.0,5707
2026-01-20,job_analysis,Product Manager,7,7,0,1.0,1861.57,11110
2026-01-20,job_analysis,Software Engineer,9,9,0,1.0,1352.11,14748
2026-01-20,job_analysis,UX Designer,10,10,0,1.0,1598.6,15739
2026-01-20,prep_plan,Data Analyst,5,5,0,1.0,1074.8,6898
2026-01-20,prep_plan,Finance Analyst,2,2,0,1.0,1382.5,3716
2026-01-20,prep_plan,Product Manager,6,6,0,1.0,1371.67,10662
2026-01-20,prep_plan,Software Engineer,6,6,0,1.0,1783.83,9471
2026-01-20,prep_plan,UX Designer,4,4,0,1.0,1464.5,5953
2026-01-20,study_notes,Data Analyst,29,27,2,0.931,2066.07,52746
2026-01-20,study_notes,Finance Analyst,24,24,0,1.0,1950.25,45442
2026-01-20,study_notes,Product Manager,18,18,0,1.0,2124.06,33774
2026-01-20,study_notes,Software Engineer,40,38,2,0.95,2145.28,70811
2026-01-20,study_notes,UX Designer,30,27,3,0.9,2288.07,52530
2026-01-21,exam_generation,Data Analyst,8,8,0,1.0,1547.38,11554
2026-01-21,exam_generation,Finance Analyst,1,1,0,1.0,1486.0,1814
2026-01-21,exam_generation,Product Manager,2,2,0,1.0,1690.0,2619
2026-01-21,exam_generation,Software Engineer,7,7,0,1.0,1693.29,10655
2026-01-21,exam_generation,UX Designer,5,4,1,0.8,1774.2,6930
2026-01-21,job_analysis,Data Analyst,8,8,0,1.0,1487.75,12799
2026-01-21,job_analysis,Finance Analyst,5,5,0,1.0,1875.6,8096
2026-01-21,job_analysis,Product Manager,8,7,1,0.875,1853.5,10462
2026-01-21,job_analysis,Software Engineer,7,6,1,0.8571,1344.71,8930
2026-01-21,job_analysis,UX Designer,9,9,0,1.0,1581.56,13208
2026-01-21,mock_interview,Software Engineer,1,1,0,1.0,1705.0,1082
2026-01-21,prep_plan,Data Analyst,3,3,0,1.0,1498.67,5323
2026-01-21,prep_plan,Finance Analyst,3,3,0,1.0,1376.67,4676
2026-01-21,prep_plan,Product Manager,6,6,0,1.0,1513.83,9021
2026-01-21,prep_plan,Software Engineer,6,5,1,0.8333,1726.17,8553
2026-01-21,prep_plan,UX Designer,9,9,0,1.0,1763.56,13485
2026-01-21,study_notes,Data Analyst,37,34,3,0.9189,2210.22,64984
2026-01-21,study_notes,Finance Analyst,21,20,1,0.9524,2238.9,38272
2026-01-21,study_notes,Product Manager,26,24,2,0.9231,2121.38,45619
2026-01-21,study_notes,Software Engineer,46,45,1,0.9783,2098.57,85889
2026-01-21,study_notes,UX Designer,28,26,2,0.9286,2181.5,50711
2026-01-22,exam_generation,Data Analyst,4,4,0,1.0,1613.5,6083
2026-01-22,exam_generation,Finance Analyst,4,4,0,1.0,1945.25,5624
2026-01-22,exam_generation,Product Manager,4,4,0,1.0,1136.0,6893
2026-01-22,exam_generation,Software Engineer,10,8,2,0.8,1719.9,13193
2026-01-22,exam_generation,UX Designer,8,8,0,1.0,1628.62,11835
2026-01-22,job_analysis,Data Analyst,7,6,1,0.8571,1298.29,7653
2026-01-22,job_analysis,Finance Analyst,3,3,0,1.0,1036.33,3653
2026-01-22,job_analysis,Product Manager,6,6,0,1.0,1553.83,9160
2026-01-22,job_analysis,Software Engineer,5,4,1,0.8,1566.2,6043
2026-01-22,job_analysis,UX Designer,15,14,1,0.9333,1553.2,21502
2026-01-22,mock_interview,Data Analyst,1,1,0,1.0,2417.0,1536
2026-01-22,mock_interview,Product Manager,1,1,0,1.0,1925.0,1923
2026-01-22,mock_interview,Software Engineer,1,1,0,1.0,1484.0,1769
2026-01-22,mock_interview,UX Designer,1,1,0,1.0,2109.0,1872
2026-01-22,prep_plan,Data Analyst,6,5,1,0.8333,1772.0,7487
2026-01-22,prep_plan,Finance Analyst,4,4,0,1.0,1273.5,6494
2026-01-22,prep_plan,Product Manager,3,3,0,1.0,1255.33,5384
2026-01-22,prep_plan,Software Engineer,5,5,0,1.0,1829.4,7361
2026-01-22,prep_plan,UX Designer,6,6,0,1.0,1717.67,7659
2026-01-22,study_notes,Data Analyst,35,34,1,0.9714,2274.06,66265
2026-01-22,study_notes,Finance Analyst,31,31,0,1.0,2095.87,56287
2026-01-22,study_notes,Product Manager,28,26,2,0.9286,1980.07,55397
2026-01-22,study_notes,Software Engineer,41,38,3,0.9268,2092.54,74492
2026-01-22,study_notes,UX Designer,47,44,3,0.9362,2071.51,87262
2026-01-23,exam_generation,Data Analyst,8,6,2,0.75,2077.5,11206
2026-01-23,exam_generation,Finance Analyst,4,2,2,0.5,1750.25,4338
2026-01-23,exam_generation,Product Manager,3,3,0,1.0,1499.67,3539
2026-01-23,exam_generation,Software Engineer,9,8,1,0.8889,1637.56,13080
2026-01-23,exam_generation,UX Designer,6,5,1,0.8333,1986.67,8631
2026-01-23,job_analysis,Data Analyst,11,9,2,0.8182,1342.09,15349
2026-01-23,job_analysis,Finance Analyst,12,11,1,0.9167,1803.58,16163
2026-01-23,job_analysis,Product Manager,10,9,1,0.9,1722.2,14041
2026-01-23,job_analysis,Software Engineer,10,10,0,1.0,1680.8,14668
2026-01-23,job_analysis,UX Designer,8,8,0,1.0,1572.5,12061
2026-01-23,mock_interview,Data Analyst,1,1,0,1.0,380.0,887
2026-01-23,mock_interview,Finance Analyst,1,1,0,1.0,1277.0,1494
2026-01-23,mock_interview,Software Engineer,4,4,0,1.0,1995.75,6177
2026-01-23,mock_interview,UX Designer,3,3,0,1.0,1621.67,5329
2026-01-23,prep_plan,Data Analyst,6,3,3,0.5,1572.33,7096
2026-01-23,prep_plan,Finance Analyst,3,3,0,1.0,2129.33,5185
2026-01-23,prep_plan,Product Manager,4,4,0,1.0,1820.25,6731
2026-01-23,prep_plan,Software Engineer,4,4,0,1.0,1653.5,6453
2026-01-23,prep_plan,UX Designer,8,7,1,0.875,1553.0,11842
2026-01-23,study_notes,Data Analyst,41,40,1,0.9756,2200.37,74307
2026-01-23,study_notes,Finance Analyst,30,30,0,1.0,2175.03,54717
2026-01-23,study_notes,Product Manager,27,27,0,1.0,2073.41,51927
2026-01-23,study_notes,Software Engineer,60,58,2,0.9667,2035.67,107858
2026-01-23,study_notes,UX Designer,43,42,1,0.9767,2226.72,75888
2026-01-24,exam_generation,Data Analyst,7,6,1,0.8571,1741.29,9251
2026-01-24,exam_generation,Finance Analyst,6,6,0,1.0,1417.67,9037
2026-01-24,exam_generation,Product Manager,6,6,0,1.0,1556.17,9576
2026-01-24,exam_generation,Software Engineer,11,11,0,1.0,1610.91,15941
2026-01-24,exam_generation,UX Designer,6,6,0,1.0,1915.33,7345
2026-01-24,job_analysis,Data Analyst,10,10,0,1.0,1701.1,14207
2026-01-24,job_analysis,Finance Analyst,13,13,0,1.0,1618.38,20031
2026-01-24,job_analysis,Product Manager,15,15,0,1.0,1530.2,21990
2026-01-24,job_analysis,Software Engineer,6,6,0,1.0,1903.17,8270
2026-01-24,job_analysis,UX Designer,10,9,1,0.9,1462.0,15596
2026-01-24,mock_interview,Data Analyst,1,1,0,1.0,2330.0,1087
2026-01-24,mock_interview,Finance Analyst,1,1,0,1.0,1074.0,1534
2026-01-24,mock_interview,Software Engineer,1,1,0,1.0,1808.0,1526
2026-01-24,mock_interview,UX Designer,1,1,0,1.0,1652.0,1585
2026-01-24,prep_plan,Data Analyst,5,4,1,0.8,1480.2,7135
2026-01-24,prep_plan,Finance Analyst,6,6,0,1.0,1597.0,8368
2026-01-24,prep_plan,Product Manager,2,2,0,1.0,867.0,3087
2026-01-24,prep_plan,Software Engineer,6,5,1,0.8333,1729.17,7777
2026-01-24,prep_plan,UX Designer,8,7,1,0.875,1539.38,11706
2026-01-24,study_notes,Data Analyst,48,46,2,0.9583,2098.17,84753
2026-01-24,study_notes,Finance Analyst,23,22,1,0.9565,1984.09,43910
2026-01-24,study_notes,Product Manager,30,29,1,0.9667,2290.7,53780
2026-01-24,study_notes,Software Engineer,53,50,3,0.9434,2247.64,93918
2026-01-24,study_notes,UX Designer,41,39,2,0.9512,2190.29,73306
2026-01-25,exam_generation,Data Analyst,7,7,0,1.0,1623.71,10005
2026-01-25,exam_generation,Finance Analyst,6,6,0,1.0,1684.33,9066
2026-01-25,exam_generation,Product Manager,3,3,0,1.0,1855.0,4147
2026-01-25,exam_generation,Software Engineer,6,6,0,1.0,1601.0,9484
2026-01-25,exam_generation,UX Designer,8,8,0,1.0,1730.62,10530
2026-01-25,job_analysis,Data Analyst,5,5,0,1.0,1695.6,7539
2026-01-25,job_analysis,Finance Analyst,11,10,1,0.9091,1579.82,13752
2026-01-25,job_analysis,Product Manager,10,10,0,1.0,1877.5,15775
2026-01-25,job_analysis,Software Engineer,8,8,0,1.0,1703.0,11513
2026-01-25,job_analysis,UX Designer,4,3,1,0.75,1456.75,5905
2026-01-25,mock_interview,Data Analyst,1,1,0,1.0,1552.0,1597
2026-01-25,mock_interview,Software Engineer,2,2,0,1.0,1781.5,2866
2026-01-25,mock_interview,UX Designer,2,1,1,0.5,1491.0,1890
2026-01-25,prep_plan,Data Analyst,6,5,1,0.8333,1832.33,8161
2026-01-25,prep_plan,Finance Analyst,6,6,0,1.0,1450.67,8400
2026-01-25,prep_plan,Product Manager,8,8,0,1.0,1643.25,11613
2026-01-25,prep_plan,Software Engineer,4,4,0,1.0,1575.0,6148
2026-01-25,prep_plan,UX Designer,4,2,2,0.5,1272.75,4851
2026-01-25,study_notes,Data Analyst,38,36,2,0.9474,2132.5,66858
2026-01-25,study_notes,Finance Analyst,23,22,1,0.9565,2062.22,41042
2026-01-25,study_notes,Product Manager,30,27,3,0.9,2292.57,51269
2026-01-25,study_notes,Software Engineer,45,42,3,0.9333,2079.04,81895
2026-01-25,study_notes,UX Designer,48,46,2,0.9583,2217.06,84221
2026-01-26,exam_generation,Data Analyst,9,8,1,0.8889,1377.89,13234
2026-01-26,exam_generation,Finance Analyst,4,4,0,1.0,1525.25,6734
2026-01-26,exam_generation,Product Manager,7,7,0,1.0,1627.71,8939
2026-01-26,exam_generation,Software Engineer,10,9,1,0.9,1427.3,13499
2026-01-26,exam_generation,UX Designer,9,8,1,0.8889,1763.56,12315
2026-01-26,job_analysis,Data Analyst,5,5,0,1.0,1783.4,6098
2026-01-26,job_analysis,Finance Analyst,5,4,1,0.8,1284.8,5902
2026-01-26,job_analysis,Product Manager,11,11,0,1.0,1871.73,18359
2026-01-26,job_analysis,Software Engineer,6,6,0,1.0,1482.17,8855
2026-01-26,job_analysis,UX Designer,12,12,0,1.0,1623.17,17603
2026-01-26,mock_interview,Data Analyst,1,1,0,1.0,2205.0,1254
2026-01-26,mock_interview,Product Manager,1,1,0,1.0,2055.0,1080
2026-01-26,mock_interview,Software Engineer,1,1,0,1.0,1922.0,1339
2026-01-26,mock_interview,UX Designer,1,1,0,1.0,1571.0,1490
2026-01-26,prep_plan,Data Analyst,5,5,0,1.0,1597.6,7223
2026-01-26,prep_plan,Finance Analyst,2,2,0,1.0,2431.5,2931
2026-01-26,prep_plan,Product Manager,8,7,1,0.875,1545.12,12801
2026-01-26,prep_plan,Software Engineer,4,3,1,0.75,1615.0,4916
2026-01-26,prep_plan,UX Designer,4,4,0,1.0,1437.75,5483
2026-01-26,study_notes,Data Analyst,43,43,0,1.0,2086.63,81311
2026-01-26,study_notes,Finance Analyst,29,25,4,0.8621,2021.07,49199
2026-01-26,study_notes,Product Manager,36,34,2,0.9444,2268.28,67090
2026-01-26,study_notes,Software Engineer,47,46,1,0.9787,2202.98,86610
2026-01-26,study_notes,UX Designer,40,37,3,0.925,2203.1,66657
2026-01-27,exam_generation,Data Analyst,5,5,0,1.0,1430.4,8160
2026-01-27,exam_generation,Finance Analyst,13,13,0,1.0,1743.54,21090
2026-01-27,exam_generation,Product Manager,9,9,0,1.0,1432.0,14813
2026-01-27,exam_generation,Software Engineer,14,14,0,1.0,1554.14,18979
2026-01-27,exam_generation,UX Designer,9,9,0,1.0,1682.67,13444
2026-01-27,job_analysis,Data Analyst,5,3,2,0.6,1855.0,5909
2026-01-27,job_analysis,Finance Analyst,8,7,1,0.875,1426.62,11154
2026-01-27,job_analysis,Product Manager,9,9,0,1.0,1485.89,13864
2026-01-27,job_analysis,Software Engineer,9,9,0,1.0,1884.44,12978
2026-01-27,job_analysis,UX Designer,5,4,1,0.8,1769.4,6914
2026-01-27,mock_interview,Data Analyst,1,1,0,1.0,2482.0,1272
2026-01-27,mock_interview,Product Manager,1,1,0,1.0,1363.0,1275
2026-01-27,prep_plan,Data Analyst,6,6,0,1.0,1518.0,7982
2026-01-27,prep_plan,Finance Analyst,8,7,1,0.875,1460.25,12147
2026-01-27,prep_plan,Product Manager,13,12,1,0.9231,1602.77,19714
2026-01-27,prep_plan,Software Engineer,4,4,0,1.0,1868.0,6542
2026-01-27,prep_plan,UX Designer,7,7,0,1.0,1723.29,9307
2026-01-27,study_notes,Data Analyst,38,37,1,0.9737,2246.74,70830
2026-01-27,study_notes,Finance Analyst,32,30,2,0.9375,2237.53,56828
2026-01-27,study_notes,Product Manager,51,49,2,0.9608,2118.92,91521
2026-01-27,study_notes,Software Engineer,50,48,2,0.96,2235.22,92404
2026-01-27,study_notes,UX Designer,46,42,4,0.913,2258.78,78850
2026-01-28,exam_generation,Data Analyst,10,10,0,1.0,1725.7,15328
2026-01-28,exam_generation,Finance Analyst,6,6,0,1.0,1508.33,8354
2026-01-28,exam_generation,Product Manager,9,9,0,1.0,1935.78,13128
2026-01-28,exam_generation,Software Engineer,6,6,0,1.0,1334.17,9538
2026-01-28,exam_generation,UX Designer,13,13,0,1.0,1676.38,20578
2026-01-28,job_analysis,Data Analyst,3,3,0,1.0,2111.67,5027
2026-01-28,job_analysis,Finance Analyst,9,9,0,1.0,1694.44,11745
2026-01-28,job_analysis,Product Manager,7,6,1,0.8571,1954.0,9531
2026-01-28,job_analysis,Software Engineer,11,11,0,1.0,1623.73,16235
2026-01-28,job_analysis,UX Designer,7,7,0,1.0,1873.14,12072
2026-01-28,mock_interview,Data Analyst,2,2,0,1.0,1131.0,2616
2026-01-28,mock_interview,Finance Analyst,4,4,0,1.0,2107.0,5595
2026-01-28,mock_interview,UX Designer,2,2,0,1.0,1390.5,2596
2026-01-28,prep_plan,Data Analyst,2,1,1,0.5,1571.0,1970
2026-01-28,prep_plan,Finance Analyst,3,3,0,1.0,1872.0,4264
2026-01-28,prep_plan,Product Manager,5,5,0,1.0,1511.6,7703
2026-01-28,prep_plan,Software Engineer,5,5,0,1.0,1330.2,8853
2026-01-28,prep_plan,UX Designer,5,5,0,1.0,1695.8,8647
2026-01-28,study_notes,Data Analyst,36,36,0,1.0,2204.0,67187
2026-01-28,study_notes,Finance Analyst,30,29,1,0.9667,2066.13,55960
2026-01-28,study_notes,Product Manager,41,38,3,0.9268,2196.71,71958
2026-01-28,study_notes,Software Engineer,47,46,1,0.9787,2095.55,83354
2026-01-28,study_notes,UX Designer,55,52,3,0.9455,2018.65,96168
2026-01-29,exam_generation,Data Analyst,8,8,0,1.0,1834.62,11341
2026-01-29,exam_generation,Finance Analyst,10,8,2,0.8,1679.8,14345
2026-01-29,exam_generation,Product Manager,5,4,1,0.8,1722.2,7369
2026-01-29,exam_generation,Software Engineer,6,6,0,1.0,1582.67,9063
2026-01-29,exam_generation,UX Designer,7,7,0,1.0,1764.29,10683
2026-01-29,job_analysis,Data Analyst,5,5,0,1.0,1796.0,7762
2026-01-29,job_analysis,Finance Analyst,9,9,0,1.0,1815.22,14443
2026-01-29,job_analysis,Product Manager,12,12,0,1.0,1781.92,17381
2026-01-29,job_analysis,Software Engineer,9,8,1,0.8889,1223.22,12091
2026-01-29,job_analysis,UX Designer,10,9,1,0.9,1968.2,16045
2026-01-29,mock_interview,Data Analyst,1,1,0,1.0,1211.0,1047
2026-01-29,mock_interview,Finance Analyst,1,1,0,1.0,2449.0,753
2026-01-29,mock_interview,Product Manager,2,1,1,0.5,2155.0,2097
2026-01-29,mock_interview,Software Engineer,3,3,0,1.0,1806.67,4894
2026-01-29,mock_interview,UX Designer,1,1,0,1.0,2107.0,1411
2026-01-29,prep_plan,Data Analyst,2,2,0,1.0,1898.0,2771
2026-01-29,prep_plan,Finance Analyst,4,4,0,1.0,1871.5,5024
2026-01-29,prep_plan,Product Manager,7,6,1,0.8571,1842.57,10281
2026-01-29,prep_plan,Software Engineer,7,6,1,0.8571,2083.14,10143
2026-01-29,prep_plan,UX Designer,4,4,0,1.0,1852.0,7424
2026-01-29,study_notes,Data Analyst,44,42,2,0.9545,2196.34,82390
2026-01-29,study_notes,Finance Analyst,32,32,0,1.0,2131.56,60057
2026-01-29,study_notes,Product Manager,41,39,2,0.9512,2202.24,76625
2026-01-29,study_notes,Software Engineer,58,53,5,0.9138,2120.5,100460
2026-01-29,study_notes,UX Designer,59,52,7,0.8814,2128.54,102363
2026-01-30,exam_generation,Data Analyst,10,10,0,1.0,1508.9,15266
2026-01-30,exam_generation,Finance Analyst,8,8,0,1.0,1388.0,12764
2026-01-30,exam_generation,Product Manager,11,10,1,0.9091,1658.73,15773
2026-01-30,exam_generation,Software Engineer,9,9,0,1.0,1774.11,12838
2026-01-30,exam_generation,UX Designer,11,11,0,1.0,1576.0,16366
2026-01-30,job_analysis,Data Analyst,7,7,0,1.0,1886.14,9988
2026-01-30,job_analysis,Finance Analyst,8,8,0,1.0,1643.25,12465
2026-01-30,job_analysis,Product Manager,8,8,0,1.0,1382.62,11708
2026-01-30,job_analysis,Software Engineer,5,5,0,1.0,1195.8,6591
2026-01-30,job_analysis,UX Designer,7,7,0,1.0,1714.57,10174
2026-01-30,mock_interview,Product Manager,1,1,0,1.0,1908.0,1178
2026-01-30,mock_interview,Software Engineer,1,1,0,1.0,1487.0,1541
2026-01-30,mock_interview,UX Designer,2,2,0,1.0,1538.0,2876
2026-01-30,prep_plan,Data Analyst,2,2,0,1.0,1889.5,2574
2026-01-30,prep_plan,Finance Analyst,6,6,0,1.0,1617.17,9377
2026-01-30,prep_plan,Product Manager,6,5,1,0.8333,1595.17,10037
2026-01-30,prep_plan,Software Engineer,6,6,0,1.0,1529.83,9915
2026-01-30,prep_plan,UX Designer,7,7,0,1.0,1320.29,11581
2026-01-30,study_notes,Data Analyst,45,39,6,0.8667,2178.2,76382
2026-01-30,study_notes,Finance Analyst,32,30,2,0.9375,2321.69,58096
2026-01-30,study_notes,Product Manager,52,51,1,0.9808,2104.79,97037
2026-01-30,study_notes,Software Engineer,47,43,4,0.9149,2144.81,81021
2026-01-30,study_notes,UX Designer,52,49,3,0.9423,2094.65,94113
2026-01-31,exam_generation,Data Analyst,7,7,0,1.0,1769.43,11366
2026-01-31,exam_generation,Finance Analyst,10,9,1,0.9,1710.7,15208
2026-01-31,exam_generation,Product Manager,11,11,0,1.0,1755.09,17554
2026-01-31,exam_generation,Software Engineer,10,8,2,0.8,1875.3,12236
2026-01-31,exam_generation,UX Designer,11,10,1,0.9091,1735.73,15994
2026-01-31,job_analysis,Data Analyst,6,6,0,1.0,1872.0,8789
2026-01-31,job_analysis,Finance Analyst,6,6,0,1.0,1381.0,9195
2026-01-31,job_analysis,Product Manager,10,9,1,0.9,1515.1,15896
2026-01-31,job_analysis,Software Engineer,8,7,1,0.875,1868.38,11765
2026-01-31,job_analysis,UX Designer,9,9,0,1.0,1604.89,13225
2026-01-31,mock_interview,Finance Analyst,1,1,0,1.0,1296.0,2137
2026-01-31,mock_interview,Product Manager,2,2,0,1.0,1811.5,3010
2026-01-31,mock_interview,Software Engineer,3,3,0,1.0,2112.67,4596
2026-01-31,mock_interview,UX Designer,2,2,0,1.0,1938.5,3278
2026-01-31,prep_plan,Data Analyst,4,4,0,1.0,1543.0,5937
2026-01-31,prep_plan,Finance Analyst,8,7,1,0.875,1688.38,10149
2026-01-31,prep_plan,Product Manager,7,6,1,0.8571,1551.29,9651
2026-01-31,prep_plan,Software Engineer,7,7,0,1.0,2019.29,11618
2026-01-31,prep_plan,UX Designer,4,4,0,1.0,1472.25,6709
2026-01-31,study_notes,Data Analyst,34,30,4,0.8824,2067.76,56105
2026-01-31,study_notes,Finance Analyst,35,34,1,0.9714,2158.14,60889
2026-01-31,study_notes,Product Manager,44,41,3,0.9318,2233.64,78900
2026-01-31,study_notes,Software Engineer,43,39,4,0.907,2168.47,77240
2026-01-31,study_notes,UX Designer,41,37,4,0.9024,2141.78,71745
2026-02-01,exam_generation,Data Analyst,7,6,1,0.8571,1738.43,9397
2026-02-01,exam_generation,Finance Analyst,12,12,0,1.0,1573.92,18725
2026-02-01,exam_generation,Product Manager,14,12,2,0.8571,1478.71,17676
2026-02-01,exam_generation,Software Engineer,8,8,0,1.0,1404.62,11233
2026-02-01,exam_generation,UX Designer,11,8,3,0.7273,1903.36,14165
2026-02-01,job_analysis,Data Analyst,10,10,0,1.0,1651.4,14276
2026-02-01,job_analysis,Finance Analyst,11,11,0,1.0,1603.73,16419
2026-02-01,job_analysis,Product Manager,9,9,0,1.0,1464.67,14929
2026-02-01,job_analysis,Software Engineer,14,11,3,0.7857,2073.43,19222
2026-02-01,job_analysis,UX Designer,12,9,3,0.75,1543.83,16760
2026-02-01,mock_interview,Data Analyst,2,2,0,1.0,2547.5,3073
2026-02-01,mock_interview,Finance Analyst,1,1,0,1.0,1820.0,1277
2026-02-01,mock_interview,Software Engineer,1,1,0,1.0,1340.0,1525
2026-02-01,prep_plan,Data Analyst,3,2,1,0.6667,1541.67,3936
2026-02-01,prep_plan,Finance Analyst,6,6,0,1.0,1529.5,8673
2026-02-01,prep_plan,Product Manager,4,4,0,1.0,1658.0,5280
2026-02-01,prep_plan,Software Engineer,1,1,0,1.0,1885.0,1450
2026-02-01,prep_plan,UX Designer,6,6,0,1.0,1579.67,8152
2026-02-01,study_notes,Data Analyst,35,34,1,0.9714,2091.2,65672
2026-02-01,study_notes,Finance Analyst,34,33,1,0.9706,2062.53,64357
2026-02-01,study_notes,Product Manager,39,38,1,0.9744,2063.38,72005
2026-02-01,study_notes,Software Engineer,42,41,1,0.9762,2182.24,75445
2026-02-01,study_notes,UX Designer,44,42,2,0.9545,2217.05,79734
2026-02-02,exam_generation,Data Analyst,3,3,0,1.0,1592.0,4369
2026-02-02,exam_generation,Finance Analyst,5,5,0,1.0,1639.2,6653
2026-02-02,exam_generation,Product Manager,15,13,2,0.8667,1701.47,19984
2026-02-02,exam_generation,Software Engineer,4,4,0,1.0,1878.75,5512
2026-02-02,exam_generation,UX Designer,15,14,1,0.9333,1690.33,21963
2026-02-02,job_analysis,Data Analyst,11,11,0,1.0,1969.18,17240
2026-02-02,job_analysis,Finance Analyst,14,14,0,1.0,1700.64,20723
2026-02-02,job_analysis,Product Manager,10,10,0,1.0,1633.3,14820
2026-02-02,job_analysis,Software Engineer,7,7,0,1.0,1249.0,10822
2026-02-02,job_analysis,UX Designer,6,5,1,0.8333,1805.33,7691
2026-02-02,mock_interview,Data Analyst,1,1,0,1.0,1570.0,2025
2026-02-02,mock_interview,Finance Analyst,2,1,1,0.5,1482.5,1695
2026-02-02,mock_interview,Product Manager,2,2,0,1.0,1527.5,3430
2026-02-02,mock_interview,Software Engineer,2,2,0,1.0,1336.5,3339
2026-02-02,mock_interview,UX Designer,1,1,0,1.0,1834.0,1755
2026-02-02,prep_plan,Data Analyst,4,4,0,1.0,1520.5,6967
2026-02-02,prep_plan,Finance Analyst,5,5,0,1.0,2065.2,7768
2026-02-02,prep_plan,Product Manager,12,11,1,0.9167,1606.83,17519
2026-02-02,prep_plan,Software Engineer,6,6,0,1.0,2378.67,8643
2026-02-02,prep_plan,UX Designer,7,7,0,1.0,1552.0,8869
2026-02-02,study_notes,Data Analyst,34,32,2,0.9412,2128.24,63103
2026-02-02,study_notes,Finance Analyst,44,42,2,0.9545,2156.23,76879
2026-02-02,study_notes,Product Manager,63,58,5,0.9206,2188.73,111125
2026-02-02,study_notes,Software Engineer,40,36,4,0.9,2058.28,71526
2026-02-02,study_notes,UX Designer,39,39,0,1.0,2113.08,73141
2026-02-03,exam_generation,Data Analyst,7,7,0,1.0,1695.57,10898
2026-02-03,exam_generation,Finance Analyst,10,9,1,0.9,1775.3,15082
2026-02-03,exam_generation,Product Manager,14,14,0,1.0,1661.21,22008
2026-02-03,exam_generation,Software Engineer,10,10,0,1.0,1770.1,14371
2026-02-03,exam_generation,UX Designer,7,6,1,0.8571,1462.14,10361
2026-02-03,job_analysis,Data Analyst,8,8,0,1.0,1546.62,13443
2026-02-03,job_analysis,Finance Analyst,7,7,0,1.0,1676.57,11210
2026-02-03,job_analysis,Product Manager,8,7,1,0.875,1698.62,11531
2026-02-03,job_analysis,Software Engineer,8,8,0,1.0,1409.25,11715
2026-02-03,job_analysis,UX Designer,13,13,0,1.0,1868.15,18676
2026-02-03,mock_interview,Product Manager,5,4,1,0.8,1571.4,6630
2026-02-03,mock_interview,Software Engineer,1,1,0,1.0,1363.0,1821
2026-02-03,mock_interview,UX Designer,3,3,0,1.0,1465.0,4523
2026-02-03,prep_plan,Data Analyst,10,10,0,1.0,1661.0,15707
2026-02-03,prep_plan,Finance Analyst,8,8,0,1.0,1344.75,12573
2026-02-03,prep_plan,Product Manager,7,7,0,1.0,1459.71,11501
2026-02-03,prep_plan,Software Engineer,12,12,0,1.0,1689.0,18524
2026-02-03,prep_plan,UX Designer,9,7,2,0.7778,1794.56,10572
2026-02-03,study_notes,Data Analyst,32,31,1,0.9688,2147.53,62190
2026-02-03,study_notes,Finance Analyst,39,37,2,0.9487,2133.9,73210
2026-02-03,study_notes,Product Manager,69,67,2,0.971,2139.68,125455
2026-02-03,study_notes,Software Engineer,41,39,2,0.9512,2252.05,70854
2026-02-03,study_notes,UX Designer,56,54,2,0.9643,1981.95,102602
2026-02-04,exam_generation,Data Analyst,6,6,0,1.0,1553.17,7595
2026-02-04,exam_generation,Finance Analyst,11,10,1,0.9091,1815.45,16254
2026-02-04,exam_generation,Product Manager,6,6,0,1.0,1841.0,10384
2026-02-04,exam_generation,Software Engineer,9,9,0,1.0,1702.78,13483
2026-02-04,exam_generation,UX Designer,9,9,0,1.0,1589.0,14069
2026-02-04,job_analysis,Data Analyst,9,9,0,1.0,1744.33,12831
2026-02-04,job_analysis,Finance Analyst,4,4,0,1.0,1923.5,6253
2026-02-04,job_analysis,Product Manager,8,8,0,1.0,1358.0,12189
2026-02-04,job_analysis,Software Engineer,6,6,0,1.0,1638.33,8427
2026-02-04,job_analysis,UX Designer,10,9,1,0.9,1773.3,13114
2026-02-04,mock_interview,Data Analyst,1,1,0,1.0,1961.0,1553
2026-02-04,mock_interview,Finance Analyst,2,2,0,1.0,1816.5,2254
2026-02-04,mock_interview,Product Manager,2,2,0,1.0,1427.5,2701
2026-02-04,mock_interview,Software Engineer,2,2,0,1.0,1927.0,3286
2026-02-04,prep_plan,Data Analyst,8,8,0,1.0,1465.25,11974
2026-02-04,prep_plan,Finance Analyst,6,6,0,1.0,1443.83,8035
2026-02-04,prep_plan,Product Manager,6,6,0,1.0,1332.67,9404
2026-02-04,prep_plan,Software Engineer,5,5,0,1.0,1735.8,7267
2026-02-04,prep_plan,UX Designer,9,8,1,0.8889,1699.33,13522
2026-02-04,study_notes,Data Analyst,37,36,1,0.973,2078.27,73229
2026-02-04,study_notes,Finance Analyst,45,43,2,0.9556,2214.44,84229
2026-02-04,study_notes,Product Manager,58,57,1,0.9828,2221.21,109365
2026-02-04,study_notes,Software Engineer,45,39,6,0.8667,2303.8,77393
2026-02-04,study_notes,UX Designer,54,51,3,0.9444,2128.07,99395
2026-02-05,exam_generation,Data Analyst,8,7,1,0.875,1596.38,12056
2026-02-05,exam_generation,Finance Analyst,8,8,0,1.0,1315.88,11118
2026-02-05,exam_generation,Product Manager,15,15,0,1.0,1777.6,23006
2026-02-05,exam_generation,Software Engineer,7,6,1,0.8571,1710.0,10208
2026-02-05,exam_generation,UX Designer,9,9,0,1.0,1533.44,13156
2026-02-05,job_analysis,Data Analyst,11,9,2,0.8182,1660.64,15461
2026-02-05,job_analysis,Finance Analyst,7,6,1,0.8571,1894.0,9871
2026-02-05,job_analysis,Product Manager,12,10,2,0.8333,1729.75,18323
2026-02-05,job_analysis,Software Engineer,18,18,0,1.0,1700.33,28763
2026-02-05,job_analysis,UX Designer,6,5,1,0.8333,1569.33,7206
2026-02-05,mock_interview,Data Analyst,1,1,0,1.0,1674.0,1114
2026-02-05,mock_interview,Product Manager,1,1,0,1.0,1189.0,1468
2026-02-05,mock_interview,Software Engineer,1,1,0,1.0,1838.0,1112
2026-02-05,mock_interview,UX Designer,3,3,0,1.0,1314.33,4138
2026-02-05,prep_plan,Data Analyst,3,3,0,1.0,1279.67,4336
2026-02-05,prep_plan,Finance Analyst,3,3,0,1.0,1807.0,4362
2026-02-05,prep_plan,Product Manager,2,2,0,1.0,1166.0,2566
2026-02-05,prep_plan,Software Engineer,9,9,0,1.0,1808.67,13081
2026-02-05,prep_plan,UX Designer,5,4,1,0.8,1365.8,6881
2026-02-05,study_notes,Data Analyst,38,38,0,1.0,2161.16,70997
2026-02-05,study_notes,Finance Analyst,45,42,3,0.9333,2214.98,80644
2026-02-05,study_notes,Product Manager,44,41,3,0.9318,2112.59,79869
2026-02-05,study_notes,Software Engineer,51,48,3,0.9412,2222.53,93258
2026-02-05,study_notes,UX Designer,61,56,5,0.918,2186.36,106305
2026-02-06,exam_generation,Data Analyst,9,8,1,0.8889,1485.78,12623
2026-02-06,exam_generation,Finance Analyst,5,4,1,0.8,1652.2,6633
2026-02-06,exam_generation,Product Manager,11,11,0,1.0,1960.82,15288
2026-02-06,exam_generation,Software Engineer,11,10,1,0.9091,1660.09,14501
2026-02-06,exam_generation,UX Designer,11,10,1,0.9091,2040.73,16101
2026-02-06,job_analysis,Data Analyst,8,8,0,1.0,1767.12,13724
2026-02-06,job_analysis,Finance Analyst,6,6,0,1.0,1809.17,7393
2026-02-06,job_analysis,Product Manager,6,6,0,1.0,1479.33,8628
2026-02-06,job_analysis,Software Engineer,9,8,1,0.8889,1670.67,14198
2026-02-06,job_analysis,UX Designer,5,5,0,1.0,1342.4,7384
2026-02-06,mock_interview,Data Analyst,2,2,0,1.0,1860.0,3709
2026-02-06,mock_interview,Finance Analyst,1,1,0,1.0,961.0,1685
2026-02-06,mock_interview,Product Manager,4,4,0,1.0,2208.25,7729
2026-02-06,mock_interview,Software Engineer,1,0,1,0.0,2427.0,587
2026-02-06,mock_interview,UX Designer,1,1,0,1.0,1978.0,1583
2026-02-06,prep_plan,Data Analyst,5,5,0,1.0,1978.2,7708
2026-02-06,prep_plan,Product Manager,6,6,0,1.0,1448.5,8521
2026-02-06,prep_plan,Software Engineer,7,7,0,1.0,1527.86,9702
2026-02-06,prep_plan,UX Designer,6,6,0,1.0,1960.5,9566
2026-02-06,study_notes,Data Analyst,35,33,2,0.9429,2148.51,63011
2026-02-06,study_notes,Finance Analyst,54,50,4,0.9259,2163.33,97244
2026-02-06,study_notes,Product Manager,57,56,1,0.9825,2201.47,102982
2026-02-06,study_notes,Software Engineer,43,40,3,0.9302,2092.93,76676
2026-02-06,study_notes,UX Designer,47,44,3,0.9362,2201.45,86332
2026-02-07,exam_generation,Data Analyst,8,8,0,1.0,1572.38,11726
2026-02-07,exam_generation,Finance Analyst,9,8,1,0.8889,1299.0,10864
2026-02-07,exam_generation,Product Manager,14,14,0,1.0,1705.36,19614
2026-02-07,exam_generation,Software Engineer,16,15,1,0.9375,1638.12,24796
2026-02-07,exam_generation,UX Designer,17,17,0,1.0,1569.47,25970
2026-02-07,job_analysis,Data Analyst,9,7,2,0.7778,1738.89,12573
2026-02-07,job_analysis,Finance Analyst,8,8,0,1.0,1825.0,11659
2026-02-07,job_analysis,Product Manager,9,9,0,1.0,1783.89,13086
2026-02-07,job_analysis,Software Engineer,6,5,1,0.8333,1757.5,7360
2026-02-07,job_analysis,UX Designer,8,8,0,1.0,1576.12,11366
2026-02-07,mock_interview,Data Analyst,3,3,0,1.0,2019.0,4372
2026-02-07,mock_interview,Finance Analyst,2,2,0,1.0,1735.5,2534
2026-02-07,mock_interview,Software Engineer,2,2,0,1.0,1913.0,3257
2026-02-07,mock_interview,UX Designer,1,1,0,1.0,2454.0,1025
2026-02-07,prep_plan,Data Analyst,10,10,0,1.0,1597.7,15711
2026-02-07,prep_plan,Finance Analyst,2,2,0,1.0,1680.0,2761
2026-02-07,prep_plan,Product Manager,6,5,1,0.8333,1214.0,8081
2026-02-07,prep_plan,Software Engineer,8,7,1,0.875,1796.88,11602
2026-02-07,prep_plan,UX Designer,1,1,0,1.0,1791.0,1432
2026-02-07,study_notes,Data Analyst,49,47,2,0.9592,2066.96,91750
2026-02-07,study_notes,Finance Analyst,51,50,1,0.9804,2113.04,88816
2026-02-07,study_notes,Product Manager,51,48,3,0.9412,2105.37,93222
2026-02-07,study_notes,Software Engineer,67,64,3,0.9552,2266.7,126398
2026-02-07,study_notes,UX Designer,45,43,2,0.9556,2097.62,80014
2026-02-08,exam_generation,Data Analyst,9,9,0,1.0,1416.0,14057
2026-02-08,exam_generation,Finance Analyst,9,9,0,1.0,1520.33,12429
2026-02-08,exam_generation,Product Manager,8,8,0,1.0,1382.38,11039
2026-02-08,exam_generation,Software Engineer,10,10,0,1.0,1288.1,16136
2026-02-08,exam_generation,UX Designer,10,10,0,1.0,1608.0,14395
2026-02-08,job_analysis,Data Analyst,8,8,0,1.0,1682.75,11493
2026-02-08,job_analysis,Finance Analyst,3,3,0,1.0,1622.0,4290
2026-02-08,job_analysis,Product Manager,6,6,0,1.0,1476.33,8614
2026-02-08,job_analysis,Software Engineer,5,5,0,1.0,1558.8,6665
2026-02-08,job_analysis,UX Designer,9,8,1,0.8889,1749.11,12506
2026-02-08,mock_interview,Data Analyst,3,3,0,1.0,1368.67,4511
2026-02-08,mock_interview,Finance Analyst,1,1,0,1.0,1175.0,1271
2026-02-08,mock_interview,Product Manager,1,1,0,1.0,380.0,1920
2026-02-08,mock_interview,Software Engineer,2,2,0,1.0,1949.5,3217
2026-02-08,mock_interview,UX Designer,2,2,0,1.0,1328.5,3007
2026-02-08,prep_plan,Data Analyst,2,2,0,1.0,1858.5,2824
2026-02-08,prep_plan,Finance Analyst,3,2,1,0.6667,1717.67,4464
2026-02-08,prep_plan,Product Manager,3,3,0,1.0,1639.0,4421
2026-02-08,prep_plan,Software Engineer,8,8,0,1.0,1669.0,11448
2026-02-08,prep_plan,UX Designer,2,2,0,1.0,2292.5,2409
2026-02-08,study_notes,Data Analyst,37,36,1,0.973,2113.62,68943
2026-02-08,study_notes,Finance Analyst,46,44,2,0.9565,2085.2,84648
2026-02-08,study_notes,Product Manager,57,54,3,0.9474,2154.26,102031
2026-02-08,study_notes,Software Engineer,48,47,1,0.9792,2141.96,88873
2026-02-08,study_notes,UX Designer,50,48,2,0.96,2126.82,93894
2026-02-09,exam_generation,Data Analyst,9,8,1,0.8889,1805.11,12649
2026-02-09,exam_generation,Finance Analyst,17,17,0,1.0,1791.24,25271
2026-02-09,exam_generation,Product Manager,15,13,2,0.8667,1834.67,20054
2026-02-09,exam_generation,Software Engineer,9,9,0,1.0,1764.11,13020
2026-02-09,exam_generation,UX Designer,9,9,0,1.0,1768.11,13102
2026-02-09,job_analysis,Data Analyst,8,8,0,1.0,1472.62,12709
2026-02-09,job_analysis,Finance Analyst,8,8,0,1.0,1585.0,12062
2026-02-09,job_analysis,Product Manager,7,7,0,1.0,1718.0,10785
2026-02-09,job_analysis,Software Engineer,12,12,0,1.0,1404.33,18011
2026-02-09,job_analysis,UX Designer,11,8,3,0.7273,1481.55,15293
2026-02-09,mock_interview,Data Analyst,1,1,0,1.0,1722.0,1505
2026-02-09,mock_interview,Finance Analyst,1,1,0,1.0,2469.0,1428
2026-02-09,mock_interview,Product Manager,1,1,0,1.0,1474.0,1344
2026-02-09,mock_interview,Software Engineer,1,1,0,1.0,1244.0,1475
2026-02-09,mock_interview,UX Designer,2,2,0,1.0,2018.5,3002
2026-02-09,prep_plan,Data Analyst,5,5,0,1.0,1846.6,7664
2026-02-09,prep_plan,Finance Analyst,7,7,0,1.0,1795.0,9082
2026-02-09,prep_plan,Product Manager,4,4,0,1.0,1301.75,5728
2026-02-09,prep_plan,Software Engineer,3,3,0,1.0,1990.33,5238
2026-02-09,prep_plan,UX Designer,6,6,0,1.0,1599.67,9131
2026-02-09,study_notes,Data Analyst,54,49,5,0.9074,2268.91,99025
2026-02-09,study_notes,Finance Analyst,38,37,1,0.9737,2107.53,73648
2026-02-09,study_notes,Product Manager,52,46,6,0.8846,2188.19,93711
2026-02-09,study_notes,Software Engineer,36,35,1,0.9722,2150.11,63246
2026-02-09,study_notes,UX Designer,41,38,3,0.9268,2181.51,70653
2026-02-10,exam_generation,Data Analyst,4,4,0,1.0,1639.75,6838
2026-02-10,exam_generation,Finance Analyst,8,7,1,0.875,1826.62,11467
2026-02-10,exam_generation,Product Manager,8,7,1,0.875,1978.62,11887
2026-02-10,exam_generation,Software Engineer,10,9,1,0.9,1648.1,15010
2026-02-10,exam_generation,UX Designer,6,5,1,0.8333,2254.67,8704
2026-02-10,job_analysis,Data Analyst,4,3,1,0.75,1775.0,5577
2026-02-10,job_analysis,Finance Analyst,7,6,1,0.8571,1754.43,9283
2026-02-10,job_analysis,Product Manager,8,8,0,1.0,1614.25,11954
2026-02-10,job_analysis,Software Engineer,7,7,0,1.0,1761.57,11128
2026-02-10,job_analysis,UX Designer,13,12,1,0.9231,1675.62,18721
2026-02-10,mock_interview,Data Analyst,1,1,0,1.0,1919.0,1478
2026-02-10,mock_interview,Finance Analyst,2,2,0,1.0,1847.5,3503
2026-02-10,mock_interview,Product Manager,1,1,0,1.0,1569.0,797
2026-02-10,mock_interview,Software Engineer,2,2,0,1.0,1644.5,3342
2026-02-10,mock_interview,UX Designer,4,4,0,1.0,2047.5,7012
2026-02-10,prep_plan,Data Analyst,5,5,0,1.0,1991.6,7453
2026-02-10,prep_plan,Finance Analyst,3,3,0,1.0,1434.33,3853
2026-02-10,prep_plan,Product Manager,4,4,0,1.0,1654.5,5095
2026-02-10,prep_plan,Software Engineer,2,1,1,0.5,842.0,1939
2026-02-10,prep_plan,UX Designer,4,4,0,1.0,1419.0,5884
2026-02-10,study_notes,Data Analyst,45,44,1,0.9778,2126.96,83054
2026-02-10,study_notes,Finance Analyst,40,38,2,0.95,2330.68,74308
2026-02-10,study_notes,Product Manager,51,49,2,0.9608,2141.2,90077
2026-02-10,study_notes,Software Engineer,53,50,3,0.9434,1996.02,96802
2026-02-10,study_notes,UX Designer,53,51,2,0.9623,2222.4,95314
2026-02-11,exam_generation,Data Analyst,10,10,0,1.0,1582.3,13552
2026-02-11,exam_generation,Finance Analyst,10,10,0,1.0,1705.9,16308
2026-02-11,exam_generation,Product Manager,10,9,1,0.9,1627.5,15165
2026-02-11,exam_generation,Software Engineer,9,8,1,0.8889,1711.11,13631
2026-02-11,exam_generation,UX Designer,10,10,0,1.0,1727.8,14857
2026-02-11,job_analysis,Data Analyst,8,8,0,1.0,1717.0,12323
2026-02-11,job_analysis,Finance Analyst,5,5,0,1.0,1644.2,6324
2026-02-11,job_analysis,Product Manager,7,7,0,1.0,1508.57,11801
2026-02-11,job_analysis,Software Engineer,7,7,0,1.0,1773.71,10969
2026-02-11,job_analysis,UX Designer,6,6,0,1.0,1724.83,9218
2026-02-11,mock_interview,Data Analyst,1,1,0,1.0,2437.0,682
2026-02-11,mock_interview,Finance Analyst,3,3,0,1.0,1698.0,5461
2026-02-11,mock_interview,Product Manager,6,5,1,0.8333,1477.33,7885
2026-02-11,mock_interview,Software Engineer,1,1,0,1.0,1438.0,1657
2026-02-11,prep_plan,Data Analyst,5,5,0,1.0,1633.2,7775
2026-02-11,prep_plan,Finance Analyst,3,3,0,1.0,1006.0,3719
2026-02-11,prep_plan,Product Manager,5,5,0,1.0,1287.0,7374
2026-02-11,prep_plan,Software Engineer,7,7,0,1.0,1810.14,9036
2026-02-11,prep_plan,UX Designer,6,6,0,1.0,1973.0,9265
2026-02-11,study_notes,Data Analyst,47,45,2,0.9574,2128.45,84002
2026-02-11,study_notes,Finance Analyst,30,29,1,0.9667,2179.77,55863
2026-02-11,study_notes,Product Manager,51,48,3,0.9412,2098.8,92224
2026-02-11,study_notes,Software Engineer,63,61,2,0.9683,2140.32,116502
2026-02-11,study_notes,UX Designer,47,46,1,0.9787,2129.0,84112
2026-02-12,exam_generation,Data Analyst,7,6,1,0.8571,1983.14,9558
2026-02-12,exam_generation,Finance Analyst,13,13,0,1.0,1658.92,20605
2026-02-12,exam_generation,Product Manager,9,8,1,0.8889,1928.67,13468
2026-02-12,exam_generation,Software Engineer,7,6,1,0.8571,1473.29,9937
2026-02-12,exam_generation,UX Designer,13,9,4,0.6923,1586.85,16615
2026-02-12,job_analysis,Data Analyst,8,8,0,1.0,1532.5,11820
2026-02-12,job_analysis,Finance Analyst,11,11,0,1.0,1849.64,16017
2026-02-12,job_analysis,Product Manager,5,5,0,1.0,1580.2,8034
2026-02-12,job_analysis,Software Engineer,9,9,0,1.0,1623.78,12949
2026-02-12,job_analysis,UX Designer,5,5,0,1.0,1963.6,8090
2026-02-12,mock_interview,Data Analyst,2,2,0,1.0,2062.0,2584
2026-02-12,mock_interview,Finance Analyst,2,2,0,1.0,1590.5,2423
2026-02-12,mock_interview,Software Engineer,2,2,0,1.0,1605.0,2506
2026-02-12,mock_interview,UX Designer,3,2,1,0.6667,1503.0,3600
2026-02-12,prep_plan,Data Analyst,4,4,0,1.0,1547.75,6037
2026-02-12,prep_plan,Finance Analyst,6,5,1,0.8333,1711.17,8859
2026-02-12,prep_plan,Product Manager,3,3,0,1.0,1567.67,5325
2026-02-12,prep_plan,Software Engineer,6,5,1,0.8333,2158.83,8075
2026-02-12,prep_plan,UX Designer,8,7,1,0.875,1388.12,10926
2026-02-12,study_notes,Data Analyst,49,48,1,0.9796,2163.88,93857
2026-02-12,study_notes,Finance Analyst,34,34,0,1.0,2097.0,63345
2026-02-12,study_notes,Product Manager,36,33,3,0.9167,2350.42,65597
2026-02-12,study_notes,Software Engineer,52,46,6,0.8846,2285.69,90542
2026-02-12,study_notes,UX Designer,44,40,4,0.9091,2254.45,79038
2026-02-13,exam_generation,Data Analyst,10,10,0,1.0,1869.6,15931
2026-02-13,exam_generation,Finance Analyst,7,6,1,0.8571,1674.14,9926
2026-02-13,exam_generation,Product Manager,16,15,1,0.9375,1556.75,23070
2026-02-13,exam_generation,Software Engineer,9,9,0,1.0,1903.78,13560
2026-02-13,exam_generation,UX Designer,6,6,0,1.0,1708.17,9963
2026-02-13,job_analysis,Data Analyst,6,6,0,1.0,1592.67,9196
2026-02-13,job_analysis,Finance Analyst,6,6,0,1.0,1559.67,7721
2026-02-13,job_analysis,Product Manager,10,8,2,0.8,1557.7,13993
2026-02-13,job_analysis,Software Engineer,6,6,0,1.0,1693.5,8988
2026-02-13,job_analysis,UX Designer,10,9,1,0.9,1817.4,14649
2026-02-13,mock_interview,Data Analyst,5,4,1,0.8,1392.8,6885
2026-02-13,mock_interview,Finance Analyst,3,2,1,0.6667,1566.33,3838
2026-02-13,mock_interview,Product Manager,2,1,1,0.5,1753.5,2644
2026-02-13,mock_interview,Software Engineer,2,2,0,1.0,2183.5,2252
2026-02-13,prep_plan,Data Analyst,6,6,0,1.0,1687.67,7961
2026-02-13,prep_plan,Finance Analyst,6,6,0,1.0,1984.83,7508
2026-02-13,prep_plan,Product Manager,4,3,1,0.75,1436.75,4351
2026-02-13,prep_plan,Software Engineer,5,5,0,1.0,1628.2,6422
2026-02-13,prep_plan,UX Designer,7,7,0,1.0,1554.86,10137
2026-02-13,study_notes,Data Analyst,45,41,4,0.9111,2117.53,76857
2026-02-13,study_notes,Finance Analyst,43,41,2,0.9535,2110.4,75732
2026-02-13,study_notes,Product Manager,32,31,1,0.9688,2101.34,61450
2026-02-13,study_notes,Software Engineer,49,46,3,0.9388,2083.29,91326
2026-02-13,study_notes,UX Designer,40,37,3,0.925,2221.85,72343
2026-02-14,exam_generation,Data Analyst,6,5,1,0.8333,1661.33,7708
2026-02-14,exam_generation,Finance Analyst,11,10,1,0.9091,1760.91,16698
2026-02-14,exam_generation,Product Manager,7,7,0,1.0,1723.57,11201
2026-02-14,exam_generation,Software Engineer,10,10,0,1.0,1741.9,16197
2026-02-14,exam_generation,UX Designer,12,12,0,1.0,1685.92,18491
2026-02-14,job_analysis,Data Analyst,2,1,1,0.5,1495.0,2238
2026-02-14,job_analysis,Finance Analyst,9,9,0,1.0,1717.22,14575
2026-02-14,job_analysis,Product Manager,7,7,0,1.0,1658.43,10266
2026-02-14,job_analysis,Software Engineer,14,14,0,1.0,1800.43,20936
2026-02-14,job_analysis,UX Designer,13,13,0,1.0,1676.77,18677
2026-02-14,mock_interview,Data Analyst,1,1,0,1.0,1697.0,1371
2026-02-14,mock_interview,Finance Analyst,2,1,1,0.5,1814.5,2601
2026-02-14,mock_interview,Product Manager,2,2,0,1.0,1376.0,2748
2026-02-14,mock_interview,Software Engineer,2,2,0,1.0,1169.0,3642
2026-02-14,mock_interview,UX Designer,1,1,0,1.0,1744.0,1969
2026-02-14,prep_plan,Data Analyst,4,4,0,1.0,1663.75,6333
2026-02-14,prep_plan,Finance Analyst,4,4,0,1.0,1848.75,5698
2026-02-14,prep_plan,Product Manager,6,6,0,1.0,1705.0,9636
2026-02-14,prep_plan,Software Engineer,7,6,1,0.8571,1721.14,9549
2026-02-14,prep_plan,UX Designer,5,4,1,0.8,1594.2,6486
2026-02-14,study_notes,Data Analyst,46,46,0,1.0,2204.78,87838
2026-02-14,study_notes,Finance Analyst,30,26,4,0.8667,2173.43,50664
2026-02-14,study_notes,Product Manager,48,46,2,0.9583,2206.77,89061
2026-02-14,study_notes,Software Engineer,53,53,0,1.0,2291.38,97303
2026-02-14,study_notes,UX Designer,48,47,1,0.9792,2142.06,89190
2026-02-15,exam_generation,Data Analyst,8,6,2,0.75,1602.5,11647
2026-02-15,exam_generation,Finance Analyst,2,2,0,1.0,933.0,3479
2026-02-15,exam_generation,Product Manager,9,8,1,0.8889,1700.89,12222
2026-02-15,exam_generation,Software Engineer,3,3,0,1.0,1470.33,4959
2026-02-15,exam_generation,UX Designer,10,9,1,0.9,1580.6,14154
2026-02-15,job_analysis,Data Analyst,5,5,0,1.0,1732.6,7506
2026-02-15,job_analysis,Finance Analyst,9,8,1,0.8889,1648.11,13785
2026-02-15,job_analysis,Product Manager,6,6,0,1.0,1785.0,8206
2026-02-15,job_analysis,Software Engineer,8,7,1,0.875,1587.75,11210
2026-02-15,job_analysis,UX Designer,8,8,0,1.0,1487.88,11457
2026-02-15,mock_interview,Data Analyst,1,1,0,1.0,1165.0,1892
2026-02-15,mock_interview,Product Manager,1,1,0,1.0,1793.0,1753
2026-02-15,mock_interview,Software Engineer,1,0,1,0.0,1378.0,607
2026-02-15,mock_interview,UX Designer,3,3,0,1.0,1785.33,4400
2026-02-15,prep_plan,Data Analyst,3,3,0,1.0,1575.67,4134
2026-02-15,prep_plan,Finance Analyst,8,8,0,1.0,1624.25,10261
2026-02-15,prep_plan,Product Manager,2,2,0,1.0,1500.5,3166
2026-02-15,prep_plan,Software Engineer,6,6,0,1.0,1461.67,8003
2026-02-15,prep_plan,UX Designer,5,4,1,0.8,1897.4,7613
2026-02-15,study_notes,Data Analyst,38,37,1,0.9737,2072.05,69345
2026-02-15,study_notes,Finance Analyst,37,34,3,0.9189,2163.57,65282
2026-02-15,study_notes,Product Manager,37,37,0,1.0,2239.78,70875
2026-02-15,study_notes,Software Engineer,53,48,5,0.9057,2118.21,94749
2026-02-15,study_notes,UX Designer,45,42,3,0.9333,2227.4,79912
2026-02-16,exam_generation,Data Analyst,3,2,1,0.6667,1295.67,3585
2026-02-16,exam_generation,Finance Analyst,11,10,1,0.9091,1489.18,17116
2026-02-16,exam_generation,Product Manager,7,7,0,1.0,1302.0,10496
2026-02-16,exam_generation,Software Engineer,12,11,1,0.9167,1954.25,18662
2026-02-16,exam_generation,UX Designer,8,7,1,0.875,1828.38,10089
2026-02-16,job_analysis,Data Analyst,14,13,1,0.9286,1637.64,20177
2026-02-16,job_analysis,Finance Analyst,10,10,0,1.0,1407.4,16559
2026-02-16,job_analysis,Product Manager,11,10,1,0.9091,1660.64,15515
2026-02-16,job_analysis,Software Engineer,6,5,1,0.8333,1818.83,8516
2026-02-16,job_analysis,UX Designer,5,5,0,1.0,1719.8,5934
2026-02-16,mock_interview,Data Analyst,2,2,0,1.0,1567.5,2354
2026-02-16,mock_interview,Finance Analyst,2,2,0,1.0,1810.0,2237
2026-02-16,prep_plan,Data Analyst,6,6,0,1.0,1840.67,9386
2026-02-16,prep_plan,Finance Analyst,6,6,0,1.0,1646.17,8172
2026-02-16,prep_plan,Product Manager,5,5,0,1.0,1340.8,7108
2026-02-16,prep_plan,Software Engineer,3,3,0,1.0,1608.0,5477
2026-02-16,prep_plan,UX Designer,6,6,0,1.0,2042.67,9575
2026-02-16,study_notes,Data Analyst,38,37,1,0.9737,2132.24,68583
2026-02-16,study_notes,Finance Analyst,33,28,5,0.8485,2025.79,59279
2026-02-16,study_notes,Product Manager,35,33,2,0.9429,2047.29,64608
2026-02-16,study_notes,Software Engineer,44,40,4,0.9091,2079.2,79280
2026-02-16,study_notes,UX Designer,47,46,1,0.9787,2145.47,88985
2026-02-17,exam_generation,Data Analyst,7,7,0,1.0,1417.14,9868
2026-02-17,exam_generation,Finance Analyst,8,8,0,1.0,1670.88,11249
2026-02-17,exam_generation,Product Manager,9,9,0,1.0,1612.0,13454
2026-02-17,exam_generation,Software Engineer,7,6,1,0.8571,1622.14,9771
2026-02-17,exam_generation,UX Designer,11,11,0,1.0,1728.64,16182
2026-02-17,job_analysis,Data Analyst,9,9,0,1.0,1472.44,13197
2026-02-17,job_analysis,Finance Analyst,4,4,0,1.0,2014.75,6364
2026-02-17,job_analysis,Product Manager,5,5,0,1.0,1665.0,8118
2026-02-17,job_analysis,Software Engineer,3,2,1,0.6667,1962.33,2923
2026-02-17,job_analysis,UX Designer,4,4,0,1.0,1632.75,5746
2026-02-17,mock_interview,Data Analyst,4,4,0,1.0,1571.25,5884
2026-02-17,mock_interview,Finance Analyst,3,3,0,1.0,1738.33,4920
2026-02-17,mock_interview,Product Manager,2,2,0,1.0,2498.0,3036
2026-02-17,mock_interview,Software Engineer,3,3,0,1.0,1420.67,4021
2026-02-17,mock_interview,UX Designer,1,1,0,1.0,1675.0,1358
2026-02-17,prep_plan,Data Analyst,10,9,1,0.9,1723.3,14598
2026-02-17,prep_plan,Finance Analyst,5,5,0,1.0,1422.8,7266
2026-02-17,prep_plan,Product Manager,5,5,0,1.0,2149.2,7043
2026-02-17,prep_plan,Software Engineer,7,6,1,0.8571,1879.29,9007
2026-02-17,prep_plan,UX Designer,5,5,0,1.0,2280.4,7106
2026-02-17,study_notes,Data Analyst,48,46,2,0.9583,2018.31,85031
2026-02-17,study_notes,Finance Analyst,36,35,1,0.9722,2181.53,64840
2026-02-17,study_notes,Product Manager,38,34,4,0.8947,2215.53,66238
2026-02-17,study_notes,Software Engineer,44,42,2,0.9545,2167.55,80720
2026-02-17,study_notes,UX Designer,31,29,2,0.9355,2138.77,59147
2026-02-18,exam_generation,Data Analyst,11,11,0,1.0,1594.55,17508
2026-02-18,exam_generation,Finance Analyst,9,9,0,1.0,1622.11,13906
2026-02-18,exam_generation,Product Manager,9,8,1,0.8889,1677.67,12309
2026-02-18,exam_generation,Software Engineer,9,9,0,1.0,1628.67,13705
2026-02-18,exam_generation,UX Designer,5,5,0,1.0,1462.0,6981
2026-02-18,job_analysis,Data Analyst,7,6,1,0.8571,1453.57,10075
2026-02-18,job_analysis,Finance Analyst,9,8,1,0.8889,1642.22,12942
2026-02-18,job_analysis,Product Manager,7,7,0,1.0,1833.14,11698
2026-02-18,job_analysis,Software Engineer,12,12,0,1.0,1828.83,17332
2026-02-18,job_analysis,UX Designer,9,8,1,0.8889,1436.89,12619
2026-02-18,mock_interview,Data Analyst,1,1,0,1.0,1882.0,1922
2026-02-18,mock_interview,Product Manager,4,4,0,1.0,1754.0,6816
2026-02-18,mock_interview,Software Engineer,4,4,0,1.0,1702.75,5561
2026-02-18,mock_interview,UX Designer,1,1,0,1.0,861.0,1546
2026-02-18,prep_plan,Data Analyst,6,6,0,1.0,2132.17,9757
2026-02-18,prep_plan,Finance Analyst,5,5,0,1.0,1531.8,7946
2026-02-18,prep_plan,Product Manager,7,6,1,0.8571,1611.57,10431
2026-02-18,prep_plan,Software Engineer,4,3,1,0.75,2129.75,4867
2026-02-18,prep_plan,UX Designer,6,6,0,1.0,1486.0,9301
2026-02-18,study_notes,Data Analyst,40,40,0,1.0,2058.5,74697
2026-02-18,study_notes,Finance Analyst,42,39,3,0.9286,2108.02,75136
2026-02-18,study_notes,Product Manager,39,37,2,0.9487,2156.1,66670
2026-02-18,study_notes,Software Engineer,52,49,3,0.9423,2220.06,95612
2026-02-18,study_notes,UX Designer,48,45,3,0.9375,2239.33,89927
2026-02-19,exam_generation,Data Analyst,3,3,0,1.0,1265.0,4662
2026-02-19,exam_generation,Finance Analyst,13,11,2,0.8462,1860.62,17141
2026-02-19,exam_generation,Product Manager,5,5,0,1.0,1770.8,6034
2026-02-19,exam_generation,Software Engineer,9,8,1,0.8889,1622.67,13324
2026-02-19,exam_generation,UX Designer,13,12,1,0.9231,1755.31,17268
2026-02-19,job_analysis,Data Analyst,8,8,0,1.0,1448.38,12796
2026-02-19,job_analysis,Finance Analyst,7,6,1,0.8571,1520.29,9638
2026-02-19,job_analysis,Product Manager,8,8,0,1.0,1799.25,13582
2026-02-19,job_analysis,Software Engineer,7,6,1,0.8571,1326.29,9316
2026-02-19,job_analysis,UX Designer,8,8,0,1.0,1819.0,10825
2026-02-19,mock_interview,Finance Analyst,2,1,1,0.5,1570.0,2437
2026-02-19,mock_interview,Product Manager,1,1,0,1.0,1443.0,1232
2026-02-19,mock_interview,Software Engineer,2,1,1,0.5,2419.0,1808
2026-02-19,prep_plan,Data Analyst,3,3,0,1.0,1745.67,4027
2026-02-19,prep_plan,Finance Analyst,4,4,0,1.0,1879.75,6858
2026-02-19,prep_plan,Product Manager,6,6,0,1.0,1839.5,8850
2026-02-19,prep_plan,Software Engineer,8,8,0,1.0,1685.12,11795
2026-02-19,prep_plan,UX Designer,5,5,0,1.0,2166.2,5928
2026-02-19,study_notes,Data Analyst,44,40,4,0.9091,2163.93,78425
2026-02-19,study_notes,Finance Analyst,44,42,2,0.9545,2183.52,77419
2026-02-19,study_notes,Product Manager,35,35,0,1.0,2199.49,64662
2026-02-19,study_notes,Software Engineer,50,46,4,0.92,2135.04,90761
2026-02-19,study_notes,UX Designer,53,52,1,0.9811,2299.83,95056
2026-02-20,exam_generation,Data Analyst,10,10,0,1.0,1510.4,14738
2026-02-20,exam_generation,Finance Analyst,14,13,1,0.9286,1754.5,19665
2026-02-20,exam_generation,Product Manager,11,10,1,0.9091,1749.0,15995
2026-02-20,exam_generation,Software Engineer,13,12,1,0.9231,1459.77,18914
2026-02-20,exam_generation,UX Designer,16,16,0,1.0,1879.88,23277
2026-02-20,job_analysis,Data Analyst,5,5,0,1.0,1544.0,7946
2026-02-20,job_analysis,Finance Analyst,9,8,1,0.8889,2001.11,12475
2026-02-20,job_analysis,Product Manager,5,5,0,1.0,1810.2,6831
2026-02-20,job_analysis,Software Engineer,6,6,0,1.0,1564.5,9666
2026-02-20,job_analysis,UX Designer,7,7,0,1.0,1489.14,10520
2026-02-20,mock_interview,Data Analyst,1,1,0,1.0,782.0,1233
2026-02-20,mock_interview,Finance Analyst,2,1,1,0.5,1356.5,2637
2026-02-20,mock_interview,Product Manager,2,2,0,1.0,880.0,3044
2026-02-20,mock_interview,Software Engineer,2,1,1,0.5,2002.5,2318
2026-02-20,prep_plan,Data Analyst,4,3,1,0.75,1666.0,5723
2026-02-20,prep_plan,Finance Analyst,4,4,0,1.0,2010.0,6307
2026-02-20,prep_plan,Product Manager,6,6,0,1.0,1625.0,9410
2026-02-20,prep_plan,Software Engineer,2,2,0,1.0,1453.5,2225
2026-02-20,prep_plan,UX Designer,4,4,0,1.0,1773.5,5827
2026-02-20,study_notes,Data Analyst,38,38,0,1.0,2001.08,72645
2026-02-20,study_notes,Finance Analyst,45,39,6,0.8667,2091.89,79119
2026-02-20,study_notes,Product Manager,41,39,2,0.9512,2152.17,74387
2026-02-20,study_notes,Software Engineer,35,34,1,0.9714,2065.74,64051
2026-02-20,study_notes,UX Designer,47,44,3,0.9362,2232.19,85370
2026-02-21,exam_generation,Data Analyst,12,11,1,0.9167,1600.75,16157
2026-02-21,exam_generation,Finance Analyst,12,12,0,1.0,1570.92,17400
2026-02-21,exam_generation,Product Manager,10,9,1,0.9,1479.4,13927
2026-02-21,exam_generation,Software Engineer,10,9,1,0.9,1629.2,13777
2026-02-21,exam_generation,UX Designer,14,14,0,1.0,1543.21,19584
2026-02-21,job_analysis,Data Analyst,6,5,1,0.8333,1796.83,8662
2026-02-21,job_analysis,Finance Analyst,11,10,1,0.9091,1657.27,14321
2026-02-21,job_analysis,Product Manager,9,9,0,1.0,1508.22,12280
2026-02-21,job_analysis,Software Engineer,6,6,0,1.0,1673.17,9196
2026-02-21,job_analysis,UX Designer,8,7,1,0.875,1711.88,12309
2026-02-21,mock_interview,Data Analyst,1,1,0,1.0,1945.0,1238
2026-02-21,mock_interview,Product Manager,5,5,0,1.0,1470.8,7714
2026-02-21,mock_interview,Software Engineer,1,1,0,1.0,1833.0,1552
2026-02-21,mock_interview,UX Designer,3,3,0,1.0,2070.67,4254
2026-02-21,prep_plan,Data Analyst,7,7,0,1.0,1750.14,9947
2026-02-21,prep_plan,Finance Analyst,6,6,0,1.0,1737.67,9214
2026-02-21,prep_plan,Product Manager,2,2,0,1.0,1364.0,2408
2026-02-21,prep_plan,Software Engineer,5,5,0,1.0,2254.8,8533
2026-02-21,prep_plan,UX Designer,8,8,0,1.0,1247.62,11661
2026-02-21,study_notes,Data Analyst,42,41,1,0.9762,2026.95,76201
2026-02-21,study_notes,Finance Analyst,47,45,2,0.9574,2062.66,86711
2026-02-21,study_notes,Product Manager,55,53,2,0.9636,2168.53,99448
2026-02-21,study_notes,Software Engineer,39,38,1,0.9744,2026.05,70634
2026-02-21,study_notes,UX Designer,58,57,1,0.9828,2134.95,110324
2026-02-22,exam_generation,Data Analyst,6,6,0,1.0,1662.17,8618
2026-02-22,exam_generation,Finance Analyst,11,10,1,0.9091,1466.91,15143
2026-02-22,exam_generation,Product Manager,9,8,1,0.8889,1629.78,12762
2026-02-22,exam_generation,Software Engineer,8,8,0,1.0,1758.0,10646
2026-02-22,exam_generation,UX Designer,6,6,0,1.0,1572.5,8820
2026-02-22,job_analysis,Data Analyst,4,4,0,1.0,1671.0,6281
2026-02-22,job_analysis,Finance Analyst,8,8,0,1.0,1774.38,11185
2026-02-22,job_analysis,Product Manager,5,4,1,0.8,1601.0,6999
2026-02-22,job_analysis,Software Engineer,6,5,1,0.8333,1436.0,7716
2026-02-22,job_analysis,UX Designer,6,6,0,1.0,1468.17,8656
2026-02-22,mock_interview,Data Analyst,3,3,0,1.0,1550.0,4656
2026-02-22,mock_interview,Finance Analyst,1,1,0,1.0,2052.0,1795
2026-02-22,mock_interview,Product Manager,3,3,0,1.0,1642.67,4071
2026-02-22,mock_interview,Software Engineer,1,1,0,1.0,1646.0,1531
2026-02-22,mock_interview,UX Designer,2,2,0,1.0,1769.5,3129
2026-02-22,prep_plan,Finance Analyst,3,3,0,1.0,2126.0,3932
2026-02-22,prep_plan,Product Manager,4,3,1,0.75,1972.5,4729
2026-02-22,prep_plan,Software Engineer,6,6,0,1.0,1806.5,8774
2026-02-22,prep_plan,UX Designer,3,3,0,1.0,1836.67,4746
2026-02-22,study_notes,Data Analyst,31,30,1,0.9677,2079.19,54699
2026-02-22,study_notes,Finance Analyst,46,46,0,1.0,2208.78,84448
2026-02-22,study_notes,Product Manager,32,31,1,0.9688,2144.34,59799
2026-02-22,study_notes,Software Engineer,41,39,2,0.9512,2113.9,75042
2026-02-22,study_notes,UX Designer,52,51,1,0.9808,2136.54,95869
2026-02-23,exam_generation,Data Analyst,9,8,1,0.8889,2010.0,14052
2026-02-23,exam_generation,Finance Analyst,12,12,0,1.0,1821.0,19017
2026-02-23,exam_generation,Product Manager,8,8,0,1.0,1415.75,12267
2026-02-23,exam_generation,Software Engineer,9,9,0,1.0,1808.44,13964
2026-02-23,exam_generation,UX Designer,8,8,0,1.0,2015.5,11419
2026-02-23,job_analysis,Data Analyst,11,11,0,1.0,1756.82,17349
2026-02-23,job_analysis,Finance Analyst,6,5,1,0.8333,1696.33,6309
2026-02-23,job_analysis,Product Manager,10,10,0,1.0,1740.5,16649
2026-02-23,job_analysis,Software Engineer,9,9,0,1.0,1735.44,13921
2026-02-23,job_analysis,UX Designer,4,4,0,1.0,1899.0,5427
2026-02-23,mock_interview,Data Analyst,1,1,0,1.0,1447.0,1284
2026-02-23,mock_interview,Finance Analyst,1,1,0,1.0,914.0,1850
2026-02-23,mock_interview,Product Manager,2,2,0,1.0,1581.5,2784
2026-02-23,mock_interview,Software Engineer,4,4,0,1.0,1852.25,5822
2026-02-23,mock_interview,UX Designer,4,3,1,0.75,1773.5,5390
2026-02-23,prep_plan,Data Analyst,9,7,2,0.7778,1918.0,12180
2026-02-23,prep_plan,Finance Analyst,8,7,1,0.875,1306.88,11955
2026-02-23,prep_plan,Product Manager,1,0,1,0.0,1487.0,831
2026-02-23,prep_plan,Software Engineer,1,1,0,1.0,1676.0,2075
2026-02-23,prep_plan,UX Designer,5,5,0,1.0,1661.4,7496
2026-02-23,study_notes,Data Analyst,40,37,3,0.925,2121.07,69740
2026-02-23,study_notes,Finance Analyst,39,38,1,0.9744,2219.28,73358
2026-02-23,study_notes,Product Manager,33,32,1,0.9697,2255.67,59468
2026-02-23,study_notes,Software Engineer,43,40,3,0.9302,2146.21,77142
2026-02-23,study_notes,UX Designer,45,43,2,0.9556,2042.91,79639
2026-02-24,exam_generation,Data Analyst,12,12,0,1.0,1528.25,18114
2026-02-24,exam_generation,Finance Analyst,13,12,1,0.9231,1520.31,18669
2026-02-24,exam_generation,Product Manager,10,10,0,1.0,1778.6,16915
2026-02-24,exam_generation,Software Engineer,5,5,0,1.0,1738.4,7290
2026-02-24,exam_generation,UX Designer,10,10,0,1.0,2019.8,14149
2026-02-24,job_analysis,Data Analyst,9,8,1,0.8889,1645.78,13703
2026-02-24,job_analysis,Finance Analyst,4,4,0,1.0,1455.0,4812
2026-02-24,job_analysis,Product Manager,12,12,0,1.0,1621.17,17166
2026-02-24,job_analysis,Software Engineer,11,9,2,0.8182,1561.55,15731
2026-02-24,job_analysis,UX Designer,4,4,0,1.0,2116.0,5610
2026-02-24,mock_interview,Data Analyst,2,2,0,1.0,1915.5,3478
2026-02-24,mock_interview,Finance Analyst,1,1,0,1.0,2351.0,1322
2026-02-24,mock_interview,Product Manager,2,2,0,1.0,1665.5,2615
2026-02-24,mock_interview,Software Engineer,4,4,0,1.0,1953.25,6563
2026-02-24,mock_interview,UX Designer,3,3,0,1.0,1510.0,5012
2026-02-24,prep_plan,Data Analyst,5,4,1,0.8,1763.6,6237
2026-02-24,prep_plan,Finance Analyst,2,2,0,1.0,1525.5,3767
2026-02-24,prep_plan,Product Manager,5,5,0,1.0,1617.0,6852
2026-02-24,prep_plan,Software Engineer,6,6,0,1.0,1497.5,8543
2026-02-24,prep_plan,UX Designer,1,1,0,1.0,1158.0,1303
2026-02-24,study_notes,Data Analyst,46,45,1,0.9783,2140.09,89629
2026-02-24,study_notes,Finance Analyst,40,40,0,1.0,2105.32,77454
2026-02-24,study_notes,Product Manager,38,38,0,1.0,2153.03,68763
2026-02-24,study_notes,Software Engineer,28,28,0,1.0,2328.86,54436
2026-02-24,study_notes,UX Designer,44,42,2,0.9545,2047.05,79260
2026-02-25,exam_generation,Data Analyst,10,9,1,0.9,1758.9,13867
2026-02-25,exam_generation,Finance Analyst,9,9,0,1.0,1647.78,14175
2026-02-25,exam_generation,Product Manager,13,13,0,1.0,1671.92,19368
2026-02-25,exam_generation,Software Engineer,10,9,1,0.9,1353.0,13795
2026-02-25,exam_generation,UX Designer,8,8,0,1.0,1658.12,12091
2026-02-25,job_analysis,Data Analyst,14,14,0,1.0,1525.71,21493
2026-02-25,job_analysis,Finance Analyst,9,8,1,0.8889,2184.56,12183
2026-02-25,job_analysis,Product Manager,8,8,0,1.0,1354.25,12749
2026-02-25,job_analysis,Software Engineer,9,9,0,1.0,1980.0,13069
2026-02-25,job_analysis,UX Designer,7,7,0,1.0,1744.43,11171
2026-02-25,mock_interview,Finance Analyst,7,7,0,1.0,1753.57,9986
2026-02-25,mock_interview,Product Manager,1,1,0,1.0,1864.0,1781
2026-02-25,mock_interview,Software Engineer,1,1,0,1.0,1221.0,1725
2026-02-25,prep_plan,Data Analyst,6,4,2,0.6667,1754.17,7594
2026-02-25,prep_plan,Finance Analyst,6,6,0,1.0,1594.17,9122
2026-02-25,prep_plan,Product Manager,9,9,0,1.0,1620.89,13883
2026-02-25,prep_plan,Software Engineer,9,8,1,0.8889,1693.89,11865
2026-02-25,prep_plan,UX Designer,4,4,0,1.0,871.75,5534
2026-02-25,study_notes,Data Analyst,46,43,3,0.9348,2126.61,80262
2026-02-25,study_notes,Finance Analyst,40,38,2,0.95,2114.8,69596
2026-02-25,study_notes,Product Manager,35,33,2,0.9429,2170.83,62271
2026-02-25,study_notes,Software Engineer,48,44,4,0.9167,2227.35,84712
2026-02-25,study_notes,UX Designer,46,45,1,0.9783,2177.63,86160
2026-02-26,exam_generation,Data Analyst,8,7,1,0.875,1483.88,9111
2026-02-26,exam_generation,Finance Analyst,5,5,0,1.0,2062.6,7941
2026-02-26,exam_generation,Product Manager,12,12,0,1.0,1541.58,19784
2026-02-26,exam_generation,Software Engineer,8,8,0,1.0,1424.12,12145
2026-02-26,exam_generation,UX Designer,6,6,0,1.0,1814.83,8916
2026-02-26,job_analysis,Data Analyst,7,7,0,1.0,1486.0,10460
2026-02-26,job_analysis,Finance Analyst,6,6,0,1.0,1496.0,9198
2026-02-26,job_analysis,Product Manager,9,9,0,1.0,1647.67,12180
2026-02-26,job_analysis,Software Engineer,7,7,0,1.0,1588.86,10954
2026-02-26,job_analysis,UX Designer,2,2,0,1.0,1772.5,3651
2026-02-26,mock_interview,Data Analyst,1,1,0,1.0,2443.0,1775
2026-02-26,mock_interview,Finance Analyst,2,2,0,1.0,2121.0,2591
2026-02-26,mock_interview,UX Designer,3,2,1,0.6667,1852.33,4368
2026-02-26,prep_plan,Data Analyst,5,5,0,1.0,1813.8,7636
2026-02-26,prep_plan,Finance Analyst,3,3,0,1.0,1590.33,3733
2026-02-26,prep_plan,Product Manager,4,4,0,1.0,1602.5,5635
2026-02-26,prep_plan,Software Engineer,5,5,0,1.0,1797.4,7446
2026-02-26,prep_plan,UX Designer,1,1,0,1.0,1031.0,1638
2026-02-26,study_notes,Data Analyst,48,47,1,0.9792,1995.58,89392
2026-02-26,study_notes,Finance Analyst,44,44,0,1.0,2127.8,78972
2026-02-26,study_notes,Product Manager,40,39,1,0.975,2162.1,72434
2026-02-26,study_notes,Software Engineer,32,31,1,0.9688,2379.0,58002
2026-02-26,study_notes,UX Designer,31,31,0,1.0,2218.13,57170
2026-02-27,exam_generation,Data Analyst,8,6,2,0.75,1684.38,10626
2026-02-27,exam_generation,Finance Analyst,6,5,1,0.8333,1635.17,7501
2026-02-27,exam_generation,Product Manager,7,7,0,1.0,1680.0,10358
2026-02-27,exam_generation,Software Engineer,16,16,0,1.0,1589.12,23387
2026-02-27,exam_generation,UX Designer,7,7,0,1.0,1914.14,9826
2026-02-27,job_analysis,Data Analyst,9,9,0,1.0,1700.78,13515
2026-02-27,job_analysis,Finance Analyst,8,8,0,1.0,1490.12,10359
2026-02-27,job_analysis,Product Manager,2,2,0,1.0,1632.5,2466
2026-02-27,job_analysis,Software Engineer,12,12,0,1.0,1495.5,16681
2026-02-27,job_analysis,UX Designer,7,7,0,1.0,1594.14,9470
2026-02-27,mock_interview,Data Analyst,4,4,0,1.0,1893.75,5076
2026-02-27,mock_interview,Finance Analyst,2,2,0,1.0,1772.5,2353
2026-02-27,mock_interview,Product Manager,2,2,0,1.0,1833.0,2614
2026-02-27,mock_interview,UX Designer,3,3,0,1.0,2159.67,4837
2026-02-27,prep_plan,Data Analyst,6,6,0,1.0,1773.5,7594
2026-02-27,prep_plan,Finance Analyst,5,5,0,1.0,1865.2,6180
2026-02-27,prep_plan,Product Manager,10,9,1,0.9,1698.2,15497
2026-02-27,prep_plan,Software Engineer,5,5,0,1.0,2018.2,8128
2026-02-27,prep_plan,UX Designer,5,5,0,1.0,1841.2,6813
2026-02-27,study_notes,Data Analyst,39,37,2,0.9487,2150.0,70524
2026-02-27,study_notes,Finance Analyst,38,36,2,0.9474,2065.16,70116
2026-02-27,study_notes,Product Manager,35,34,1,0.9714,2097.77,61553
2026-02-27,study_notes,Software Engineer,39,38,1,0.9744,2098.33,71605
2026-02-27,study_notes,UX Designer,32,30,2,0.9375,2180.94,55065
2026-02-28,exam_generation,Data Analyst,14,12,2,0.8571,1604.71,17498
2026-02-28,exam_generation,Finance Analyst,5,5,0,1.0,1634.4,7281
2026-02-28,exam_generation,Product Manager,14,14,0,1.0,1588.07,20507
2026-02-28,exam_generation,Software Engineer,9,9,0,1.0,1498.0,13915
2026-02-28,exam_generation,UX Designer,7,7,0,1.0,1637.29,10349
2026-02-28,job_analysis,Data Analyst,7,6,1,0.8571,1741.0,8944
2026-02-28,job_analysis,Finance Analyst,8,7,1,0.875,1602.0,10696
2026-02-28,job_analysis,Product Manager,7,7,0,1.0,1653.29,8952
2026-02-28,job_analysis,Software Engineer,7,7,0,1.0,1704.71,9794
2026-02-28,job_analysis,UX Designer,8,8,0,1.0,1391.88,12108
2026-02-28,mock_interview,Finance Analyst,6,6,0,1.0,1813.67,8553
2026-02-28,mock_interview,Product Manager,2,2,0,1.0,1707.5,3289
2026-02-28,mock_interview,Software Engineer,1,1,0,1.0,3116.0,1231
2026-02-28,mock_interview,UX Designer,1,1,0,1.0,1822.0,1468
2026-02-28,prep_plan,Data Analyst,5,4,1,0.8,1788.8,5958
2026-02-28,prep_plan,Finance Analyst,5,4,1,0.8,1445.2,6365
2026-02-28,prep_plan,Product Manager,2,2,0,1.0,2645.5,3273
2026-02-28,prep_plan,Software Engineer,7,7,0,1.0,1496.71,11469
2026-02-28,prep_plan,UX Designer,2,2,0,1.0,943.0,3635
2026-02-28,study_notes,Data Analyst,57,55,2,0.9649,2091.89,105330
2026-02-28,study_notes,Finance Analyst,40,37,3,0.925,2141.45,73106
2026-02-28,study_notes,Product Manager,36,36,0,1.0,2010.69,66830
2026-02-28,study_notes,Software Engineer,44,43,1,0.9773,2113.55,80442
2026-02-28,study_notes,UX Designer,30,30,0,1.0,1896.17,57851
2026-03-01,exam_generation,Data Analyst,17,17,0,1.0,1654.29,24927
2026-03-01,exam_generation,Finance Analyst,10,10,0,1.0,1709.0,16363
2026-03-01,exam_generation,Product Manager,9,9,0,1.0,1653.56,12498
2026-03-01,exam_generation,Software Engineer,14,12,2,0.8571,1550.57,19957
2026-03-01,exam_generation,UX Designer,7,7,0,1.0,1505.71,9023
2026-03-01,job_analysis,Data Analyst,12,12,0,1.0,1724.17,17790
2026-03-01,job_analysis,Finance Analyst,9,9,0,1.0,1514.22,13276
2026-03-01,job_analysis,Product Manager,9,9,0,1.0,1415.22,12561
2026-03-01,job_analysis,Software Engineer,6,6,0,1.0,1083.0,9065
2026-03-01,job_analysis,UX Designer,7,7,0,1.0,1723.71,10502
2026-03-01,mock_interview,Data Analyst,1,1,0,1.0,2159.0,1211
2026-03-01,mock_interview,Finance Analyst,1,1,0,1.0,1852.0,1612
2026-03-01,mock_interview,Product Manager,3,3,0,1.0,2074.67,5020
2026-03-01,mock_interview,Software Engineer,1,1,0,1.0,1484.0,2012
2026-03-01,prep_plan,Data Analyst,4,4,0,1.0,1631.75,5399
2026-03-01,prep_plan,Finance Analyst,7,7,0,1.0,1536.43,10314
2026-03-01,prep_plan,Product Manager,1,1,0,1.0,2216.0,1936
2026-03-01,prep_plan,Software Engineer,3,3,0,1.0,1437.0,4470
2026-03-01,prep_plan,UX Designer,3,3,0,1.0,1768.33,4592
2026-03-01,study_notes,Data Analyst,41,39,2,0.9512,2095.46,72051
2026-03-01,study_notes,Finance Analyst,35,33,2,0.9429,2204.66,62479
2026-03-01,study_notes,Product Manager,32,32,0,1.0,2098.78,59537
2026-03-01,study_notes,Software Engineer,39,37,2,0.9487,2182.62,73801
2026-03-01,study_notes,UX Designer,24,24,0,1.0,2321.96,45622
2026-03-02,exam_generation,Data Analyst,10,9,1,0.9,1517.2,15146
2026-03-02,exam_generation,Finance Analyst,9,9,0,1.0,1702.11,15036
2026-03-02,exam_generation,Product Manager,9,8,1,0.8889,1710.67,13257
2026-03-02,exam_generation,Software Engineer,7,7,0,1.0,1634.57,9609
2026-03-02,exam_generation,UX Designer,6,6,0,1.0,1793.33,8494
2026-03-02,job_analysis,Data Analyst,9,9,0,1.0,1408.67,13625
2026-03-02,job_analysis,Finance Analyst,12,12,0,1.0,1634.5,20555
2026-03-02,job_analysis,Product Manager,11,10,1,0.9091,1604.55,16089
2026-03-02,job_analysis,Software Engineer,9,7,2,0.7778,1870.56,11347
2026-03-02,job_analysis,UX Designer,8,7,1,0.875,1452.12,10453
2026-03-02,mock_interview,Data Analyst,1,1,0,1.0,1981.0,1364
2026-03-02,mock_interview,Finance Analyst,2,2,0,1.0,1247.0,2926
2026-03-02,mock_interview,Software Engineer,1,1,0,1.0,2042.0,1430
2026-03-02,prep_plan,Data Analyst,2,2,0,1.0,1284.5,3659
2026-03-02,prep_plan,Finance Analyst,5,5,0,1.0,1671.4,8481
2026-03-02,prep_plan,Product Manager,6,5,1,0.8333,1453.17,8115
2026-03-02,prep_plan,Software Engineer,9,9,0,1.0,1835.78,12754
2026-03-02,prep_plan,UX Designer,2,2,0,1.0,1504.0,2852
2026-03-02,study_notes,Data Analyst,38,36,2,0.9474,2171.05,70115
2026-03-02,study_notes,Finance Analyst,46,43,3,0.9348,2084.17,81549
2026-03-02,study_notes,Product Manager,32,32,0,1.0,2057.69,60435
2026-03-02,study_notes,Software Engineer,45,40,5,0.8889,2057.73,77580
2026-03-02,study_notes,UX Designer,23,21,2,0.913,2143.3,40342
2026-03-03,exam_generation,Data Analyst,9,9,0,1.0,1731.78,13693
2026-03-03,exam_generation,Finance Analyst,6,6,0,1.0,1823.0,9422
2026-03-03,exam_generation,Product Manager,12,12,0,1.0,1447.83,16314
2026-03-03,exam_generation,Software Engineer,14,14,0,1.0,1638.36,20307
2026-03-03,exam_generation,UX Designer,6,4,2,0.6667,1554.5,8383
2026-03-03,job_analysis,Data Analyst,6,6,0,1.0,1660.83,7589
2026-03-03,job_analysis,Finance Analyst,8,7,1,0.875,1762.12,11246
2026-03-03,job_analysis,Product Manager,8,8,0,1.0,1393.0,13384
2026-03-03,job_analysis,Software Engineer,5,5,0,1.0,1862.0,7094
2026-03-03,job_analysis,UX Designer,9,9,0,1.0,1897.11,14425
2026-03-03,mock_interview,Data Analyst,1,1,0,1.0,1863.0,1694
2026-03-03,mock_interview,Finance Analyst,1,1,0,1.0,2370.0,1366
2026-03-03,mock_interview,Product Manager,2,2,0,1.0,1385.5,2801
2026-03-03,mock_interview,Software Engineer,3,3,0,1.0,1751.33,4748
2026-03-03,mock_interview,UX Designer,1,1,0,1.0,1320.0,1226
2026-03-03,prep_plan,Data Analyst,7,7,0,1.0,1595.14,9974
2026-03-03,prep_plan,Finance Analyst,6,5,1,0.8333,1579.33,9062
2026-03-03,prep_plan,Product Manager,5,5,0,1.0,1832.4,6920
2026-03-03,prep_plan,Software Engineer,3,3,0,1.0,1482.0,4575
2026-03-03,prep_plan,UX Designer,10,9,1,0.9,1608.5,15235
2026-03-03,study_notes,Data Analyst,56,54,2,0.9643,2097.89,101671
2026-03-03,study_notes,Finance Analyst,47,46,1,0.9787,2084.64,88833
2026-03-03,study_notes,Product Manager,32,32,0,1.0,2220.91,61433
2026-03-03,study_notes,Software Engineer,52,49,3,0.9423,2310.12,93650
2026-03-03,study_notes,UX Designer,35,32,3,0.9143,2231.69,61768
2026-03-04,exam_generation,Data Analyst,5,5,0,1.0,1700.4,7588
2026-03-04,exam_generation,Finance Analyst,9,9,0,1.0,1736.56,14037
2026-03-04,exam_generation,Product Manager,7,7,0,1.0,1469.57,11331
2026-03-04,exam_generation,Software Engineer,11,10,1,0.9091,1694.64,16383
2026-03-04,exam_generation,UX Designer,7,7,0,1.0,1832.43,10633
2026-03-04,job_analysis,Data Analyst,5,5,0,1.0,1577.8,7399
2026-03-04,job_analysis,Finance Analyst,12,12,0,1.0,1483.17,19655
2026-03-04,job_analysis,Product Manager,6,6,0,1.0,1698.83,9013
2026-03-04,job_analysis,Software Engineer,9,9,0,1.0,1527.0,14165
2026-03-04,job_analysis,UX Designer,5,5,0,1.0,1745.8,7623
2026-03-04,mock_interview,Data Analyst,4,3,1,0.75,1769.0,5467
2026-03-04,mock_interview,Finance Analyst,2,2,0,1.0,2458.0,2738
2026-03-04,mock_interview,Product Manager,2,2,0,1.0,1534.5,3748
2026-03-04,mock_interview,Software Engineer,1,1,0,1.0,1889.0,1538
2026-03-04,prep_plan,Data Analyst,2,2,0,1.0,1635.5,2778
2026-03-04,prep_plan,Finance Analyst,4,4,0,1.0,1499.0,4448
2026-03-04,prep_plan,Product Manager,7,7,0,1.0,1840.14,11489
2026-03-04,prep_plan,Software Engineer,7,7,0,1.0,1924.0,10858
2026-03-04,prep_plan,UX Designer,3,3,0,1.0,2146.33,4173
2026-03-04,study_notes,Data Analyst,41,40,1,0.9756,2239.0,73821
2026-03-04,study_notes,Finance Analyst,37,37,0,1.0,2102.89,69808
2026-03-04,study_notes,Product Manager,37,33,4,0.8919,2149.11,65799
2026-03-04,study_notes,Software Engineer,40,39,1,0.975,2056.25,71731
2026-03-04,study_notes,UX Designer,37,37,0,1.0,2332.95,68256
2026-03-05,exam_generation,Data Analyst,7,6,1,0.8571,1902.0,10459
2026-03-05,exam_generation,Finance Analyst,8,8,0,1.0,2031.25,11148
2026-03-05,exam_generation,Product Manager,11,11,0,1.0,1770.91,16437
2026-03-05,exam_generation,Software Engineer,9,8,1,0.8889,1722.56,13449
2026-03-05,exam_generation,UX Designer,6,5,1,0.8333,1802.0,8822
2026-03-05,job_analysis,Data Analyst,2,2,0,1.0,1786.0,2101
2026-03-05,job_analysis,Finance Analyst,4,4,0,1.0,1662.25,6402
2026-03-05,job_analysis,Product Manager,7,7,0,1.0,1719.71,11300
2026-03-05,job_analysis,Software Engineer,9,8,1,0.8889,1771.67,12134
2026-03-05,job_analysis,UX Designer,9,9,0,1.0,1683.44,13502
2026-03-05,mock_interview,Data Analyst,1,1,0,1.0,1515.0,1389
2026-03-05,mock_interview,Finance Analyst,1,1,0,1.0,1145.0,1593
2026-03-05,mock_interview,Product Manager,1,1,0,1.0,671.0,1677
2026-03-05,mock_interview,Software Engineer,1,1,0,1.0,756.0,1510
2026-03-05,mock_interview,UX Designer,4,3,1,0.75,1703.5,5221
2026-03-05,prep_plan,Data Analyst,3,2,1,0.6667,1948.67,3719
2026-03-05,prep_plan,Finance Analyst,6,6,0,1.0,1916.83,8953
2026-03-05,prep_plan,Product Manager,6,6,0,1.0,1259.83,9936
2026-03-05,prep_plan,Software Engineer,7,7,0,1.0,1728.29,9309
2026-03-05,prep_plan,UX Designer,5,4,1,0.8,1849.2,7197
2026-03-05,study_notes,Data Analyst,52,48,4,0.9231,2026.4,90785
2026-03-05,study_notes,Finance Analyst,35,34,1,0.9714,2138.54,62332
2026-03-05,study_notes,Product Manager,51,50,1,0.9804,1954.82,93629
2026-03-05,study_notes,Software Engineer,44,44,0,1.0,2234.98,81803
2026-03-05,study_notes,UX Designer,36,36,0,1.0,2081.28,68100
2026-03-06,exam_generation,Data Analyst,7,7,0,1.0,1860.14,12197
2026-03-06,exam_generation,Finance Analyst,13,13,0,1.0,1578.62,20289
2026-03-06,exam_generation,Product Manager,6,4,2,0.6667,1530.33,8398
2026-03-06,exam_generation,Software Engineer,13,11,2,0.8462,1991.38,16399
2026-03-06,exam_generation,UX Designer,11,11,0,1.0,1775.73,17043
2026-03-06,job_analysis,Data Analyst,7,7,0,1.0,1582.0,11009
2026-03-06,job_analysis,Finance Analyst,12,12,0,1.0,1636.75,19595
2026-03-06,job_analysis,Product Manager,7,7,0,1.0,1875.43,11349
2026-03-06,job_analysis,Software Engineer,7,7,0,1.0,1736.57,10462
2026-03-06,job_analysis,UX Designer,7,7,0,1.0,1562.71,10174
2026-03-06,mock_interview,Data Analyst,3,3,0,1.0,1680.0,4500
2026-03-06,mock_interview,Product Manager,1,1,0,1.0,1003.0,1348
2026-03-06,mock_interview,Software Engineer,4,4,0,1.0,1691.25,6201
2026-03-06,prep_plan,Data Analyst,6,6,0,1.0,1792.0,8008
2026-03-06,prep_plan,Finance Analyst,10,8,2,0.8,1504.9,12769
2026-03-06,prep_plan,Product Manager,4,3,1,0.75,1581.5,7112
2026-03-06,prep_plan,Software Engineer,3,3,0,1.0,1888.0,3552
2026-03-06,prep_plan,UX Designer,6,6,0,1.0,1579.0,8452
2026-03-06,study_notes,Data Analyst,43,42,1,0.9767,2086.33,79303
2026-03-06,study_notes,Finance Analyst,45,41,4,0.9111,2267.29,80991
2026-03-06,study_notes,Product Manager,38,36,2,0.9474,2187.79,67303
2026-03-06,study_notes,Software Engineer,44,39,5,0.8864,2208.7,81082
2026-03-06,study_notes,UX Designer,30,28,2,0.9333,2208.7,53075
2026-03-07,exam_generation,Data Analyst,4,4,0,1.0,1250.75,5460
2026-03-07,exam_generation,Finance Analyst,8,7,1,0.875,1476.12,11996
2026-03-07,exam_generation,Product Manager,10,9,1,0.9,1694.9,14513
2026-03-07,exam_generation,Software Engineer,10,10,0,1.0,1629.2,13427
2026-03-07,exam_generation,UX Designer,9,9,0,1.0,1604.67,13558
2026-03-07,job_analysis,Data Analyst,10,10,0,1.0,1599.1,14082
2026-03-07,job_analysis,Finance Analyst,12,11,1,0.9167,1217.92,18349
2026-03-07,job_analysis,Product Manager,6,6,0,1.0,1604.0,9153
2026-03-07,job_analysis,Software Engineer,8,8,0,1.0,1718.88,12221
2026-03-07,job_analysis,UX Designer,6,5,1,0.8333,1891.5,7989
2026-03-07,mock_interview,Finance Analyst,1,1,0,1.0,2480.0,2053
2026-03-07,mock_interview,Software Engineer,2,2,0,1.0,1029.5,3028
2026-03-07,mock_interview,UX Designer,2,1,1,0.5,1134.5,2905
2026-03-07,prep_plan,Data Analyst,5,5,0,1.0,1821.6,7664
2026-03-07,prep_plan,Finance Analyst,5,5,0,1.0,1810.6,7101
2026-03-07,prep_plan,Product Manager,3,2,1,0.6667,2158.0,3973
2026-03-07,prep_plan,Software Engineer,3,3,0,1.0,1477.33,4914
2026-03-07,prep_plan,UX Designer,4,4,0,1.0,1545.75,5792
2026-03-07,study_notes,Data Analyst,45,42,3,0.9333,2137.98,82106
2026-03-07,study_notes,Finance Analyst,41,37,4,0.9024,2145.66,73508
2026-03-07,study_notes,Product Manager,34,33,1,0.9706,2167.76,63735
2026-03-07,study_notes,Software Engineer,47,45,2,0.9574,2185.49,85824
2026-03-07,study_notes,UX Designer,37,35,2,0.9459,2155.41,67789
2026-03-08,exam_generation,Data Analyst,8,6,2,0.75,1434.0,9642
2026-03-08,exam_generation,Finance Analyst,12,11,1,0.9167,1568.5,18792
2026-03-08,exam_generation,Product Manager,5,4,1,0.8,1499.6,6039
2026-03-08,exam_generation,Software Engineer,10,7,3,0.7,1358.8,12648
2026-03-08,exam_generation,UX Designer,5,5,0,1.0,1864.8,7933
2026-03-08,job_analysis,Data Analyst,5,5,0,1.0,1765.0,7788
2026-03-08,job_analysis,Finance Analyst,9,9,0,1.0,1745.44,13055
2026-03-08,job_analysis,Product Manager,6,6,0,1.0,1832.5,9109
2026-03-08,job_analysis,Software Engineer,10,10,0,1.0,1557.8,13659
2026-03-08,job_analysis,UX Designer,9,9,0,1.0,1547.56,14263
2026-03-08,mock_interview,Data Analyst,2,2,0,1.0,1171.5,3637
2026-03-08,mock_interview,Software Engineer,2,1,1,0.5,1320.5,2051
2026-03-08,mock_interview,UX Designer,2,2,0,1.0,1901.5,2666
2026-03-08,prep_plan,Data Analyst,4,4,0,1.0,1813.25,5459
2026-03-08,prep_plan,Finance Analyst,4,4,0,1.0,1925.25,5913
2026-03-08,prep_plan,Product Manager,3,3,0,1.0,2039.67,4122
2026-03-08,prep_plan,Software Engineer,4,3,1,0.75,1162.5,4930
2026-03-08,prep_plan,UX Designer,6,5,1,0.8333,1621.83,8550
2026-03-08,study_notes,Data Analyst,35,30,5,0.8571,2253.2,59274
2026-03-08,study_notes,Finance Analyst,46,42,4,0.913,2221.43,81334
2026-03-08,study_notes,Product Manager,39,37,2,0.9487,2265.28,72993
2026-03-08,study_notes,Software Engineer,41,40,1,0.9756,2175.17,74478
2026-03-08,study_notes,UX Designer,30,29,1,0.9667,2258.07,57939
2026-03-09,exam_generation,Data Analyst,6,6,0,1.0,1496.0,8644
2026-03-09,exam_generation,Finance Analyst,10,10,0,1.0,1639.3,15548
2026-03-09,exam_generation,Product Manager,10,10,0,1.0,1573.4,14881
2026-03-09,exam_generation,Software Engineer,10,9,1,0.9,1536.8,14784
2026-03-09,exam_generation,UX Designer,5,5,0,1.0,1485.0,7748
2026-03-09,job_analysis,Data Analyst,5,4,1,0.8,1571.2,7485
2026-03-09,job_analysis,Finance Analyst,9,9,0,1.0,1754.67,14563
2026-03-09,job_analysis,Product Manager,6,6,0,1.0,1888.67,9853
2026-03-09,job_analysis,Software Engineer,5,5,0,1.0,1778.8,7248
2026-03-09,job_analysis,UX Designer,13,13,0,1.0,1560.46,20307
2026-03-09,mock_interview,Finance Analyst,3,3,0,1.0,1550.33,4207
2026-03-09,mock_interview,Product Manager,5,5,0,1.0,1876.2,6773
2026-03-09,prep_plan,Data Analyst,5,4,1,0.8,1377.4,6895
2026-03-09,prep_plan,Finance Analyst,10,9,1,0.9,1930.2,15745
2026-03-09,prep_plan,Product Manager,7,7,0,1.0,1332.86,10438
2026-03-09,prep_plan,Software Engineer,8,7,1,0.875,1827.25,11856
2026-03-09,prep_plan,UX Designer,7,7,0,1.0,1420.86,10059
2026-03-09,study_notes,Data Analyst,40,37,3,0.925,2263.53,69690
2026-03-09,study_notes,Finance Analyst,48,43,5,0.8958,2212.73,84738
2026-03-09,study_notes,Product Manager,28,27,1,0.9643,2269.68,50502
2026-03-09,study_notes,Software Engineer,42,40,2,0.9524,2290.0,77648
2026-03-09,study_notes,UX Designer,36,35,1,0.9722,1841.25,64778
2026-03-10,exam_generation,Data Analyst,11,10,1,0.9091,1748.91,15006
2026-03-10,exam_generation,Finance Analyst,9,9,0,1.0,1678.44,12604
2026-03-10,exam_generation,Product Manager,8,7,1,0.875,1726.5,11476
2026-03-10,exam_generation,Software Engineer,9,8,1,0.8889,1577.56,12855
2026-03-10,exam_generation,UX Designer,7,6,1,0.8571,1817.57,9841
2026-03-10,job_analysis,Data Analyst,15,15,0,1.0,1694.07,20227
2026-03-10,job_analysis,Finance Analyst,7,7,0,1.0,1812.86,10659
2026-03-10,job_analysis,Product Manager,4,4,0,1.0,1393.5,6712
2026-03-10,job_analysis,Software Engineer,7,6,1,0.8571,1593.71,9754
2026-03-10,job_analysis,UX Designer,11,10,1,0.9091,1767.45,16288
2026-03-10,mock_interview,Data Analyst,4,4,0,1.0,1388.0,6283
2026-03-10,mock_interview,Finance Analyst,3,3,0,1.0,1361.33,5359
2026-03-10,mock_interview,Product Manager,4,4,0,1.0,1965.75,6370
2026-03-10,mock_interview,Software Engineer,2,2,0,1.0,1996.0,3740
2026-03-10,prep_plan,Data Analyst,1,1,0,1.0,1501.0,825
2026-03-10,prep_plan,Finance Analyst,8,6,2,0.75,1744.25,10968
2026-03-10,prep_plan,Product Manager,5,5,0,1.0,1718.8,6852
2026-03-10,prep_plan,Software Engineer,7,7,0,1.0,1521.86,8911
2026-03-10,prep_plan,UX Designer,6,6,0,1.0,1671.17,8509
2026-03-10,study_notes,Data Analyst,41,40,1,0.9756,2113.44,76342
2026-03-10,study_notes,Finance Analyst,55,50,5,0.9091,2167.25,95036
2026-03-10,study_notes,Product Manager,49,46,3,0.9388,2057.27,82955
2026-03-10,study_notes,Software Engineer,41,41,0,1.0,2136.24,75831
2026-03-10,study_notes,UX Designer,38,36,2,0.9474,2164.53,67878
2026-03-11,exam_generation,Data Analyst,8,8,0,1.0,1793.75,10788
2026-03-11,exam_generation,Finance Analyst,6,6,0,1.0,1565.83,8568
2026-03-11,exam_generation,Product Manager,11,11,0,1.0,1646.82,15703
2026-03-11,exam_generation,Software Engineer,10,10,0,1.0,1414.7,14603
2026-03-11,exam_generation,UX Designer,6,6,0,1.0,1754.67,9371
2026-03-11,job_analysis,Data Analyst,5,5,0,1.0,1908.2,7520
2026-03-11,job_analysis,Finance Analyst,8,7,1,0.875,1741.5,10880
2026-03-11,job_analysis,Product Manager,4,4,0,1.0,1865.75,6744
2026-03-11,job_analysis,Software Engineer,8,8,0,1.0,1607.88,12630
2026-03-11,job_analysis,UX Designer,10,10,0,1.0,1803.3,14961
2026-03-11,mock_interview,Data Analyst,1,1,0,1.0,1491.0,1215
2026-03-11,mock_interview,Finance Analyst,3,3,0,1.0,1695.0,4106
2026-03-11,mock_interview,Product Manager,1,1,0,1.0,1522.0,1157
2026-03-11,prep_plan,Data Analyst,9,9,0,1.0,1887.44,13910
2026-03-11,prep_plan,Finance Analyst,2,2,0,1.0,1553.5,2938
2026-03-11,prep_plan,Product Manager,4,4,0,1.0,1281.5,5173
2026-03-11,prep_plan,Software Engineer,5,5,0,1.0,1636.8,7778
2026-03-11,prep_plan,UX Designer,8,8,0,1.0,1601.5,12633
2026-03-11,study_notes,Data Analyst,25,25,0,1.0,2159.92,44383
2026-03-11,study_notes,Finance Analyst,50,48,2,0.96,2081.96,91108
2026-03-11,study_notes,Product Manager,35,33,2,0.9429,1996.31,65575
2026-03-11,study_notes,Software Engineer,49,48,1,0.9796,2159.18,92238
2026-03-11,study_notes,UX Designer,37,34,3,0.9189,2180.68,66783
2026-03-12,exam_generation,Data Analyst,3,3,0,1.0,1579.0,4042
2026-03-12,exam_generation,Finance Analyst,11,11,0,1.0,1620.73,16241
2026-03-12,exam_generation,Product Manager,9,9,0,1.0,1572.56,14510
2026-03-12,exam_generation,Software Engineer,7,6,1,0.8571,2034.86,9546
2026-03-12,exam_generation,UX Designer,6,6,0,1.0,2015.5,8597
2026-03-12,job_analysis,Data Analyst,7,7,0,1.0,1794.71,9938
2026-03-12,job_analysis,Finance Analyst,8,7,1,0.875,1664.0,11669
2026-03-12,job_analysis,Product Manager,7,7,0,1.0,1510.14,11516
2026-03-12,job_analysis,Software Engineer,8,8,0,1.0,1619.62,12702
2026-03-12,job_analysis,UX Designer,4,4,0,1.0,1765.75,5668
2026-03-12,mock_interview,Data Analyst,3,2,1,0.6667,1312.0,3745
2026-03-12,mock_interview,Finance Analyst,1,1,0,1.0,2169.0,1710
2026-03-12,mock_interview,Product Manager,2,2,0,1.0,1256.0,3219
2026-03-12,mock_interview,Software Engineer,1,0,1,0.0,2112.0,863
2026-03-12,mock_interview,UX Designer,1,1,0,1.0,1567.0,1757
2026-03-12,prep_plan,Data Analyst,5,5,0,1.0,1621.4,7285
2026-03-12,prep_plan,Finance Analyst,3,3,0,1.0,1700.0,4409
2026-03-12,prep_plan,Product Manager,3,3,0,1.0,1797.0,4950
2026-03-12,prep_plan,Software Engineer,7,7,0,1.0,1462.57,10482
2026-03-12,prep_plan,UX Designer,4,4,0,1.0,1568.0,6116
2026-03-12,study_notes,Data Analyst,37,33,4,0.8919,2099.84,65240
2026-03-12,study_notes,Finance Analyst,55,52,3,0.9455,2222.49,100072
2026-03-12,study_notes,Product Manager,37,37,0,1.0,2200.57,70334
2026-03-12,study_notes,Software Engineer,42,40,2,0.9524,2095.26,79616
2026-03-12,study_notes,UX Designer,48,47,1,0.9792,2027.23,89806
2026-03-13,exam_generation,Data Analyst,7,5,2,0.7143,1892.71,8916
2026-03-13,exam_generation,Finance Analyst,14,14,0,1.0,1776.29,19363
2026-03-13,exam_generation,Product Manager,12,11,1,0.9167,1704.92,16001
2026-03-13,exam_generation,Software Engineer,7,7,0,1.0,1448.43,10383
2026-03-13,exam_generation,UX Designer,7,7,0,1.0,1562.57,10573
2026-03-13,job_analysis,Data Analyst,14,11,3,0.7857,1499.36,19735
2026-03-13,job_analysis,Finance Analyst,10,10,0,1.0,1785.1,12578
2026-03-13,job_analysis,Product Manager,6,6,0,1.0,1596.33,8466
2026-03-13,job_analysis,Software Engineer,11,10,1,0.9091,1705.09,16910
2026-03-13,job_analysis,UX Designer,14,14,0,1.0,1579.93,20490
2026-03-13,mock_interview,Data Analyst,2,2,0,1.0,1593.5,3820
2026-03-13,mock_interview,Finance Analyst,3,3,0,1.0,1769.67,4019
2026-03-13,mock_interview,Product Manager,1,1,0,1.0,2199.0,1179
2026-03-13,mock_interview,Software Engineer,4,4,0,1.0,1920.25,5939
2026-03-13,mock_interview,UX Designer,1,1,0,1.0,1053.0,1445
2026-03-13,prep_plan,Data Analyst,6,5,1,0.8333,1791.83,8193
2026-03-13,prep_plan,Finance Analyst,7,7,0,1.0,1808.71,10530
2026-03-13,prep_plan,Product Manager,1,1,0,1.0,1458.0,1501
2026-03-13,prep_plan,Software Engineer,6,6,0,1.0,1628.67,8636
2026-03-13,prep_plan,UX Designer,6,5,1,0.8333,1487.33,8828
2026-03-13,study_notes,Data Analyst,34,34,0,1.0,2182.03,65444
2026-03-13,study_notes,Finance Analyst,50,49,1,0.98,2073.06,92417
2026-03-13,study_notes,Product Manager,36,34,2,0.9444,2213.5,64954
2026-03-13,study_notes,Software Engineer,54,49,5,0.9074,2061.57,93849
2026-03-13,study_notes,UX Designer,51,49,2,0.9608,2159.45,95922
2026-03-14,exam_generation,Data Analyst,11,11,0,1.0,1545.73,15997
2026-03-14,exam_generation,Finance Analyst,10,9,1,0.9,1450.0,13582
2026-03-14,exam_generation,Product Manager,3,3,0,1.0,1647.33,4468
2026-03-14,exam_generation,Software Engineer,9,9,0,1.0,1726.78,13164
2026-03-14,exam_generation,UX Designer,6,6,0,1.0,1360.67,9285
2026-03-14,job_analysis,Data Analyst,10,9,1,0.9,1580.9,14393
2026-03-14,job_analysis,Finance Analyst,5,5,0,1.0,1434.2,6216
2026-03-14,job_analysis,Product Manager,5,4,1,0.8,1694.4,7272
2026-03-14,job_analysis,Software Engineer,8,6,2,0.75,2004.62,10132
2026-03-14,job_analysis,UX Designer,11,11,0,1.0,1929.91,17314
2026-03-14,mock_interview,Data Analyst,3,3,0,1.0,1664.0,4829
2026-03-14,mock_interview,Finance Analyst,2,1,1,0.5,1998.0,2313
2026-03-14,mock_interview,Product Manager,1,1,0,1.0,1825.0,1577
2026-03-14,mock_interview,Software Engineer,1,1,0,1.0,1349.0,1363
2026-03-14,mock_interview,UX Designer,1,1,0,1.0,3247.0,1534
2026-03-14,prep_plan,Data Analyst,4,4,0,1.0,1815.0,6508
2026-03-14,prep_plan,Finance Analyst,4,3,1,0.75,1716.0,4903
2026-03-14,prep_plan,Product Manager,4,4,0,1.0,2004.0,5938
2026-03-14,prep_plan,Software Engineer,3,3,0,1.0,2048.67,4702
2026-03-14,prep_plan,UX Designer,6,6,0,1.0,1790.5,9410
2026-03-14,study_notes,Data Analyst,39,37,2,0.9487,2086.26,72131
2026-03-14,study_notes,Finance Analyst,53,51,2,0.9623,2283.17,98774
2026-03-14,study_notes,Product Manager,33,28,5,0.8485,2199.24,55211
2026-03-14,study_notes,Software Engineer,43,41,2,0.9535,2118.19,76699
2026-03-14,study_notes,UX Designer,37,35,2,0.9459,2064.68,69053
2026-03-15,exam_generation,Data Analyst,10,10,0,1.0,1661.1,15865
2026-03-15,exam_generation,Finance Analyst,11,11,0,1.0,1860.27,18080
2026-03-15,exam_generation,Product Manager,6,6,0,1.0,1626.67,8517
2026-03-15,exam_generation,Software Engineer,7,7,0,1.0,1381.86,9275
2026-03-15,exam_generation,UX Designer,8,7,1,0.875,1691.0,10484
2026-03-15,job_analysis,Data Analyst,8,8,0,1.0,1446.25,13010
2026-03-15,job_analysis,Finance Analyst,9,9,0,1.0,1767.0,13665
2026-03-15,job_analysis,Product Manager,5,5,0,1.0,1613.0,6771
2026-03-15,job_analysis,Software Engineer,6,6,0,1.0,1335.5,8583
2026-03-15,job_analysis,UX Designer,12,11,1,0.9167,2063.33,18273
2026-03-15,mock_interview,Data Analyst,1,1,0,1.0,1469.0,1570
2026-03-15,mock_interview,Finance Analyst,2,2,0,1.0,1561.0,3655
2026-03-15,mock_interview,Product Manager,4,3,1,0.75,1461.25,5908
2026-03-15,mock_interview,Software Engineer,2,2,0,1.0,1695.0,3081
2026-03-15,mock_interview,UX Designer,1,1,0,1.0,1917.0,1501
2026-03-15,prep_plan,Data Analyst,8,8,0,1.0,1480.5,13289
2026-03-15,prep_plan,Finance Analyst,4,4,0,1.0,2048.0,6477
2026-03-15,prep_plan,Product Manager,3,3,0,1.0,1954.67,4257
2026-03-15,prep_plan,Software Engineer,6,5,1,0.8333,1710.0,8165
2026-03-15,prep_plan,UX Designer,3,3,0,1.0,1828.67,4344
2026-03-15,study_notes,Data Analyst,30,29,1,0.9667,2131.87,55044
2026-03-15,study_notes,Finance Analyst,50,48,2,0.96,2193.76,90365
2026-03-15,study_notes,Product Manager,34,30,4,0.8824,2163.74,58600
2026-03-15,study_notes,Software Engineer,47,43,4,0.9149,2227.81,81975
2026-03-15,study_notes,UX Designer,55,53,2,0.9636,2145.29,100771
2026-03-16,exam_generation,Data Analyst,6,6,0,1.0,1308.83,7313
2026-03-16,exam_generation,Finance Analyst,14,14,0,1.0,1924.93,21962
2026-03-16,exam_generation,Product Manager,10,9,1,0.9,1546.2,13643
2026-03-16,exam_generation,Software Engineer,16,16,0,1.0,1544.69,24406
2026-03-16,exam_generation,UX Designer,9,7,2,0.7778,1788.89,13199
2026-03-16,job_analysis,Data Analyst,8,8,0,1.0,1736.75,12597
2026-03-16,job_analysis,Finance Analyst,8,6,2,0.75,1748.75,11253
2026-03-16,job_analysis,Product Manager,8,8,0,1.0,1810.0,12072
2026-03-16,job_analysis,Software Engineer,11,11,0,1.0,1799.73,16476
2026-03-16,job_analysis,UX Designer,4,4,0,1.0,1373.0,6140
2026-03-16,mock_interview,Product Manager,1,1,0,1.0,595.0,946
2026-03-16,mock_interview,Software Engineer,2,2,0,1.0,1711.0,3026
2026-03-16,mock_interview,UX Designer,3,3,0,1.0,1355.33,4610
2026-03-16,prep_plan,Data Analyst,5,5,0,1.0,1746.2,7462
2026-03-16,prep_plan,Finance Analyst,4,3,1,0.75,1362.5,5132
2026-03-16,prep_plan,Software Engineer,11,11,0,1.0,1596.91,15646
2026-03-16,prep_plan,UX Designer,8,8,0,1.0,1777.25,12354
2026-03-16,study_notes,Data Analyst,39,39,0,1.0,2062.21,72002
2026-03-16,study_notes,Finance Analyst,49,45,4,0.9184,2170.35,91045
2026-03-16,study_notes,Product Manager,24,23,1,0.9583,1951.62,44945
2026-03-16,study_notes,Software Engineer,44,43,1,0.9773,2240.07,78971
2026-03-16,study_notes,UX Designer,49,48,1,0.9796,2302.55,90039
2026-03-17,exam_generation,Data Analyst,8,8,0,1.0,1798.62,12502
2026-03-17,exam_generation,Finance Analyst,8,8,0,1.0,1726.38,11451
2026-03-17,exam_generation,Product Manager,7,6,1,0.8571,1560.29,9827
2026-03-17,exam_generation,Software Engineer,13,10,3,0.7692,1575.46,17006
2026-03-17,exam_generation,UX Designer,16,16,0,1.0,1732.62,23545
2026-03-17,job_analysis,Data Analyst,7,6,1,0.8571,1804.14,9970
2026-03-17,job_analysis,Finance Analyst,8,8,0,1.0,1525.62,12291
2026-03-17,job_analysis,Product Manager,2,2,0,1.0,1827.5,4017
2026-03-17,job_analysis,Software Engineer,6,6,0,1.0,1627.33,7793
2026-03-17,job_analysis,UX Designer,6,6,0,1.0,1438.5,9070
2026-03-17,mock_interview,Data Analyst,2,2,0,1.0,1670.0,2929
2026-03-17,mock_interview,Finance Analyst,1,1,0,1.0,1351.0,1104
2026-03-17,mock_interview,Product Manager,1,1,0,1.0,2527.0,1844
2026-03-17,mock_interview,UX Designer,2,2,0,1.0,1287.0,3205
2026-03-17,prep_plan,Data Analyst,4,4,0,1.0,1495.25,6212
2026-03-17,prep_plan,Finance Analyst,4,4,0,1.0,1073.5,6690
2026-03-17,prep_plan,Product Manager,8,8,0,1.0,1925.5,12657
2026-03-17,prep_plan,Software Engineer,5,5,0,1.0,1585.0,7981
2026-03-17,prep_plan,UX Designer,7,7,0,1.0,1975.57,11315
2026-03-17,study_notes,Data Analyst,37,31,6,0.8378,2000.0,60680
2026-03-17,study_notes,Finance Analyst,37,34,3,0.9189,2345.57,64569
2026-03-17,study_notes,Product Manager,31,28,3,0.9032,2161.06,52149
2026-03-17,study_notes,Software Engineer,46,44,2,0.9565,2233.74,78913
2026-03-17,study_notes,UX Designer,53,48,5,0.9057,2099.26,95170
2026-03-18,exam_generation,Data Analyst,10,10,0,1.0,1520.4,15121
2026-03-18,exam_generation,Finance Analyst,9,9,0,1.0,1646.56,14517
2026-03-18,exam_generation,Product Manager,7,7,0,1.0,1932.71,9817
2026-03-18,exam_generation,Software Engineer,6,6,0,1.0,1642.5,9206
2026-03-18,exam_generation,UX Designer,8,8,0,1.0,1743.5,12480
2026-03-18,job_analysis,Data Analyst,4,4,0,1.0,1287.5,5195
2026-03-18,job_analysis,Finance Analyst,4,4,0,1.0,1873.5,6280
2026-03-18,job_analysis,Product Manager,7,7,0,1.0,2293.43,12417
2026-03-18,job_analysis,Software Engineer,8,8,0,1.0,1935.38,11831
2026-03-18,job_analysis,UX Designer,4,4,0,1.0,1500.75,6491
2026-03-18,mock_interview,Data Analyst,2,2,0,1.0,1490.5,3692
2026-03-18,mock_interview,Finance Analyst,3,1,2,0.3333,1983.67,2749
2026-03-18,mock_interview,Product Manager,2,2,0,1.0,1375.5,3345
2026-03-18,mock_interview,UX Designer,4,3,1,0.75,1913.5,5785
2026-03-18,prep_plan,Data Analyst,4,3,1,0.75,1563.25,5851
2026-03-18,prep_plan,Finance Analyst,3,3,0,1.0,2020.67,5138
2026-03-18,prep_plan,Product Manager,2,2,0,1.0,1851.0,2893
2026-03-18,prep_plan,Software Engineer,4,4,0,1.0,1307.0,6338
2026-03-18,prep_plan,UX Designer,5,5,0,1.0,1682.0,7804
2026-03-18,study_notes,Data Analyst,51,47,4,0.9216,2155.67,92138
2026-03-18,study_notes,Finance Analyst,40,40,0,1.0,2123.8,73930
2026-03-18,study_notes,Product Manager,30,29,1,0.9667,2210.33,56150
2026-03-18,study_notes,Software Engineer,38,36,2,0.9474,2159.47,71115
2026-03-18,study_notes,UX Designer,46,41,5,0.8913,2269.37,83747
2026-03-19,exam_generation,Data Analyst,6,5,1,0.8333,1750.83,9446
2026-03-19,exam_generation,Finance Analyst,10,10,0,1.0,1635.9,14870
2026-03-19,exam_generation,Product Manager,6,6,0,1.0,1815.67,10929
2026-03-19,exam_generation,Software Engineer,17,17,0,1.0,1605.35,24309
2026-03-19,exam_generation,UX Designer,9,8,1,0.8889,1673.78,14070
2026-03-19,job_analysis,Data Analyst,13,12,1,0.9231,1733.15,17642
2026-03-19,job_analysis,Finance Analyst,8,8,0,1.0,1687.12,12482
2026-03-19,job_analysis,Product Manager,5,5,0,1.0,1375.0,7741
2026-03-19,job_analysis,Software Engineer,8,8,0,1.0,1312.25,11704
2026-03-19,job_analysis,UX Designer,10,10,0,1.0,1568.7,16251
2026-03-19,mock_interview,Data Analyst,2,1,1,0.5,1312.5,1785
2026-03-19,mock_interview,Finance Analyst,3,3,0,1.0,1757.33,4416
2026-03-19,mock_interview,Software Engineer,2,2,0,1.0,2074.5,2505
2026-03-19,mock_interview,UX Designer,2,2,0,1.0,1589.0,2783
2026-03-19,prep_plan,Data Analyst,7,7,0,1.0,1795.71,10438
2026-03-19,prep_plan,Finance Analyst,4,4,0,1.0,1615.0,5401
2026-03-19,prep_plan,Product Manager,1,1,0,1.0,1960.0,1326
2026-03-19,prep_plan,Software Engineer,6,6,0,1.0,1948.83,9440
2026-03-19,prep_plan,UX Designer,5,4,1,0.8,1522.2,6883
2026-03-19,study_notes,Data Analyst,57,55,2,0.9649,2117.67,103601
2026-03-19,study_notes,Finance Analyst,51,49,2,0.9608,2178.53,94701
2026-03-19,study_notes,Product Manager,38,32,6,0.8421,2145.95,65666
2026-03-19,study_notes,Software Engineer,53,50,3,0.9434,2269.83,97697
2026-03-19,study_notes,UX Designer,38,37,1,0.9737,2291.97,70714
2026-03-20,exam_generation,Data Analyst,9,9,0,1.0,2056.44,12644
2026-03-20,exam_generation,Finance Analyst,8,8,0,1.0,1903.75,12403
2026-03-20,exam_generation,Product Manager,5,5,0,1.0,1571.0,6171
2026-03-20,exam_generation,Software Engineer,7,7,0,1.0,1306.14,10003
2026-03-20,exam_generation,UX Designer,13,12,1,0.9231,1773.15,17541
2026-03-20,job_analysis,Data Analyst,12,12,0,1.0,1544.67,18748
2026-03-20,job_analysis,Finance Analyst,6,6,0,1.0,1763.83,9408
2026-03-20,job_analysis,Product Manager,9,9,0,1.0,1609.67,13810
2026-03-20,job_analysis,Software Engineer,6,6,0,1.0,1578.83,7761
2026-03-20,job_analysis,UX Designer,11,10,1,0.9091,1381.73,15332
2026-03-20,mock_interview,Data Analyst,2,2,0,1.0,2014.0,3028
2026-03-20,mock_interview,Finance Analyst,1,1,0,1.0,686.0,1357
2026-03-20,mock_interview,Product Manager,1,1,0,1.0,2619.0,1456
2026-03-20,mock_interview,Software Engineer,2,2,0,1.0,1855.5,2584
2026-03-20,prep_plan,Data Analyst,7,7,0,1.0,1780.0,10467
2026-03-20,prep_plan,Finance Analyst,9,9,0,1.0,1543.0,13329
2026-03-20,prep_plan,Product Manager,2,2,0,1.0,1510.5,2841
2026-03-20,prep_plan,Software Engineer,3,2,1,0.6667,1606.0,3464
2026-03-20,prep_plan,UX Designer,2,2,0,1.0,1073.5,2975
2026-03-20,study_notes,Data Analyst,50,47,3,0.94,2174.82,92568
2026-03-20,study_notes,Finance Analyst,41,39,2,0.9512,2046.44,77140
2026-03-20,study_notes,Product Manager,33,32,1,0.9697,2066.64,60782
2026-03-20,study_notes,Software Engineer,47,47,0,1.0,2235.6,86620
2026-03-20,study_notes,UX Designer,42,40,2,0.9524,2055.14,76251
2026-03-21,exam_generation,Data Analyst,9,9,0,1.0,1559.67,14433
2026-03-21,exam_generation,Finance Analyst,13,13,0,1.0,1668.23,20886
2026-03-21,exam_generation,Product Manager,1,1,0,1.0,1479.0,1097
2026-03-21,exam_generation,Software Engineer,9,9,0,1.0,1612.11,12860
2026-03-21,exam_generation,UX Designer,9,9,0,1.0,1991.89,11989
2026-03-21,job_analysis,Data Analyst,6,5,1,0.8333,1358.67,8698
2026-03-21,job_analysis,Finance Analyst,9,9,0,1.0,1782.44,13467
2026-03-21,job_analysis,Product Manager,6,5,1,0.8333,1316.83,7353
2026-03-21,job_analysis,Software Engineer,6,5,1,0.8333,1840.83,7861
2026-03-21,job_analysis,UX Designer,5,4,1,0.8,1443.4,6713
2026-03-21,mock_interview,Finance Analyst,2,2,0,1.0,1184.5,2922
2026-03-21,mock_interview,Software Engineer,1,1,0,1.0,1857.0,1694
2026-03-21,prep_plan,Data Analyst,8,8,0,1.0,1634.62,11658
2026-03-21,prep_plan,Finance Analyst,5,3,2,0.6,1533.0,6573
2026-03-21,prep_plan,Product Manager,4,4,0,1.0,1258.75,5370
2026-03-21,prep_plan,Software Engineer,2,2,0,1.0,1033.0,2572
2026-03-21,prep_plan,UX Designer,1,1,0,1.0,2020.0,1323
2026-03-21,study_notes,Data Analyst,39,38,1,0.9744,2201.56,67762
2026-03-21,study_notes,Finance Analyst,33,32,1,0.9697,2127.88,60155
2026-03-21,study_notes,Product Manager,23,22,1,0.9565,2044.65,40016
2026-03-21,study_notes,Software Engineer,38,35,3,0.9211,2044.68,68574
2026-03-21,study_notes,UX Designer,47,47,0,1.0,2042.45,86609
2026-03-22,exam_generation,Data Analyst,10,10,0,1.0,1836.6,14497
2026-03-22,exam_generation,Finance Analyst,3,3,0,1.0,1976.33,4531
2026-03-22,exam_generation,Product Manager,10,10,0,1.0,1500.6,15208
2026-03-22,exam_generation,Software Engineer,10,10,0,1.0,1717.4,15600
2026-03-22,exam_generation,UX Designer,7,7,0,1.0,1769.14,9981
2026-03-22,job_analysis,Data Analyst,9,8,1,0.8889,1693.22,12320
2026-03-22,job_analysis,Finance Analyst,9,9,0,1.0,1642.67,13382
2026-03-22,job_analysis,Product Manager,7,7,0,1.0,1342.57,9782
2026-03-22,job_analysis,Software Engineer,10,10,0,1.0,1734.9,15454
2026-03-22,job_analysis,UX Designer,10,9,1,0.9,1509.9,13589
2026-03-22,mock_interview,Data Analyst,2,2,0,1.0,1440.0,3306
2026-03-22,mock_interview,Finance Analyst,1,1,0,1.0,2625.0,1150
2026-03-22,mock_interview,Product Manager,1,1,0,1.0,1019.0,1588
2026-03-22,prep_plan,Data Analyst,9,9,0,1.0,1470.78,13049
2026-03-22,prep_plan,Finance Analyst,6,6,0,1.0,2045.83,9445
2026-03-22,prep_plan,Product Manager,6,6,0,1.0,1896.33,9633
2026-03-22,prep_plan,Software Engineer,3,3,0,1.0,1368.33,4651
2026-03-22,prep_plan,UX Designer,6,5,1,0.8333,1310.17,8596
2026-03-22,study_notes,Data Analyst,40,37,3,0.925,2043.85,71170
2026-03-22,study_notes,Finance Analyst,36,32,4,0.8889,2200.31,63131
2026-03-22,study_notes,Product Manager,31,31,0,1.0,2081.0,55890
2026-03-22,study_notes,Software Engineer,38,37,1,0.9737,2153.84,70565
2026-03-22,study_notes,UX Designer,39,37,2,0.9487,2091.82,71317
2026-03-23,exam_generation,Data Analyst,9,7,2,0.7778,1765.33,11708
2026-03-23,exam_generation,Finance Analyst,4,4,0,1.0,1618.25,5425
2026-03-23,exam_generation,Product Manager,6,6,0,1.0,1638.67,7643
2026-03-23,exam_generation,Software Engineer,9,8,1,0.8889,1747.67,13683
2026-03-23,exam_generation,UX Designer,5,5,0,1.0,1812.0,8172
2026-03-23,job_analysis,Data Analyst,11,10,1,0.9091,1624.45,16629
2026-03-23,job_analysis,Finance Analyst,10,9,1,0.9,1918.1,14165
2026-03-23,job_analysis,Product Manager,6,6,0,1.0,1368.33,8547
2026-03-23,job_analysis,Software Engineer,12,12,0,1.0,1587.42,17914
2026-03-23,job_analysis,UX Designer,7,6,1,0.8571,1302.0,9627
2026-03-23,mock_interview,Finance Analyst,1,1,0,1.0,1530.0,1798
2026-03-23,mock_interview,Product Manager,2,2,0,1.0,1649.5,3433
2026-03-23,mock_interview,Software Engineer,4,4,0,1.0,1558.0,6038
2026-03-23,mock_interview,UX Designer,1,1,0,1.0,1849.0,1686
2026-03-23,prep_plan,Data Analyst,4,3,1,0.75,2035.25,5067
2026-03-23,prep_plan,Finance Analyst,6,6,0,1.0,1699.83,8728
2026-03-23,prep_plan,Product Manager,3,3,0,1.0,1812.67,3964
2026-03-23,prep_plan,Software Engineer,7,7,0,1.0,945.29,9323
2026-03-23,prep_plan,UX Designer,1,1,0,1.0,2304.0,1514
2026-03-23,study_notes,Data Analyst,48,46,2,0.9583,2163.21,87861
2026-03-23,study_notes,Finance Analyst,38,37,1,0.9737,2205.89,68557
2026-03-23,study_notes,Product Manager,29,27,2,0.931,2206.9,52248
2026-03-23,study_notes,Software Engineer,55,51,4,0.9273,2169.95,96579
2026-03-23,study_notes,UX Designer,45,45,0,1.0,1953.0,85896
2026-03-24,exam_generation,Data Analyst,9,8,1,0.8889,1674.44,12984
2026-03-24,exam_generation,Finance Analyst,5,5,0,1.0,1981.4,7424
2026-03-24,exam_generation,Product Manager,2,2,0,1.0,1347.0,2887
2026-03-24,exam_generation,Software Engineer,11,11,0,1.0,1619.73,17003
2026-03-24,exam_generation,UX Designer,9,8,1,0.8889,1190.0,13118
2026-03-24,job_analysis,Data Analyst,12,11,1,0.9167,1555.42,15843
2026-03-24,job_analysis,Finance Analyst,8,8,0,1.0,1393.38,13234
2026-03-24,job_analysis,Product Manager,10,10,0,1.0,1376.0,13357
2026-03-24,job_analysis,Software Engineer,5,5,0,1.0,1534.6,7609
2026-03-24,job_analysis,UX Designer,4,3,1,0.75,2122.5,4620
2026-03-24,mock_interview,Data Analyst,1,0,1,0.0,1813.0,1053
2026-03-24,mock_interview,Finance Analyst,2,1,1,0.5,1084.5,2262
2026-03-24,mock_interview,Product Manager,1,1,0,1.0,1845.0,1237
2026-03-24,mock_interview,Software Engineer,3,3,0,1.0,1776.67,4818
2026-03-24,mock_interview,UX Designer,2,2,0,1.0,1128.5,2864
2026-03-24,prep_plan,Data Analyst,10,10,0,1.0,1779.9,14078
2026-03-24,prep_plan,Finance Analyst,6,5,1,0.8333,1348.67,7876
2026-03-24,prep_plan,Product Manager,6,6,0,1.0,1583.0,10176
2026-03-24,prep_plan,Software Engineer,4,3,1,0.75,2055.0,6227
2026-03-24,prep_plan,UX Designer,3,3,0,1.0,1971.0,4109
2026-03-24,study_notes,Data Analyst,48,46,2,0.9583,2182.6,88758
2026-03-24,study_notes,Finance Analyst,39,38,1,0.9744,2072.05,72010
2026-03-24,study_notes,Product Manager,25,24,1,0.96,2186.72,44479
2026-03-24,study_notes,Software Engineer,33,33,0,1.0,2187.12,61884
2026-03-24,study_notes,UX Designer,34,31,3,0.9118,2064.44,62207
2026-03-25,exam_generation,Data Analyst,13,12,1,0.9231,1607.85,17488
2026-03-25,exam_generation,Finance Analyst,5,5,0,1.0,1391.8,6485
2026-03-25,exam_generation,Product Manager,4,3,1,0.75,1526.5,5014
2026-03-25,exam_generation,Software Engineer,7,7,0,1.0,1624.86,10232
2026-03-25,exam_generation,UX Designer,2,2,0,1.0,1655.5,2747
2026-03-25,job_analysis,Data Analyst,9,9,0,1.0,1659.33,12458
2026-03-25,job_analysis,Finance Analyst,9,9,0,1.0,1598.67,12351
2026-03-25,job_analysis,Product Manager,7,7,0,1.0,1702.14,9631
2026-03-25,job_analysis,Software Engineer,4,2,2,0.5,1915.25,4950
2026-03-25,job_analysis,UX Designer,6,6,0,1.0,1847.5,9227
2026-03-25,mock_interview,Data Analyst,3,3,0,1.0,1634.33,4536
2026-03-25,mock_interview,Software Engineer,3,3,0,1.0,2006.67,4066
2026-03-25,prep_plan,Data Analyst,4,4,0,1.0,1552.5,5404
2026-03-25,prep_plan,Finance Analyst,8,8,0,1.0,1129.5,13108
2026-03-25,prep_plan,Product Manager,3,2,1,0.6667,1318.0,3910
2026-03-25,prep_plan,Software Engineer,6,4,2,0.6667,2033.5,7973
2026-03-25,prep_plan,UX Designer,3,3,0,1.0,1196.33,5233
2026-03-25,study_notes,Data Analyst,51,48,3,0.9412,2095.82,91260
2026-03-25,study_notes,Finance Analyst,50,48,2,0.96,2127.42,87686
2026-03-25,study_notes,Product Manager,27,26,1,0.963,2217.37,49241
2026-03-25,study_notes,Software Engineer,38,35,3,0.9211,2116.89,67707
2026-03-25,study_notes,UX Designer,33,32,1,0.9697,2180.85,59744
2026-03-26,exam_generation,Data Analyst,12,11,1,0.9167,1730.0,18425
2026-03-26,exam_generation,Finance Analyst,14,14,0,1.0,1839.93,21120
2026-03-26,exam_generation,Product Manager,5,5,0,1.0,1305.2,6004
2026-03-26,exam_generation,Software Engineer,10,10,0,1.0,1405.3,14105
2026-03-26,exam_generation,UX Designer,9,9,0,1.0,1631.67,11668
2026-03-26,job_analysis,Data Analyst,10,10,0,1.0,1776.9,14952
2026-03-26,job_analysis,Finance Analyst,13,13,0,1.0,1491.85,16075
2026-03-26,job_analysis,Product Manager,7,7,0,1.0,1798.71,11357
2026-03-26,job_analysis,Software Engineer,7,7,0,1.0,1646.0,9112
2026-03-26,job_analysis,UX Designer,8,7,1,0.875,1497.5,10954
2026-03-26,mock_interview,Data Analyst,1,1,0,1.0,1369.0,1829
2026-03-26,mock_interview,Product Manager,1,1,0,1.0,2474.0,1659
2026-03-26,mock_interview,Software Engineer,3,3,0,1.0,1897.33,4025
2026-03-26,mock_interview,UX Designer,2,2,0,1.0,1216.0,3538
2026-03-26,prep_plan,Data Analyst,7,6,1,0.8571,1590.43,11609
2026-03-26,prep_plan,Finance Analyst,8,7,1,0.875,1718.12,11348
2026-03-26,prep_plan,Product Manager,2,2,0,1.0,1844.5,3035
2026-03-26,prep_plan,Software Engineer,2,2,0,1.0,2194.5,3137
2026-03-26,prep_plan,UX Designer,7,6,1,0.8571,1758.86,10804
2026-03-26,study_notes,Data Analyst,51,48,3,0.9412,2227.18,92250
2026-03-26,study_notes,Finance Analyst,39,38,1,0.9744,2159.79,68306
2026-03-26,study_notes,Product Manager,34,32,2,0.9412,2015.74,60276
2026-03-26,study_notes,Software Engineer,35,34,1,0.9714,2250.57,62752
2026-03-26,study_notes,UX Designer,39,37,2,0.9487,2154.46,69109
2026-03-27,exam_generation,Data Analyst,15,15,0,1.0,1571.07,20248
2026-03-27,exam_generation,Finance Analyst,7,7,0,1.0,1597.71,10573
2026-03-27,exam_generation,Product Manager,3,3,0,1.0,1605.0,3616
2026-03-27,exam_generation,Software Engineer,11,11,0,1.0,1684.55,16194
2026-03-27,exam_generation,UX Designer,9,7,2,0.7778,1578.89,13162
2026-03-27,job_analysis,Data Analyst,5,4,1,0.8,1769.2,7551
2026-03-27,job_analysis,Finance Analyst,14,12,2,0.8571,1765.21,18315
2026-03-27,job_analysis,Product Manager,4,4,0,1.0,1488.25,6203
2026-03-27,job_analysis,Software Engineer,2,2,0,1.0,1544.5,2846
2026-03-27,job_analysis,UX Designer,12,12,0,1.0,1513.67,16983
2026-03-27,mock_interview,Data Analyst,2,2,0,1.0,1658.5,2697
2026-03-27,mock_interview,Finance Analyst,3,2,1,0.6667,1783.33,3950
2026-03-27,prep_plan,Data Analyst,4,4,0,1.0,1527.75,6325
2026-03-27,prep_plan,Finance Analyst,4,4,0,1.0,1906.5,5423
2026-03-27,prep_plan,Product Manager,6,5,1,0.8333,1456.5,7684
2026-03-27,prep_plan,Software Engineer,2,1,1,0.5,2457.5,2368
2026-03-27,prep_plan,UX Designer,4,4,0,1.0,942.25,6663
2026-03-27,study_notes,Data Analyst,55,50,5,0.9091,2074.42,96811
2026-03-27,study_notes,Finance Analyst,42,42,0,1.0,2265.29,78349
2026-03-27,study_notes,Product Manager,21,19,2,0.9048,2183.57,37771
2026-03-27,study_notes,Software Engineer,41,40,1,0.9756,2152.66,77431
2026-03-27,study_notes,UX Designer,38,37,1,0.9737,2183.16,66858
2026-03-28,exam_generation,Data Analyst,6,6,0,1.0,1631.0,9976
2026-03-28,exam_generation,Finance Analyst,9,8,1,0.8889,1468.33,11040
2026-03-28,exam_generation,Product Manager,8,8,0,1.0,1330.88,12686
2026-03-28,exam_generation,Software Engineer,10,10,0,1.0,1755.6,15600
2026-03-28,exam_generation,UX Designer,8,7,1,0.875,1669.25,12296
2026-03-28,job_analysis,Data Analyst,10,10,0,1.0,1619.0,15005
2026-03-28,job_analysis,Finance Analyst,7,6,1,0.8571,2053.29,11217
2026-03-28,job_analysis,Product Manager,12,12,0,1.0,1481.75,17026
2026-03-28,job_analysis,Software Engineer,2,2,0,1.0,1235.0,3097
2026-03-28,job_analysis,UX Designer,7,7,0,1.0,1716.14,9581
2026-03-28,mock_interview,Data Analyst,2,2,0,1.0,1902.5,2857
2026-03-28,mock_interview,Finance Analyst,1,1,0,1.0,1871.0,1530
2026-03-28,mock_interview,Software Engineer,2,2,0,1.0,1927.5,3155
2026-03-28,mock_interview,UX Designer,2,1,1,0.5,1807.5,2493
2026-03-28,prep_plan,Data Analyst,4,4,0,1.0,1690.75,5186
2026-03-28,prep_plan,Finance Analyst,8,6,2,0.75,1851.62,11584
2026-03-28,prep_plan,Product Manager,4,4,0,1.0,1491.0,6152
2026-03-28,prep_plan,Software Engineer,3,3,0,1.0,1600.0,3956
2026-03-28,prep_plan,UX Designer,7,7,0,1.0,1426.86,9882
2026-03-28,study_notes,Data Analyst,56,54,2,0.9643,2173.45,100143
2026-03-28,study_notes,Finance Analyst,51,50,1,0.9804,2013.0,95090
2026-03-28,study_notes,Product Manager,25,25,0,1.0,2009.64,48223
2026-03-28,study_notes,Software Engineer,27,25,2,0.9259,1943.93,49293
2026-03-28,study_notes,UX Designer,36,35,1,0.9722,2259.81,67026
2026-03-29,exam_generation,Data Analyst,7,7,0,1.0,1437.14,9883
2026-03-29,exam_generation,Finance Analyst,8,8,0,1.0,1901.38,10804
2026-03-29,exam_generation,Product Manager,8,5,3,0.625,1711.62,10745
2026-03-29,exam_generation,Software Engineer,5,5,0,1.0,1696.6,7102
2026-03-29,exam_generation,UX Designer,6,6,0,1.0,1917.83,9551
2026-03-29,job_analysis,Data Analyst,13,13,0,1.0,1482.54,20034
2026-03-29,job_analysis,Finance Analyst,12,11,1,0.9167,1686.58,18269
2026-03-29,job_analysis,Product Manager,10,10,0,1.0,1726.8,14379
2026-03-29,job_analysis,Software Engineer,5,5,0,1.0,1556.0,7718
2026-03-29,job_analysis,UX Designer,7,7,0,1.0,1796.57,10876
2026-03-29,mock_interview,Data Analyst,3,3,0,1.0,1371.0,4628
2026-03-29,mock_interview,Finance Analyst,2,2,0,1.0,1944.0,2620
2026-03-29,mock_interview,Software Engineer,3,3,0,1.0,1638.0,3562
2026-03-29,mock_interview,UX Designer,3,3,0,1.0,2193.0,3578
2026-03-29,prep_plan,Data Analyst,4,4,0,1.0,1846.25,7516
2026-03-29,prep_plan,Finance Analyst,9,8,1,0.8889,2078.44,12323
2026-03-29,prep_plan,Product Manager,4,4,0,1.0,1598.0,6878
2026-03-29,prep_plan,UX Designer,8,8,0,1.0,1724.38,10387
2026-03-29,study_notes,Data Analyst,45,40,5,0.8889,2243.76,80086
2026-03-29,study_notes,Finance Analyst,47,45,2,0.9574,2219.0,86946
2026-03-29,study_notes,Product Manager,28,27,1,0.9643,2278.61,53454
2026-03-29,study_notes,Software Engineer,27,26,1,0.963,1982.56,47482
2026-03-29,study_notes,UX Designer,43,41,2,0.9535,2108.14,74805
2026-03-30,exam_generation,Data Analyst,5,5,0,1.0,1263.8,7524
2026-03-30,exam_generation,Finance Analyst,12,12,0,1.0,1757.25,17190
2026-03-30,exam_generation,Product Manager,8,8,0,1.0,1397.25,12584
2026-03-30,exam_generation,Software Engineer,3,3,0,1.0,1477.0,4112
2026-03-30,exam_generation,UX Designer,4,4,0,1.0,1339.75,6118
2026-03-30,job_analysis,Data Analyst,11,10,1,0.9091,1628.18,15384
2026-03-30,job_analysis,Finance Analyst,12,12,0,1.0,1656.25,16281
2026-03-30,job_analysis,Product Manager,13,12,1,0.9231,1573.31,18305
2026-03-30,job_analysis,Software Engineer,6,5,1,0.8333,1726.17,8019
2026-03-30,job_analysis,UX Designer,8,8,0,1.0,1973.88,12262
2026-03-30,mock_interview,Data Analyst,1,1,0,1.0,1513.0,1158
2026-03-30,mock_interview,Software Engineer,3,2,1,0.6667,1666.67,3888
2026-03-30,mock_interview,UX Designer,1,1,0,1.0,1028.0,1294
2026-03-30,prep_plan,Data Analyst,7,7,0,1.0,1574.86,10176
2026-03-30,prep_plan,Finance Analyst,12,12,0,1.0,1328.58,19618
2026-03-30,prep_plan,Product Manager,13,12,1,0.9231,1520.54,17738
2026-03-30,prep_plan,Software Engineer,2,2,0,1.0,1757.0,2932
2026-03-30,prep_plan,UX Designer,5,5,0,1.0,1654.0,6299
2026-03-30,study_notes,Data Analyst,42,41,1,0.9762,2203.33,75773
2026-03-30,study_notes,Finance Analyst,57,55,2,0.9649,2116.96,104565
2026-03-30,study_notes,Product Manager,33,31,2,0.9394,2235.58,60187
2026-03-30,study_notes,Software Engineer,29,29,0,1.0,2080.79,54330
2026-03-30,study_notes,UX Designer,41,40,1,0.9756,2094.27,74465
2026-03-31,exam_generation,Data Analyst,11,11,0,1.0,1528.09,14210
2026-03-31,exam_generation,Finance Analyst,9,9,0,1.0,1509.44,11309
2026-03-31,exam_generation,Product Manager,10,10,0,1.0,1376.3,14168
2026-03-31,exam_generation,Software Engineer,7,7,0,1.0,1625.43,10349
2026-03-31,exam_generation,UX Designer,6,6,0,1.0,1458.67,9555
2026-03-31,job_analysis,Data Analyst,8,8,0,1.0,1458.38,11668
2026-03-31,job_analysis,Finance Analyst,11,11,0,1.0,1692.09,18484
2026-03-31,job_analysis,Product Manager,7,7,0,1.0,1511.86,8590
2026-03-31,job_analysis,Software Engineer,4,3,1,0.75,1970.25,5584
2026-03-31,job_analysis,UX Designer,7,7,0,1.0,1855.0,10026
2026-03-31,mock_interview,Data Analyst,3,3,0,1.0,1367.33,3718
2026-03-31,mock_interview,Finance Analyst,4,4,0,1.0,2059.0,5690
2026-03-31,mock_interview,Product Manager,1,1,0,1.0,1972.0,1652
2026-03-31,mock_interview,Software Engineer,1,1,0,1.0,2423.0,1391
2026-03-31,mock_interview,UX Designer,1,1,0,1.0,1974.0,1598
2026-03-31,prep_plan,Data Analyst,10,9,1,0.9,1919.8,13460
2026-03-31,prep_plan,Finance Analyst,6,6,0,1.0,2055.17,7928
2026-03-31,prep_plan,Product Manager,6,4,2,0.6667,1584.5,7267
2026-03-31,prep_plan,Software Engineer,4,4,0,1.0,1568.25,6311
2026-03-31,prep_plan,UX Designer,3,3,0,1.0,1291.67,4320
2026-03-31,study_notes,Data Analyst,49,44,5,0.898,2182.92,86145
2026-03-31,study_notes,Finance Analyst,52,47,5,0.9038,2318.48,89947
2026-03-31,study_notes,Product Manager,32,31,1,0.9688,2143.88,58615
2026-03-31,study_notes,Software Engineer,27,26,1,0.963,2228.7,51338
2026-03-31,study_notes,UX Designer,36,35,1,0.9722,2178.44,66909
2026-04-01,exam_generation,Data Analyst,10,10,0,1.0,1702.1,15162
2026-04-01,exam_generation,Finance Analyst,11,11,0,1.0,1643.09,15264
2026-04-01,exam_generation,Product Manager,7,6,1,0.8571,1563.71,9719
2026-04-01,exam_generation,Software Engineer,6,6,0,1.0,1411.17,8812
2026-04-01,exam_generation,UX Designer,10,10,0,1.0,1630.6,14355
2026-04-01,job_analysis,Data Analyst,9,8,1,0.8889,1729.67,13238
2026-04-01,job_analysis,Finance Analyst,7,7,0,1.0,1913.0,10736
2026-04-01,job_analysis,Product Manager,5,5,0,1.0,1674.6,7925
2026-04-01,job_analysis,Software Engineer,13,13,0,1.0,1565.85,20145
2026-04-01,job_analysis,UX Designer,6,6,0,1.0,1402.5,8634
2026-04-01,mock_interview,Finance Analyst,1,1,0,1.0,1442.0,1089
2026-04-01,mock_interview,Product Manager,1,1,0,1.0,1896.0,1351
2026-04-01,mock_interview,Software Engineer,1,1,0,1.0,2117.0,1274
2026-04-01,mock_interview,UX Designer,1,1,0,1.0,1345.0,1784
2026-04-01,prep_plan,Data Analyst,7,6,1,0.8571,1687.0,10467
2026-04-01,prep_plan,Finance Analyst,4,3,1,0.75,1838.25,5250
2026-04-01,prep_plan,Product Manager,11,9,2,0.8182,1459.73,16850
2026-04-01,prep_plan,Software Engineer,2,2,0,1.0,1571.5,3032
2026-04-01,prep_plan,UX Designer,3,2,1,0.6667,1219.0,3058
2026-04-01,study_notes,Data Analyst,51,49,2,0.9608,2068.82,93248
2026-04-01,study_notes,Finance Analyst,52,50,2,0.9615,2079.25,95995
2026-04-01,study_notes,Product Manager,49,45,4,0.9184,2115.24,87516
2026-04-01,study_notes,Software Engineer,17,17,0,1.0,2320.24,31819
2026-04-01,study_notes,UX Designer,42,41,1,0.9762,2117.74,79250
2026-04-02,exam_generation,Data Analyst,10,10,0,1.0,1790.7,15071
2026-04-02,exam_generation,Finance Analyst,13,13,0,1.0,1612.77,19834
2026-04-02,exam_generation,Product Manager,5,5,0,1.0,1568.2,7893
2026-04-02,exam_generation,Software Engineer,4,4,0,1.0,1376.75,5202
2026-04-02,exam_generation,UX Designer,5,5,0,1.0,1349.0,8255
2026-04-02,job_analysis,Data Analyst,7,7,0,1.0,1528.71,10694
2026-04-02,job_analysis,Finance Analyst,11,10,1,0.9091,1625.64,14391
2026-04-02,job_analysis,Product Manager,15,15,0,1.0,1528.53,22689
2026-04-02,job_analysis,Software Engineer,4,3,1,0.75,1531.25,4992
2026-04-02,job_analysis,UX Designer,9,8,1,0.8889,2011.89,12455
2026-04-02,mock_interview,Data Analyst,4,4,0,1.0,1833.0,5253
2026-04-02,mock_interview,Finance Analyst,2,2,0,1.0,1432.0,2645
2026-04-02,mock_interview,Software Engineer,2,2,0,1.0,1593.5,3545
2026-04-02,mock_interview,UX Designer,1,1,0,1.0,1357.0,1224
2026-04-02,prep_plan,Data Analyst,4,4,0,1.0,1169.5,6538
2026-04-02,prep_plan,Finance Analyst,5,5,0,1.0,2084.8,7273
2026-04-02,prep_plan,Product Manager,4,4,0,1.0,1594.25,5518
2026-04-02,prep_plan,Software Engineer,6,6,0,1.0,1497.67,8847
2026-04-02,prep_plan,UX Designer,7,7,0,1.0,1788.0,10056
2026-04-02,study_notes,Data Analyst,51,48,3,0.9412,2143.92,96139
2026-04-02,study_notes,Finance Analyst,50,49,1,0.98,2208.48,96082
2026-04-02,study_notes,Product Manager,49,47,2,0.9592,2163.57,90877
2026-04-02,study_notes,Software Engineer,18,18,0,1.0,2063.44,33372
2026-04-02,study_notes,UX Designer,44,41,3,0.9318,2163.52,75088
2026-04-03,exam_generation,Data Analyst,11,11,0,1.0,1646.55,17031
2026-04-03,exam_generation,Finance Analyst,13,12,1,0.9231,1483.54,18377
2026-04-03,exam_generation,Product Manager,6,5,1,0.8333,1682.83,8476
2026-04-03,exam_generation,Software Engineer,5,5,0,1.0,1626.0,8356
2026-04-03,exam_generation,UX Designer,7,7,0,1.0,1803.43,11093
2026-04-03,job_analysis,Data Analyst,7,7,0,1.0,1787.14,10118
2026-04-03,job_analysis,Finance Analyst,11,11,0,1.0,1512.36,16066
2026-04-03,job_analysis,Product Manager,9,9,0,1.0,2001.44,11773
2026-04-03,job_analysis,Software Engineer,10,9,1,0.9,1916.0,13936
2026-04-03,job_analysis,UX Designer,5,5,0,1.0,1612.2,7591
2026-04-03,mock_interview,Data Analyst,2,1,1,0.5,2206.0,1433
2026-04-03,mock_interview,UX Designer,1,1,0,1.0,1504.0,1242
2026-04-03,prep_plan,Data Analyst,7,6,1,0.8571,1810.0,10555
2026-04-03,prep_plan,Finance Analyst,8,8,0,1.0,1555.62,12063
2026-04-03,prep_plan,Product Manager,3,3,0,1.0,1588.67,4149
2026-04-03,prep_plan,Software Engineer,6,6,0,1.0,1789.83,9083
2026-04-03,prep_plan,UX Designer,2,2,0,1.0,1601.5,2376
2026-04-03,study_notes,Data Analyst,42,40,2,0.9524,2074.29,73705
2026-04-03,study_notes,Finance Analyst,59,52,7,0.8814,2205.17,103997
2026-04-03,study_notes,Product Manager,48,45,3,0.9375,2174.75,86105
2026-04-03,study_notes,Software Engineer,28,28,0,1.0,2005.21,52745
2026-04-03,study_notes,UX Designer,41,39,2,0.9512,2173.15,78116
2026-04-04,exam_generation,Data Analyst,6,5,1,0.8333,1269.83,10003
2026-04-04,exam_generation,Finance Analyst,9,9,0,1.0,1750.78,14024
2026-04-04,exam_generation,Product Manager,8,8,0,1.0,1685.75,12195
2026-04-04,exam_generation,Software Engineer,7,6,1,0.8571,1519.0,9711
2026-04-04,exam_generation,UX Designer,5,5,0,1.0,1708.6,7210
2026-04-04,job_analysis,Data Analyst,6,6,0,1.0,1566.33,9031
2026-04-04,job_analysis,Finance Analyst,15,15,0,1.0,1702.53,23803
2026-04-04,job_analysis,Product Manager,8,7,1,0.875,1804.5,11439
2026-04-04,job_analysis,Software Engineer,15,14,1,0.9333,1958.93,20371
2026-04-04,job_analysis,UX Designer,8,7,1,0.875,1899.38,10584
2026-04-04,mock_interview,Data Analyst,2,2,0,1.0,2276.5,2805
2026-04-04,mock_interview,Finance Analyst,2,1,1,0.5,2654.0,2440
2026-04-04,mock_interview,Product Manager,1,1,0,1.0,1668.0,1106
2026-04-04,prep_plan,Data Analyst,2,2,0,1.0,1572.0,3367
2026-04-04,prep_plan,Finance Analyst,6,6,0,1.0,1928.33,8726
2026-04-04,prep_plan,Product Manager,12,11,1,0.9167,1968.33,16764
2026-04-04,prep_plan,Software Engineer,6,5,1,0.8333,1672.33,7723
2026-04-04,prep_plan,UX Designer,5,5,0,1.0,2171.0,6992
2026-04-04,study_notes,Data Analyst,54,48,6,0.8889,2106.37,94522
2026-04-04,study_notes,Finance Analyst,55,52,3,0.9455,2108.13,105174
2026-04-04,study_notes,Product Manager,52,51,1,0.9808,2263.13,97237
2026-04-04,study_notes,Software Engineer,29,28,1,0.9655,2269.97,54674
2026-04-04,study_notes,UX Designer,37,36,1,0.973,2024.16,68705
2026-04-05,exam_generation,Data Analyst,5,5,0,1.0,1395.4,8540
2026-04-05,exam_generation,Finance Analyst,6,6,0,1.0,1901.17,9551
2026-04-05,exam_generation,Product Manager,5,5,0,1.0,1810.0,7075
2026-04-05,exam_generation,Software Engineer,9,9,0,1.0,1960.78,14376
2026-04-05,exam_generation,UX Designer,7,7,0,1.0,1630.43,9840
2026-04-05,job_analysis,Data Analyst,11,11,0,1.0,1990.82,15453
2026-04-05,job_analysis,Finance Analyst,8,7,1,0.875,1534.38,12398
2026-04-05,job_analysis,Product Manager,11,10,1,0.9091,1792.82,14910
2026-04-05,job_analysis,Software Engineer,10,9,1,0.9,1349.6,14308
2026-04-05,job_analysis,UX Designer,15,15,0,1.0,1626.53,21440
2026-04-05,mock_interview,Data Analyst,1,0,1,0.0,903.0,938
2026-04-05,mock_interview,Finance Analyst,2,2,0,1.0,2140.0,2515
2026-04-05,mock_interview,Product Manager,4,4,0,1.0,1635.25,5538
2026-04-05,mock_interview,Software Engineer,1,1,0,1.0,2019.0,1301
2026-04-05,prep_plan,Data Analyst,3,3,0,1.0,1341.0,5227
2026-04-05,prep_plan,Finance Analyst,8,7,1,0.875,1736.25,11870
2026-04-05,prep_plan,Product Manager,3,3,0,1.0,2024.0,4920
2026-04-05,prep_plan,Software Engineer,9,8,1,0.8889,1509.33,11582
2026-04-05,prep_plan,UX Designer,5,5,0,1.0,1416.4,8371
2026-04-05,study_notes,Data Analyst,46,44,2,0.9565,2171.98,82899
2026-04-05,study_notes,Finance Analyst,57,53,4,0.9298,2117.89,104156
2026-04-05,study_notes,Product Manager,56,51,5,0.9107,2035.57,99095
2026-04-05,study_notes,Software Engineer,26,25,1,0.9615,2000.27,46938
2026-04-05,study_notes,UX Designer,37,34,3,0.9189,2273.24,67544
2026-04-06,exam_generation,Data Analyst,6,6,0,1.0,1692.0,7608
2026-04-06,exam_generation,Finance Analyst,10,9,1,0.9,1862.9,14505
2026-04-06,exam_generation,Product Manager,9,9,0,1.0,1850.22,15047
2026-04-06,exam_generation,Software Engineer,5,5,0,1.0,1465.0,8068
2026-04-06,exam_generation,UX Designer,6,6,0,1.0,1305.17,9432
2026-04-06,job_analysis,Data Analyst,8,6,2,0.75,1604.12,11592
2026-04-06,job_analysis,Finance Analyst,11,11,0,1.0,1665.09,16198
2026-04-06,job_analysis,Product Manager,13,13,0,1.0,1947.54,18202
2026-04-06,job_analysis,Software Engineer,11,11,0,1.0,1765.91,15867
2026-04-06,job_analysis,UX Designer,5,3,2,0.6,1618.0,6281
2026-04-06,mock_interview,Data Analyst,2,2,0,1.0,1829.0,2358
2026-04-06,mock_interview,Finance Analyst,2,1,1,0.5,1017.5,2151
2026-04-06,mock_interview,Product Manager,1,1,0,1.0,1473.0,1449
2026-04-06,mock_interview,Software Engineer,1,1,0,1.0,1668.0,2116
2026-04-06,mock_interview,UX Designer,3,2,1,0.6667,1809.67,3940
2026-04-06,prep_plan,Data Analyst,6,6,0,1.0,1712.33,9275
2026-04-06,prep_plan,Finance Analyst,5,5,0,1.0,1395.2,7973
2026-04-06,prep_plan,Product Manager,7,7,0,1.0,2036.0,9217
2026-04-06,prep_plan,Software Engineer,6,6,0,1.0,1666.83,9370
2026-04-06,prep_plan,UX Designer,6,6,0,1.0,1722.0,9417
2026-04-06,study_notes,Data Analyst,48,46,2,0.9583,2148.42,85216
2026-04-06,study_notes,Finance Analyst,63,59,4,0.9365,2001.65,111135
2026-04-06,study_notes,Product Manager,60,56,4,0.9333,2084.18,107757
2026-04-06,study_notes,Software Engineer,30,30,0,1.0,2212.87,55092
2026-04-06,study_notes,UX Designer,35,35,0,1.0,2176.57,64810
2026-04-07,exam_generation,Data Analyst,12,11,1,0.9167,1413.83,15281
2026-04-07,exam_generation,Finance Analyst,14,14,0,1.0,1747.14,21980
2026-04-07,exam_generation,Product Manager,9,9,0,1.0,1740.11,13352
2026-04-07,exam_generation,Software Engineer,9,9,0,1.0,1395.33,14216
2026-04-07,exam_generation,UX Designer,8,8,0,1.0,1711.25,11578
2026-04-07,job_analysis,Data Analyst,8,8,0,1.0,1422.62,12597
2026-04-07,job_analysis,Finance Analyst,11,10,1,0.9091,1719.36,18542
2026-04-07,job_analysis,Product Manager,4,4,0,1.0,1724.5,6367
2026-04-07,job_analysis,Software Engineer,4,4,0,1.0,2038.75,5874
2026-04-07,job_analysis,UX Designer,9,7,2,0.7778,1558.44,12098
2026-04-07,mock_interview,Data Analyst,2,1,1,0.5,2053.5,2442
2026-04-07,mock_interview,Finance Analyst,1,1,0,1.0,2289.0,1945
2026-04-07,mock_interview,Product Manager,4,3,1,0.75,1721.75,4736
2026-04-07,mock_interview,Software Engineer,1,0,1,0.0,1668.0,995
2026-04-07,prep_plan,Data Analyst,8,8,0,1.0,1477.25,12214
2026-04-07,prep_plan,Finance Analyst,8,7,1,0.875,1600.38,12184
2026-04-07,prep_plan,Product Manager,7,7,0,1.0,1511.14,11172
2026-04-07,prep_plan,Software Engineer,7,6,1,0.8571,1322.29,9660
2026-04-07,prep_plan,UX Designer,5,5,0,1.0,1460.6,7137
2026-04-07,study_notes,Data Analyst,47,43,4,0.9149,2116.4,85580
2026-04-07,study_notes,Finance Analyst,60,59,1,0.9833,2136.53,110251
2026-04-07,study_notes,Product Manager,50,49,1,0.98,2125.3,90558
2026-04-07,study_notes,Software Engineer,35,32,3,0.9143,2105.29,60785
2026-04-07,study_notes,UX Designer,35,31,4,0.8857,2146.69,61374
2026-04-08,exam_generation,Data Analyst,17,15,2,0.8824,1445.47,23825
2026-04-08,exam_generation,Finance Analyst,13,12,1,0.9231,1879.77,20778
2026-04-08,exam_generation,Product Manager,18,17,1,0.9444,1811.11,25391
2026-04-08,exam_generation,Software Engineer,3,3,0,1.0,1382.0,4780
2026-04-08,exam_generation,UX Designer,10,8,2,0.8,1655.8,12615
2026-04-08,job_analysis,Data Analyst,7,7,0,1.0,1693.14,10286
2026-04-08,job_analysis,Finance Analyst,11,9,2,0.8182,1704.82,16906
2026-04-08,job_analysis,Product Manager,10,10,0,1.0,1760.2,15671
2026-04-08,job_analysis,Software Engineer,6,6,0,1.0,1604.17,9314
2026-04-08,job_analysis,UX Designer,6,6,0,1.0,1834.17,10531
2026-04-08,mock_interview,Data Analyst,1,0,1,0.0,1001.0,675
2026-04-08,mock_interview,Finance Analyst,1,1,0,1.0,2522.0,1614
2026-04-08,mock_interview,Product Manager,3,3,0,1.0,2288.67,5399
2026-04-08,mock_interview,Software Engineer,2,2,0,1.0,1395.5,3443
2026-04-08,mock_interview,UX Designer,3,3,0,1.0,1876.0,4908
2026-04-08,prep_plan,Data Analyst,5,4,1,0.8,1862.6,5981
2026-04-08,prep_plan,Finance Analyst,6,6,0,1.0,1550.0,8395
2026-04-08,prep_plan,Product Manager,5,5,0,1.0,2194.6,8798
2026-04-08,prep_plan,Software Engineer,4,4,0,1.0,1827.75,6274
2026-04-08,prep_plan,UX Designer,4,4,0,1.0,1949.75,6267
2026-04-08,study_notes,Data Analyst,44,42,2,0.9545,2128.91,81887
2026-04-08,study_notes,Finance Analyst,58,57,1,0.9828,2209.31,108508
2026-04-08,study_notes,Product Manager,44,42,2,0.9545,2182.02,80279
2026-04-08,study_notes,Software Engineer,40,39,1,0.975,2165.8,70062
2026-04-08,study_notes,UX Designer,47,45,2,0.9574,2316.11,84237
2026-04-09,exam_generation,Data Analyst,8,8,0,1.0,1722.0,10963
2026-04-09,exam_generation,Finance Analyst,7,7,0,1.0,1442.71,10741
2026-04-09,exam_generation,Product Manager,11,11,0,1.0,1667.36,16011
2026-04-09,exam_generation,Software Engineer,13,13,0,1.0,1630.31,19638
2026-04-09,exam_generation,UX Designer,6,6,0,1.0,1731.5,9465
2026-04-09,job_analysis,Data Analyst,12,12,0,1.0,1810.5,17880
2026-04-09,job_analysis,Finance Analyst,5,4,1,0.8,1953.4,6149
2026-04-09,job_analysis,Product Manager,11,11,0,1.0,1586.64,16004
2026-04-09,job_analysis,Software Engineer,10,10,0,1.0,2028.1,16136
2026-04-09,job_analysis,UX Designer,3,3,0,1.0,1822.67,4456
2026-04-09,mock_interview,Data Analyst,3,3,0,1.0,1667.0,4268
2026-04-09,mock_interview,Finance Analyst,3,3,0,1.0,2458.0,4195
2026-04-09,mock_interview,Product Manager,3,3,0,1.0,1691.67,4281
2026-04-09,prep_plan,Data Analyst,3,3,0,1.0,1787.33,4000
2026-04-09,prep_plan,Finance Analyst,5,5,0,1.0,1586.4,7442
2026-04-09,prep_plan,Product Manager,4,4,0,1.0,1350.75,5620
2026-04-09,prep_plan,Software Engineer,3,3,0,1.0,1706.33,4636
2026-04-09,prep_plan,UX Designer,5,5,0,1.0,1745.6,6352
2026-04-09,study_notes,Data Analyst,53,50,3,0.9434,2105.36,97757
2026-04-09,study_notes,Finance Analyst,58,56,2,0.9655,2175.88,104336
2026-04-09,study_notes,Product Manager,55,50,5,0.9091,2307.09,102732
2026-04-09,study_notes,Software Engineer,40,40,0,1.0,2205.7,72992
2026-04-09,study_notes,UX Designer,41,38,3,0.9268,2145.9,71521
2026-04-10,exam_generation,Data Analyst,5,4,1,0.8,1482.6,6924
2026-04-10,exam_generation,Finance Analyst,6,6,0,1.0,1591.17,8348
2026-04-10,exam_generation,Product Manager,10,10,0,1.0,1661.6,14721
2026-04-10,exam_generation,Software Engineer,8,7,1,0.875,1804.0,11358
2026-04-10,exam_generation,UX Designer,4,3,1,0.75,1872.25,4491
2026-04-10,job_analysis,Data Analyst,6,6,0,1.0,1774.17,8225
2026-04-10,job_analysis,Finance Analyst,12,12,0,1.0,1821.25,16251
2026-04-10,job_analysis,Product Manager,9,9,0,1.0,1683.33,13816
2026-04-10,job_analysis,Software Engineer,9,9,0,1.0,1417.0,13339
2026-04-10,job_analysis,UX Designer,8,8,0,1.0,1729.62,11498
2026-04-10,mock_interview,Data Analyst,1,0,1,0.0,1977.0,828
2026-04-10,mock_interview,Finance Analyst,1,1,0,1.0,825.0,1450
2026-04-10,mock_interview,Product Manager,3,3,0,1.0,1937.0,5198
2026-04-10,mock_interview,UX Designer,1,1,0,1.0,1382.0,892
2026-04-10,prep_plan,Data Analyst,4,4,0,1.0,1599.5,5735
2026-04-10,prep_plan,Finance Analyst,11,10,1,0.9091,1811.36,15297
2026-04-10,prep_plan,Product Manager,9,9,0,1.0,1648.33,13476
2026-04-10,prep_plan,Software Engineer,3,3,0,1.0,1355.0,4277
2026-04-10,prep_plan,UX Designer,3,3,0,1.0,1072.33,4215
2026-04-10,study_notes,Data Analyst,37,36,1,0.973,2195.14,70487
2026-04-10,study_notes,Finance Analyst,56,52,4,0.9286,2165.45,102819
2026-04-10,study_notes,Product Manager,53,52,1,0.9811,2164.38,100614
2026-04-10,study_notes,Software Engineer,37,34,3,0.9189,2331.24,68893
2026-04-10,study_notes,UX Designer,43,41,2,0.9535,2128.58,78272
2026-04-11,exam_generation,Data Analyst,11,10,1,0.9091,2087.82,14525
2026-04-11,exam_generation,Finance Analyst,13,13,0,1.0,1684.54,20412
2026-04-11,exam_generation,Product Manager,13,12,1,0.9231,1841.54,19458
2026-04-11,exam_generation,Software Engineer,8,8,0,1.0,1616.12,13602
2026-04-11,exam_generation,UX Designer,7,7,0,1.0,1568.0,9151
2026-04-11,job_analysis,Data Analyst,5,5,0,1.0,1506.6,6761
2026-04-11,job_analysis,Finance Analyst,11,11,0,1.0,1549.45,14859
2026-04-11,job_analysis,Product Manager,5,5,0,1.0,1443.8,7218
2026-04-11,job_analysis,Software Engineer,10,10,0,1.0,1559.0,14484
2026-04-11,job_analysis,UX Designer,4,4,0,1.0,1271.25,6140
2026-04-11,mock_interview,Data Analyst,2,2,0,1.0,890.0,2875
2026-04-11,mock_interview,Product Manager,1,1,0,1.0,2639.0,1627
2026-04-11,mock_interview,Software Engineer,2,2,0,1.0,1100.5,3255
2026-04-11,mock_interview,UX Designer,1,1,0,1.0,1609.0,1547
2026-04-11,prep_plan,Data Analyst,6,5,1,0.8333,1812.0,8614
2026-04-11,prep_plan,Finance Analyst,7,7,0,1.0,1697.57,9724
2026-04-11,prep_plan,Product Manager,7,6,1,0.8571,1493.57,9834
2026-04-11,prep_plan,Software Engineer,5,5,0,1.0,1605.0,8303
2026-04-11,prep_plan,UX Designer,5,4,1,0.8,1692.6,7124
2026-04-11,study_notes,Data Analyst,36,36,0,1.0,2192.75,66038
2026-04-11,study_notes,Finance Analyst,64,61,3,0.9531,2097.2,119274
2026-04-11,study_notes,Product Manager,56,54,2,0.9643,2178.29,100371
2026-04-11,study_notes,Software Engineer,38,36,2,0.9474,2122.61,67714
2026-04-11,study_notes,UX Designer,35,34,1,0.9714,2126.06,64967
2026-04-12,exam_generation,Data Analyst,9,9,0,1.0,1347.67,13433
2026-04-12,exam_generation,Finance Analyst,11,11,0,1.0,1574.36,16176
2026-04-12,exam_generation,Product Manager,10,10,0,1.0,1701.7,15514
2026-04-12,exam_generation,Software Engineer,7,6,1,0.8571,1933.14,10552
2026-04-12,exam_generation,UX Designer,8,8,0,1.0,1591.88,12190
2026-04-12,job_analysis,Data Analyst,8,8,0,1.0,1361.75,12788
2026-04-12,job_analysis,Finance Analyst,8,8,0,1.0,1853.0,11835
2026-04-12,job_analysis,Product Manager,5,4,1,0.8,1935.2,6397
2026-04-12,job_analysis,Software Engineer,9,9,0,1.0,1569.56,13443
2026-04-12,job_analysis,UX Designer,9,9,0,1.0,1818.67,13348
2026-04-12,mock_interview,Data Analyst,4,4,0,1.0,1423.5,6423
2026-04-12,mock_interview,Product Manager,4,4,0,1.0,1635.75,6508
2026-04-12,mock_interview,Software Engineer,2,2,0,1.0,1634.5,2690
2026-04-12,mock_interview,UX Designer,1,1,0,1.0,1359.0,1433
2026-04-12,prep_plan,Data Analyst,6,5,1,0.8333,1901.17,8445
2026-04-12,prep_plan,Finance Analyst,8,8,0,1.0,1536.5,11820
2026-04-12,prep_plan,Product Manager,4,3,1,0.75,1613.5,5618
2026-04-12,prep_plan,Software Engineer,7,7,0,1.0,1953.57,10618
2026-04-12,prep_plan,UX Designer,2,1,1,0.5,1772.0,2526
2026-04-12,study_notes,Data Analyst,32,31,1,0.9688,2125.19,57789
2026-04-12,study_notes,Finance Analyst,60,55,5,0.9167,2195.67,108073
2026-04-12,study_notes,Product Manager,56,56,0,1.0,2239.39,102576
2026-04-12,study_notes,Software Engineer,40,34,6,0.85,2288.88,67066
2026-04-12,study_notes,UX Designer,40,37,3,0.925,2287.18,70013
2026-04-13,exam_generation,Data Analyst,11,11,0,1.0,1798.09,15303
2026-04-13,exam_generation,Finance Analyst,7,7,0,1.0,1671.71,10686
2026-04-13,exam_generation,Product Manager,11,11,0,1.0,1732.36,15633
2026-04-13,exam_generation,Software Engineer,9,9,0,1.0,1662.11,13583
2026-04-13,exam_generation,UX Designer,6,6,0,1.0,1298.0,8557
2026-04-13,job_analysis,Data Analyst,8,8,0,1.0,1380.38,12358
2026-04-13,job_analysis,Finance Analyst,3,3,0,1.0,1650.67,4425
2026-04-13,job_analysis,Product Manager,7,7,0,1.0,1822.71,10043
2026-04-13,job_analysis,Software Engineer,5,5,0,1.0,1471.8,8754
2026-04-13,job_analysis,UX Designer,8,8,0,1.0,1488.0,12020
2026-04-13,mock_interview,Data Analyst,3,3,0,1.0,1846.0,4362
2026-04-13,mock_interview,Finance Analyst,3,3,0,1.0,2010.0,3636
2026-04-13,mock_interview,Product Manager,2,2,0,1.0,1575.0,2460
2026-04-13,mock_interview,Software Engineer,1,1,0,1.0,1605.0,1307
2026-04-13,mock_interview,UX Designer,3,3,0,1.0,2193.33,4463
2026-04-13,prep_plan,Data Analyst,3,3,0,1.0,1686.67,4524
2026-04-13,prep_plan,Finance Analyst,7,6,1,0.8571,1349.86,10992
2026-04-13,prep_plan,Product Manager,6,5,1,0.8333,1687.0,8256
2026-04-13,prep_plan,Software Engineer,8,7,1,0.875,1254.5,10576
2026-04-13,prep_plan,UX Designer,3,3,0,1.0,2243.67,4987
2026-04-13,study_notes,Data Analyst,36,35,1,0.9722,2113.42,65375
2026-04-13,study_notes,Finance Analyst,60,59,1,0.9833,2089.1,110010
2026-04-13,study_notes,Product Manager,61,60,1,0.9836,2195.9,111409
2026-04-13,study_notes,Software Engineer,65,64,1,0.9846,2078.71,122392
2026-04-13,study_notes,UX Designer,42,41,1,0.9762,2039.71,83736
2026-04-14,exam_generation,Data Analyst,9,9,0,1.0,1685.0,14157
2026-04-14,exam_generation,Finance Analyst,19,19,0,1.0,1617.58,26417
2026-04-14,exam_generation,Product Manager,9,9,0,1.0,1617.89,13250
2026-04-14,exam_generation,Software Engineer,8,8,0,1.0,1780.88,11711
2026-04-14,exam_generation,UX Designer,9,9,0,1.0,1444.67,13213
2026-04-14,job_analysis,Data Analyst,11,10,1,0.9091,1722.09,15098
2026-04-14,job_analysis,Finance Analyst,13,11,2,0.8462,1528.15,17561
2026-04-14,job_analysis,Product Manager,3,3,0,1.0,2028.33,3611
2026-04-14,job_analysis,Software Engineer,6,5,1,0.8333,1602.83,7699
2026-04-14,job_analysis,UX Designer,5,5,0,1.0,1787.6,6155
2026-04-14,mock_interview,Data Analyst,3,3,0,1.0,1160.67,4265
2026-04-14,mock_interview,Finance Analyst,2,2,0,1.0,2246.0,3459
2026-04-14,mock_interview,Product Manager,4,4,0,1.0,1304.5,5456
2026-04-14,mock_interview,UX Designer,1,1,0,1.0,1220.0,1251
2026-04-14,prep_plan,Data Analyst,7,7,0,1.0,1623.29,10745
2026-04-14,prep_plan,Finance Analyst,4,3,1,0.75,1524.0,5388
2026-04-14,prep_plan,Product Manager,2,2,0,1.0,1479.5,2656
2026-04-14,prep_plan,Software Engineer,7,7,0,1.0,1614.29,11460
2026-04-14,prep_plan,UX Designer,5,5,0,1.0,1382.2,8003
2026-04-14,study_notes,Data Analyst,47,45,2,0.9574,1971.19,84627
2026-04-14,study_notes,Finance Analyst,54,53,1,0.9815,2237.43,99859
2026-04-14,study_notes,Product Manager,43,42,1,0.9767,2148.79,75728
2026-04-14,study_notes,Software Engineer,44,43,1,0.9773,2325.34,78020
2026-04-14,study_notes,UX Designer,36,36,0,1.0,2137.92,71881
2026-04-15,exam_generation,Data Analyst,5,5,0,1.0,1485.0,7241
2026-04-15,exam_generation,Finance Analyst,11,10,1,0.9091,1557.82,14579
2026-04-15,exam_generation,Product Manager,13,12,1,0.9231,1835.23,16945
2026-04-15,exam_generation,Software Engineer,8,8,0,1.0,1942.88,12766
2026-04-15,exam_generation,UX Designer,2,2,0,1.0,1523.5,2666
2026-04-15,job_analysis,Data Analyst,9,9,0,1.0,1500.56,11887
2026-04-15,job_analysis,Finance Analyst,8,8,0,1.0,1533.62,13377
2026-04-15,job_analysis,Product Manager,10,9,1,0.9,1694.5,14066
2026-04-15,job_analysis,Software Engineer,9,8,1,0.8889,1487.0,13607
2026-04-15,job_analysis,UX Designer,5,5,0,1.0,1933.6,7171
2026-04-15,mock_interview,Data Analyst,3,3,0,1.0,1723.67,5386
2026-04-15,mock_interview,Finance Analyst,2,2,0,1.0,1596.5,3366
2026-04-15,mock_interview,Software Engineer,4,4,0,1.0,1733.0,6202
2026-04-15,mock_interview,UX Designer,2,2,0,1.0,2016.5,3130
2026-04-15,prep_plan,Data Analyst,4,4,0,1.0,1751.75,5545
2026-04-15,prep_plan,Finance Analyst,4,4,0,1.0,1833.75,4672
2026-04-15,prep_plan,Product Manager,3,3,0,1.0,1579.67,4841
2026-04-15,prep_plan,Software Engineer,2,2,0,1.0,2117.0,3645
2026-04-15,prep_plan,UX Designer,8,8,0,1.0,2033.0,11780
2026-04-15,study_notes,Data Analyst,40,38,2,0.95,2054.2,71267
2026-04-15,study_notes,Finance Analyst,63,61,2,0.9683,2190.37,115306
2026-04-15,study_notes,Product Manager,41,38,3,0.9268,2043.0,74529
2026-04-15,study_notes,Software Engineer,40,38,2,0.95,2201.72,70129
2026-04-15,study_notes,UX Designer,37,36,1,0.973,2095.49,72299
2026-04-16,exam_generation,Data Analyst,10,9,1,0.9,1549.0,15311
2026-04-16,exam_generation,Finance Analyst,10,10,0,1.0,1530.1,14688
2026-04-16,exam_generation,Product Manager,6,5,1,0.8333,2094.17,9040
2026-04-16,exam_generation,Software Engineer,10,9,1,0.9,1396.0,14395
2026-04-16,exam_generation,UX Designer,10,10,0,1.0,1578.3,16411
2026-04-16,job_analysis,Data Analyst,6,6,0,1.0,1996.83,9642
2026-04-16,job_analysis,Finance Analyst,5,5,0,1.0,2032.2,8556
2026-04-16,job_analysis,Product Manager,5,5,0,1.0,2072.2,7662
2026-04-16,job_analysis,Software Engineer,10,10,0,1.0,1640.4,13995
2026-04-16,job_analysis,UX Designer,13,13,0,1.0,1719.0,18787
2026-04-16,mock_interview,Finance Analyst,3,3,0,1.0,1821.67,4170
2026-04-16,mock_interview,Product Manager,2,2,0,1.0,1929.0,2522
2026-04-16,mock_interview,Software Engineer,3,3,0,1.0,2010.0,4371
2026-04-16,mock_interview,UX Designer,2,2,0,1.0,1914.0,2838
2026-04-16,prep_plan,Data Analyst,6,6,0,1.0,2006.33,7941
2026-04-16,prep_plan,Finance Analyst,8,7,1,0.875,1761.88,11247
2026-04-16,prep_plan,Product Manager,6,5,1,0.8333,1256.0,7929
2026-04-16,prep_plan,Software Engineer,2,2,0,1.0,1880.5,3514
2026-04-16,prep_plan,UX Designer,4,4,0,1.0,1629.0,6099
2026-04-16,study_notes,Data Analyst,31,29,2,0.9355,2061.52,56199
2026-04-16,study_notes,Finance Analyst,55,54,1,0.9818,2086.55,101040
2026-04-16,study_notes,Product Manager,38,38,0,1.0,2239.76,72491
2026-04-16,study_notes,Software Engineer,44,42,2,0.9545,2167.05,78163
2026-04-16,study_notes,UX Designer,29,28,1,0.9655,2178.17,52747
2026-04-17,exam_generation,Data Analyst,9,9,0,1.0,1693.56,12959
2026-04-17,exam_generation,Finance Analyst,11,10,1,0.9091,1831.91,16908
2026-04-17,exam_generation,Product Manager,11,10,1,0.9091,1677.91,16373
2026-04-17,exam_generation,Software Engineer,7,7,0,1.0,1610.57,10212
2026-04-17,exam_generation,UX Designer,7,7,0,1.0,1278.43,9915
2026-04-17,job_analysis,Data Analyst,10,9,1,0.9,1571.8,14430
2026-04-17,job_analysis,Finance Analyst,5,4,1,0.8,1720.4,6487
2026-04-17,job_analysis,Product Manager,10,9,1,0.9,1726.2,13214
2026-04-17,job_analysis,Software Engineer,13,13,0,1.0,1558.77,22304
2026-04-17,job_analysis,UX Designer,6,6,0,1.0,1913.17,9424
2026-04-17,mock_interview,Data Analyst,5,4,1,0.8,1340.0,6014
2026-04-17,mock_interview,Finance Analyst,2,2,0,1.0,1019.5,2462
2026-04-17,mock_interview,Product Manager,1,1,0,1.0,1908.0,1390
2026-04-17,mock_interview,Software Engineer,2,2,0,1.0,1584.5,2777
2026-04-17,mock_interview,UX Designer,1,1,0,1.0,2464.0,1358
2026-04-17,prep_plan,Data Analyst,5,5,0,1.0,1431.2,7579
2026-04-17,prep_plan,Finance Analyst,3,3,0,1.0,1298.0,4229
2026-04-17,prep_plan,Product Manager,6,6,0,1.0,1867.5,7909
2026-04-17,prep_plan,Software Engineer,6,6,0,1.0,1855.33,9384
2026-04-17,prep_plan,UX Designer,1,1,0,1.0,2549.0,1857
2026-04-17,study_notes,Data Analyst,38,35,3,0.9211,2071.42,66119
2026-04-17,study_notes,Finance Analyst,52,49,3,0.9423,2015.13,95601
2026-04-17,study_notes,Product Manager,43,43,0,1.0,2246.84,80021
2026-04-17,study_notes,Software Engineer,42,38,4,0.9048,2248.76,76769
2026-04-17,study_notes,UX Designer,40,37,3,0.925,2181.07,72014
2026-04-18,exam_generation,Data Analyst,8,8,0,1.0,1488.75,11322
2026-04-18,exam_generation,Finance Analyst,15,14,1,0.9333,1648.0,21123
2026-04-18,exam_generation,Product Manager,6,6,0,1.0,1347.17,9223
2026-04-18,exam_generation,Software Engineer,9,8,1,0.8889,1762.56,12404
2026-04-18,exam_generation,UX Designer,12,11,1,0.9167,1448.67,16386
2026-04-18,job_analysis,Data Analyst,4,4,0,1.0,1301.5,6475
2026-04-18,job_analysis,Finance Analyst,4,4,0,1.0,1397.0,7387
2026-04-18,job_analysis,Product Manager,5,5,0,1.0,1684.2,7923
2026-04-18,job_analysis,Software Engineer,6,5,1,0.8333,1808.0,8126
2026-04-18,job_analysis,UX Designer,8,7,1,0.875,1593.75,12160
2026-04-18,mock_interview,Data Analyst,1,1,0,1.0,1775.0,1118
2026-04-18,mock_interview,Product Manager,3,3,0,1.0,1265.0,3988
2026-04-18,mock_interview,UX Designer,1,1,0,1.0,2300.0,1938
2026-04-18,prep_plan,Data Analyst,6,6,0,1.0,1921.17,9264
2026-04-18,prep_plan,Finance Analyst,6,6,0,1.0,1570.0,10944
2026-04-18,prep_plan,Product Manager,6,6,0,1.0,1564.67,7295
2026-04-18,prep_plan,Software Engineer,9,9,0,1.0,1720.78,13106
2026-04-18,prep_plan,UX Designer,10,9,1,0.9,1862.4,14842
2026-04-18,study_notes,Data Analyst,41,40,1,0.9756,2186.78,72052
2026-04-18,study_notes,Finance Analyst,62,62,0,1.0,2122.42,116337
2026-04-18,study_notes,Product Manager,43,41,2,0.9535,2143.49,79122
2026-04-18,study_notes,Software Engineer,40,37,3,0.925,2150.45,72375
2026-04-18,study_notes,UX Designer,42,40,2,0.9524,2216.69,74458
2026-04-19,exam_generation,Data Analyst,10,10,0,1.0,1643.5,14637
2026-04-19,exam_generation,Finance Analyst,9,9,0,1.0,1824.22,13812
2026-04-19,exam_generation,Product Manager,3,3,0,1.0,2053.33,6060
2026-04-19,exam_generation,Software Engineer,14,14,0,1.0,1612.21,20718
2026-04-19,exam_generation,UX Designer,9,9,0,1.0,1638.22,13003
2026-04-19,job_analysis,Data Analyst,8,8,0,1.0,1682.5,13256
2026-04-19,job_analysis,Finance Analyst,6,5,1,0.8333,1663.17,7316
2026-04-19,job_analysis,Product Manager,4,3,1,0.75,2168.25,5401
2026-04-19,job_analysis,Software Engineer,10,10,0,1.0,1732.4,14754
2026-04-19,job_analysis,UX Designer,14,13,1,0.9286,1657.29,20580
2026-04-19,mock_interview,Data Analyst,2,1,1,0.5,1536.5,1369
2026-04-19,mock_interview,Finance Analyst,3,3,0,1.0,2262.33,4879
2026-04-19,mock_interview,Product Manager,1,1,0,1.0,2741.0,1268
2026-04-19,mock_interview,Software Engineer,3,2,1,0.6667,1591.67,4017
2026-04-19,prep_plan,Data Analyst,5,4,1,0.8,1593.8,6777
2026-04-19,prep_plan,Finance Analyst,3,3,0,1.0,1587.33,4917
2026-04-19,prep_plan,Product Manager,4,4,0,1.0,1700.0,5136
2026-04-19,prep_plan,Software Engineer,4,4,0,1.0,1537.25,4904
2026-04-19,prep_plan,UX Designer,12,12,0,1.0,1343.67,17097
2026-04-19,study_notes,Data Analyst,42,42,0,1.0,2041.1,80787
2026-04-19,study_notes,Finance Analyst,40,37,3,0.925,2100.9,74191
2026-04-19,study_notes,Product Manager,38,36,2,0.9474,2245.21,69737
2026-04-19,study_notes,Software Engineer,51,51,0,1.0,2116.84,93704
2026-04-19,study_notes,UX Designer,43,43,0,1.0,2117.44,79881
2026-04-20,exam_generation,Data Analyst,4,4,0,1.0,1554.75,6177
2026-04-20,exam_generation,Finance Analyst,6,5,1,0.8333,1709.67,7392
2026-04-20,exam_generation,Product Manager,8,8,0,1.0,1605.5,12648
2026-04-20,exam_generation,Software Engineer,7,7,0,1.0,2022.43,9697
2026-04-20,exam_generation,UX Designer,11,10,1,0.9091,2071.55,15186
2026-04-20,job_analysis,Data Analyst,5,3,2,0.6,1807.4,6243
2026-04-20,job_analysis,Finance Analyst,6,6,0,1.0,1643.33,9301
2026-04-20,job_analysis,Product Manager,3,2,1,0.6667,1916.0,3373
2026-04-20,job_analysis,Software Engineer,12,10,2,0.8333,1568.5,15880
2026-04-20,job_analysis,UX Designer,13,13,0,1.0,1745.54,20320
2026-04-20,mock_interview,Finance Analyst,4,4,0,1.0,1292.0,5911
2026-04-20,mock_interview,Software Engineer,1,1,0,1.0,843.0,1023
2026-04-20,mock_interview,UX Designer,1,1,0,1.0,882.0,1221
2026-04-20,prep_plan,Data Analyst,5,5,0,1.0,1562.4,6911
2026-04-20,prep_plan,Product Manager,3,3,0,1.0,1147.33,4249
2026-04-20,prep_plan,Software Engineer,4,3,1,0.75,1557.25,5974
2026-04-20,prep_plan,UX Designer,7,7,0,1.0,1968.71,10616
2026-04-20,study_notes,Data Analyst,45,43,2,0.9556,2249.56,80713
2026-04-20,study_notes,Finance Analyst,42,40,2,0.9524,2218.86,78274
2026-04-20,study_notes,Product Manager,50,47,3,0.94,2102.68,91606
2026-04-20,study_notes,Software Engineer,40,39,1,0.975,2090.2,74218
2026-04-20,study_notes,UX Designer,38,37,1,0.9737,2082.89,64696
2026-04-21,exam_generation,Data Analyst,9,9,0,1.0,1696.44,12668
2026-04-21,exam_generation,Finance Analyst,8,8,0,1.0,1565.0,11522
2026-04-21,exam_generation,Product Manager,4,3,1,0.75,1926.0,4954
2026-04-21,exam_generation,Software Engineer,13,13,0,1.0,1562.69,20785
2026-04-21,exam_generation,UX Designer,7,6,1,0.8571,1590.43,9191
2026-04-21,job_analysis,Data Analyst,10,7,3,0.7,1759.5,11992
2026-04-21,job_analysis,Finance Analyst,10,10,0,1.0,1966.3,14731
2026-04-21,job_analysis,Product Manager,2,2,0,1.0,2136.5,2369
2026-04-21,job_analysis,Software Engineer,8,8,0,1.0,1875.38,13257
2026-04-21,job_analysis,UX Designer,4,4,0,1.0,1706.0,5895
2026-04-21,mock_interview,Finance Analyst,1,1,0,1.0,1745.0,1254
2026-04-21,mock_interview,Product Manager,2,2,0,1.0,1771.5,2704
2026-04-21,mock_interview,UX Designer,1,1,0,1.0,1587.0,1669
2026-04-21,prep_plan,Data Analyst,3,3,0,1.0,1522.33,4298
2026-04-21,prep_plan,Finance Analyst,4,4,0,1.0,2082.5,6060
2026-04-21,prep_plan,Software Engineer,7,7,0,1.0,1591.14,11665
2026-04-21,prep_plan,UX Designer,4,3,1,0.75,1589.75,4807
2026-04-21,study_notes,Data Analyst,46,45,1,0.9783,2245.54,84287
2026-04-21,study_notes,Finance Analyst,38,36,2,0.9474,2066.42,69120
2026-04-21,study_notes,Product Manager,35,35,0,1.0,2073.8,68658
2026-04-21,study_notes,Software Engineer,45,44,1,0.9778,2281.07,86112
2026-04-21,study_notes,UX Designer,53,52,1,0.9811,2076.08,100684
2026-04-22,exam_generation,Data Analyst,8,8,0,1.0,1698.75,11597
2026-04-22,exam_generation,Finance Analyst,7,7,0,1.0,1779.71,10662
2026-04-22,exam_generation,Product Manager,7,6,1,0.8571,1775.14,9857
2026-04-22,exam_generation,Software Engineer,12,12,0,1.0,1487.75,18713
2026-04-22,exam_generation,UX Designer,7,6,1,0.8571,1558.14,9731
2026-04-22,job_analysis,Data Analyst,15,13,2,0.8667,1501.2,21444
2026-04-22,job_analysis,Finance Analyst,11,11,0,1.0,1764.45,17606
2026-04-22,job_analysis,Product Manager,7,6,1,0.8571,1577.71,10036
2026-04-22,job_analysis,Software Engineer,11,11,0,1.0,1440.18,17389
2026-04-22,job_analysis,UX Designer,7,7,0,1.0,1909.14,9708
2026-04-22,mock_interview,Data Analyst,3,3,0,1.0,1798.0,4784
2026-04-22,mock_interview,Finance Analyst,2,2,0,1.0,1700.0,3366
2026-04-22,mock_interview,Product Manager,3,2,1,0.6667,1393.67,3808
2026-04-22,mock_interview,Software Engineer,2,2,0,1.0,2013.0,3105
2026-04-22,prep_plan,Data Analyst,9,9,0,1.0,2028.22,13268
2026-04-22,prep_plan,Finance Analyst,6,5,1,0.8333,1266.0,8382
2026-04-22,prep_plan,Product Manager,2,2,0,1.0,939.0,2728
2026-04-22,prep_plan,Software Engineer,8,8,0,1.0,1924.62,13295
2026-04-22,prep_plan,UX Designer,5,5,0,1.0,1396.4,6029
2026-04-22,study_notes,Data Analyst,46,42,4,0.913,2270.98,81411
2026-04-22,study_notes,Finance Analyst,36,35,1,0.9722,2250.06,68442
2026-04-22,study_notes,Product Manager,35,34,1,0.9714,2169.83,62822
2026-04-22,study_notes,Software Engineer,35,34,1,0.9714,2218.34,64241
2026-04-22,study_notes,UX Designer,46,43,3,0.9348,2016.89,79788
2026-04-23,exam_generation,Data Analyst,13,13,0,1.0,1757.92,18663
2026-04-23,exam_generation,Finance Analyst,5,5,0,1.0,1821.4,7948
2026-04-23,exam_generation,Product Manager,8,8,0,1.0,1761.5,12266
2026-04-23,exam_generation,Software Engineer,7,5,2,0.7143,1695.57,9673
2026-04-23,exam_generation,UX Designer,10,9,1,0.9,1432.5,14183
2026-04-23,job_analysis,Data Analyst,5,4,1,0.8,1767.8,6127
2026-04-23,job_analysis,Finance Analyst,8,8,0,1.0,1086.75,12821
2026-04-23,job_analysis,Product Manager,13,13,0,1.0,1574.85,19593
2026-04-23,job_analysis,Software Engineer,6,5,1,0.8333,1552.83,7749
2026-04-23,job_analysis,UX Designer,9,9,0,1.0,1771.33,14389
2026-04-23,mock_interview,Data Analyst,1,1,0,1.0,1952.0,1828
2026-04-23,mock_interview,Software Engineer,2,2,0,1.0,993.5,3488
2026-04-23,mock_interview,UX Designer,2,2,0,1.0,2129.5,3098
2026-04-23,prep_plan,Data Analyst,6,5,1,0.8333,1854.67,7945
2026-04-23,prep_plan,Finance Analyst,9,8,1,0.8889,1442.56,12542
2026-04-23,prep_plan,Product Manager,4,3,1,0.75,2350.25,5525
2026-04-23,prep_plan,Software Engineer,9,9,0,1.0,1610.33,14135
2026-04-23,prep_plan,UX Designer,6,6,0,1.0,2148.5,8205
2026-04-23,study_notes,Data Analyst,40,36,4,0.9,2259.95,70010
2026-04-23,study_notes,Finance Analyst,49,43,6,0.8776,2132.2,84968
2026-04-23,study_notes,Product Manager,41,40,1,0.9756,2103.07,78694
2026-04-23,study_notes,Software Engineer,47,43,4,0.9149,2127.36,84114
2026-04-23,study_notes,UX Designer,40,37,3,0.925,2178.72,70204
2026-04-24,exam_generation,Data Analyst,5,4,1,0.8,1624.0,6469
2026-04-24,exam_generation,Finance Analyst,7,6,1,0.8571,1784.14,9006
2026-04-24,exam_generation,Product Manager,8,8,0,1.0,1230.25,11196
2026-04-24,exam_generation,Software Engineer,10,10,0,1.0,1774.6,15340
2026-04-24,exam_generation,UX Designer,6,5,1,0.8333,1923.33,8751
2026-04-24,job_analysis,Data Analyst,8,7,1,0.875,2011.38,10355
2026-04-24,job_analysis,Finance Analyst,5,5,0,1.0,1686.0,7882
2026-04-24,job_analysis,Product Manager,9,9,0,1.0,1573.56,13783
2026-04-24,job_analysis,Software Engineer,10,10,0,1.0,1365.1,14873
2026-04-24,job_analysis,UX Designer,8,8,0,1.0,1271.38,11091
2026-04-24,mock_interview,Data Analyst,2,2,0,1.0,1634.5,3297
2026-04-24,mock_interview,Finance Analyst,1,1,0,1.0,1489.0,1978
2026-04-24,mock_interview,Product Manager,1,1,0,1.0,1905.0,1237
2026-04-24,mock_interview,UX Designer,1,1,0,1.0,2158.0,1910
2026-04-24,prep_plan,Data Analyst,4,3,1,0.75,1699.25,5316
2026-04-24,prep_plan,Finance Analyst,8,8,0,1.0,1904.88,12564
2026-04-24,prep_plan,Product Manager,8,6,2,0.75,1720.25,10231
2026-04-24,prep_plan,Software Engineer,2,2,0,1.0,2024.5,3095
2026-04-24,prep_plan,UX Designer,3,3,0,1.0,1378.67,4071
2026-04-24,study_notes,Data Analyst,41,39,2,0.9512,2008.9,76252
2026-04-24,study_notes,Finance Analyst,39,38,1,0.9744,2162.15,68994
2026-04-24,study_notes,Product Manager,24,23,1,0.9583,2026.54,44031
2026-04-24,study_notes,Software Engineer,53,51,2,0.9623,2103.04,97028
2026-04-24,study_notes,UX Designer,39,38,1,0.9744,2243.21,70815
2026-04-25,exam_generation,Data Analyst,9,9,0,1.0,1669.11,12626
2026-04-25,exam_generation,Finance Analyst,11,11,0,1.0,1613.45,17262
2026-04-25,exam_generation,Product Manager,9,9,0,1.0,1528.56,13821
2026-04-25,exam_generation,Software Engineer,6,5,1,0.8333,1740.0,9230
2026-04-25,exam_generation,UX Designer,17,17,0,1.0,1678.0,24193
2026-04-25,job_analysis,Data Analyst,13,12,1,0.9231,1725.15,18869
2026-04-25,job_analysis,Finance Analyst,8,8,0,1.0,1465.62,11828
2026-04-25,job_analysis,Product Manager,2,2,0,1.0,1500.0,3350
2026-04-25,job_analysis,Software Engineer,8,8,0,1.0,1934.5,11982
2026-04-25,job_analysis,UX Designer,4,4,0,1.0,1767.75,6332
2026-04-25,mock_interview,Product Manager,2,2,0,1.0,2286.0,2682
2026-04-25,mock_interview,Software Engineer,3,3,0,1.0,1176.33,4177
2026-04-25,mock_interview,UX Designer,2,2,0,1.0,2214.0,3463
2026-04-25,prep_plan,Data Analyst,4,4,0,1.0,1748.5,6390
2026-04-25,prep_plan,Finance Analyst,4,4,0,1.0,1450.5,5466
2026-04-25,prep_plan,Product Manager,1,1,0,1.0,976.0,1603
2026-04-25,prep_plan,Software Engineer,9,8,1,0.8889,1663.67,12188
2026-04-25,prep_plan,UX Designer,6,6,0,1.0,2014.0,8476
2026-04-25,study_notes,Data Analyst,34,31,3,0.9118,2202.47,59807
2026-04-25,study_notes,Finance Analyst,37,35,2,0.9459,2040.14,65499
2026-04-25,study_notes,Product Manager,24,20,4,0.8333,2158.42,39399
2026-04-25,study_notes,Software Engineer,48,46,2,0.9583,2290.81,86946
2026-04-25,study_notes,UX Designer,58,55,3,0.9483,2125.72,104725
2026-04-26,exam_generation,Data Analyst,5,5,0,1.0,1687.8,7569
2026-04-26,exam_generation,Finance Analyst,16,16,0,1.0,1700.25,24536
2026-04-26,exam_generation,Product Manager,8,8,0,1.0,1511.5,12742
2026-04-26,exam_generation,Software Engineer,5,5,0,1.0,1601.0,8403
2026-04-26,exam_generation,UX Designer,8,8,0,1.0,1430.38,11273
2026-04-26,job_analysis,Data Analyst,14,14,0,1.0,1743.57,22481
2026-04-26,job_analysis,Finance Analyst,9,9,0,1.0,1978.44,13498
2026-04-26,job_analysis,Product Manager,6,6,0,1.0,1519.67,10318
2026-04-26,job_analysis,Software Engineer,7,7,0,1.0,1361.29,11816
2026-04-26,job_analysis,UX Designer,10,10,0,1.0,1712.4,15481
2026-04-26,mock_interview,Data Analyst,1,1,0,1.0,380.0,1396
2026-04-26,mock_interview,Finance Analyst,1,1,0,1.0,1127.0,1590
2026-04-26,mock_interview,Software Engineer,1,1,0,1.0,1847.0,1947
2026-04-26,mock_interview,UX Designer,1,1,0,1.0,1791.0,1283
2026-04-26,prep_plan,Data Analyst,6,5,1,0.8333,1931.17,8514
2026-04-26,prep_plan,Finance Analyst,4,4,0,1.0,1571.25,6268
2026-04-26,prep_plan,Product Manager,4,4,0,1.0,1490.25,4681
2026-04-26,prep_plan,Software Engineer,3,3,0,1.0,2198.33,4479
2026-04-26,prep_plan,UX Designer,5,5,0,1.0,1738.6,7118
2026-04-26,study_notes,Data Analyst,60,53,7,0.8833,2280.17,103925
2026-04-26,study_notes,Finance Analyst,38,37,1,0.9737,2184.37,67291
2026-04-26,study_notes,Product Manager,30,29,1,0.9667,2153.87,54906
2026-04-26,study_notes,Software Engineer,44,40,4,0.9091,2195.27,78048
2026-04-26,study_notes,UX Designer,42,40,2,0.9524,2122.21,76509
2026-04-27,exam_generation,Data Analyst,11,11,0,1.0,1804.45,17518
2026-04-27,exam_generation,Finance Analyst,2,2,0,1.0,1414.5,2763
2026-04-27,exam_generation,Product Manager,6,6,0,1.0,1759.67,8456
2026-04-27,exam_generation,Software Engineer,11,10,1,0.9091,1751.55,15159
2026-04-27,exam_generation,UX Designer,9,9,0,1.0,1563.56,13015
2026-04-27,job_analysis,Data Analyst,13,13,0,1.0,1776.23,18747
2026-04-27,job_analysis,Finance Analyst,7,7,0,1.0,1785.71,11026
2026-04-27,job_analysis,Product Manager,8,8,0,1.0,1402.12,11843
2026-04-27,job_analysis,Software Engineer,6,6,0,1.0,1382.33,8373
2026-04-27,job_analysis,UX Designer,7,5,2,0.7143,1790.43,10117
2026-04-27,mock_interview,Data Analyst,3,3,0,1.0,1104.0,3879
2026-04-27,mock_interview,Finance Analyst,2,2,0,1.0,1766.5,3862
2026-04-27,mock_interview,UX Designer,2,2,0,1.0,1172.5,2742
2026-04-27,prep_plan,Data Analyst,13,12,1,0.9231,1617.54,19394
2026-04-27,prep_plan,Finance Analyst,11,11,0,1.0,1594.73,15470
2026-04-27,prep_plan,Product Manager,5,5,0,1.0,1890.4,6812
2026-04-27,prep_plan,Software Engineer,3,2,1,0.6667,1064.33,4234
2026-04-27,prep_plan,UX Designer,3,3,0,1.0,1585.67,4521
2026-04-27,study_notes,Data Analyst,48,46,2,0.9583,2113.25,88178
2026-04-27,study_notes,Finance Analyst,44,43,1,0.9773,2257.82,81075
2026-04-27,study_notes,Product Manager,35,29,6,0.8286,2170.29,57399
2026-04-27,study_notes,Software Engineer,51,50,1,0.9804,2100.49,96032
2026-04-27,study_notes,UX Designer,55,53,2,0.9636,2197.2,104116
2026-04-28,exam_generation,Data Analyst,12,12,0,1.0,1639.92,19518
2026-04-28,exam_generation,Finance Analyst,9,9,0,1.0,1503.78,13042
2026-04-28,exam_generation,Product Manager,9,8,1,0.8889,1730.11,11964
2026-04-28,exam_generation,Software Engineer,9,9,0,1.0,1683.44,13111
2026-04-28,exam_generation,UX Designer,7,7,0,1.0,1943.43,9461
2026-04-28,job_analysis,Data Analyst,16,15,1,0.9375,1892.94,24649
2026-04-28,job_analysis,Finance Analyst,11,10,1,0.9091,1875.91,16275
2026-04-28,job_analysis,Product Manager,8,8,0,1.0,1746.75,13742
2026-04-28,job_analysis,Software Engineer,8,7,1,0.875,1560.0,11088
2026-04-28,job_analysis,UX Designer,4,4,0,1.0,1628.75,5306
2026-04-28,mock_interview,Finance Analyst,1,1,0,1.0,2010.0,1169
2026-04-28,mock_interview,Product Manager,1,1,0,1.0,2364.0,1343
2026-04-28,mock_interview,Software Engineer,1,0,1,0.0,1815.0,679
2026-04-28,mock_interview,UX Designer,5,5,0,1.0,1575.2,7193
2026-04-28,prep_plan,Data Analyst,8,8,0,1.0,1414.0,12162
2026-04-28,prep_plan,Finance Analyst,2,2,0,1.0,1470.5,2821
2026-04-28,prep_plan,Product Manager,3,3,0,1.0,1895.33,4334
2026-04-28,prep_plan,Software Engineer,3,3,0,1.0,2096.0,3844
2026-04-28,prep_plan,UX Designer,6,6,0,1.0,1230.0,9065
2026-04-28,study_notes,Data Analyst,51,49,2,0.9608,2283.22,91209
2026-04-28,study_notes,Finance Analyst,43,41,2,0.9535,2104.44,80316
2026-04-28,study_notes,Product Manager,33,33,0,1.0,2201.12,61003
2026-04-28,study_notes,Software Engineer,52,51,1,0.9808,2144.63,97214
2026-04-28,study_notes,UX Designer,42,41,1,0.9762,2173.98,78996
2026-04-29,exam_generation,Data Analyst,7,7,0,1.0,1900.29,11293
2026-04-29,exam_generation,Finance Analyst,7,7,0,1.0,1864.57,10886
2026-04-29,exam_generation,Product Manager,6,5,1,0.8333,1441.33,10336
2026-04-29,exam_generation,Software Engineer,8,7,1,0.875,1305.5,11509
2026-04-29,exam_generation,UX Designer,8,7,1,0.875,1835.12,11017
2026-04-29,job_analysis,Data Analyst,10,8,2,0.8,1649.7,13150
2026-04-29,job_analysis,Finance Analyst,11,10,1,0.9091,1338.64,16628
2026-04-29,job_analysis,Product Manager,5,5,0,1.0,1651.8,7471
2026-04-29,job_analysis,Software Engineer,9,8,1,0.8889,1613.0,12376
2026-04-29,job_analysis,UX Designer,11,10,1,0.9091,1936.64,15399
2026-04-29,mock_interview,Data Analyst,3,3,0,1.0,1743.67,3297
2026-04-29,mock_interview,Finance Analyst,2,2,0,1.0,2171.0,3061
2026-04-29,mock_interview,Software Engineer,4,4,0,1.0,1239.5,6631
2026-04-29,mock_interview,UX Designer,2,2,0,1.0,1342.5,2416
2026-04-29,prep_plan,Data Analyst,11,11,0,1.0,1744.55,16218
2026-04-29,prep_plan,Finance Analyst,7,7,0,1.0,1755.0,10047
2026-04-29,prep_plan,Product Manager,4,4,0,1.0,1442.5,6003
2026-04-29,prep_plan,Software Engineer,4,4,0,1.0,1549.25,5426
2026-04-29,prep_plan,UX Designer,4,4,0,1.0,1801.5,6652
2026-04-29,study_notes,Data Analyst,60,58,2,0.9667,2116.5,112403
2026-04-29,study_notes,Finance Analyst,52,51,1,0.9808,2123.17,95020
2026-04-29,study_notes,Product Manager,36,35,1,0.9722,2147.53,67531
2026-04-29,study_notes,Software Engineer,52,51,1,0.9808,2151.12,97198
2026-04-29,study_notes,UX Designer,42,40,2,0.9524,2165.12,74420
2026-04-30,exam_generation,Data Analyst,7,6,1,0.8571,1694.71,8570
2026-04-30,exam_generation,Finance Analyst,13,12,1,0.9231,1862.15,17564
2026-04-30,exam_generation,Product Manager,9,9,0,1.0,1721.67,12888
2026-04-30,exam_generation,Software Engineer,6,6,0,1.0,1828.67,8925
2026-04-30,exam_generation,UX Designer,11,9,2,0.8182,1500.82,14105
2026-04-30,job_analysis,Data Analyst,5,5,0,1.0,1620.8,6287
2026-04-30,job_analysis,Finance Analyst,9,8,1,0.8889,1619.11,12662
2026-04-30,job_analysis,Product Manager,5,5,0,1.0,2089.0,6826
2026-04-30,job_analysis,Software Engineer,4,4,0,1.0,1751.0,5865
2026-04-30,job_analysis,UX Designer,14,13,1,0.9286,1771.21,20451
2026-04-30,mock_interview,Data Analyst,2,2,0,1.0,1669.5,3484
2026-04-30,mock_interview,Finance Analyst,3,2,1,0.6667,2096.67,4627
2026-04-30,mock_interview,Software Engineer,4,3,1,0.75,1378.75,6298
2026-04-30,mock_interview,UX Designer,2,2,0,1.0,2097.5,2962
2026-04-30,prep_plan,Data Analyst,11,10,1,0.9091,1804.45,15777
2026-04-30,prep_plan,Finance Analyst,6,6,0,1.0,1906.33,8459
2026-04-30,prep_plan,Product Manager,4,4,0,1.0,1756.25,6570
2026-04-30,prep_plan,Software Engineer,7,6,1,0.8571,1580.57,10508
2026-04-30,prep_plan,UX Designer,7,7,0,1.0,1666.0,10818
2026-04-30,study_notes,Data Analyst,69,66,3,0.9565,2109.0,126934
2026-04-30,study_notes,Finance Analyst,47,43,4,0.9149,2134.0,86789
2026-04-30,study_notes,Product Manager,34,33,1,0.9706,1960.5,59455
2026-04-30,study_notes,Software Engineer,55,50,5,0.9091,2162.45,99226
2026-04-30,study_notes,UX Designer,40,38,2,0.95,2109.72,73517
2026-05-01,exam_generation,Data Analyst,9,9,0,1.0,1428.33,13817
2026-05-01,exam_generation,Finance Analyst,10,10,0,1.0,1656.2,13424
2026-05-01,exam_generation,Product Manager,8,7,1,0.875,1539.88,11313
2026-05-01,exam_generation,Software Engineer,3,3,0,1.0,1305.67,4638
2026-05-01,exam_generation,UX Designer,7,7,0,1.0,1693.14,10609
2026-05-01,job_analysis,Data Analyst,6,5,1,0.8333,1061.5,7493
2026-05-01,job_analysis,Finance Analyst,12,12,0,1.0,1490.0,17429
2026-05-01,job_analysis,Product Manager,12,12,0,1.0,1782.83,17477
2026-05-01,job_analysis,Software Engineer,7,6,1,0.8571,1767.0,10043
2026-05-01,job_analysis,UX Designer,5,5,0,1.0,1441.2,6642
2026-05-01,mock_interview,Data Analyst,2,2,0,1.0,2221.0,3152
2026-05-01,mock_interview,Finance Analyst,1,1,0,1.0,1997.0,1681
2026-05-01,mock_interview,Product Manager,1,1,0,1.0,1774.0,1686
2026-05-01,mock_interview,Software Engineer,3,3,0,1.0,1797.0,4940
2026-05-01,mock_interview,UX Designer,1,1,0,1.0,2313.0,1577
2026-05-01,prep_plan,Data Analyst,8,7,1,0.875,1941.62,11552
2026-05-01,prep_plan,Finance Analyst,13,13,0,1.0,1674.23,20817
2026-05-01,prep_plan,Product Manager,3,3,0,1.0,1493.67,4974
2026-05-01,prep_plan,Software Engineer,4,4,0,1.0,1690.25,5927
2026-05-01,prep_plan,UX Designer,8,8,0,1.0,1840.12,12141
2026-05-01,study_notes,Data Analyst,47,45,2,0.9574,2184.55,86477
2026-05-01,study_notes,Finance Analyst,59,55,4,0.9322,2175.66,108861
2026-05-01,study_notes,Product Manager,33,31,2,0.9394,2197.91,61236
2026-05-01,study_notes,Software Engineer,44,42,2,0.9545,2201.52,82372
2026-05-01,study_notes,UX Designer,48,47,1,0.9792,2112.31,88814
2026-05-02,exam_generation,Data Analyst,15,15,0,1.0,1810.8,21055
2026-05-02,exam_generation,Finance Analyst,14,14,0,1.0,1687.5,22207
2026-05-02,exam_generation,Product Manager,8,8,0,1.0,1407.5,12831
2026-05-02,exam_generation,Software Engineer,13,13,0,1.0,1691.69,18503
2026-05-02,exam_generation,UX Designer,6,6,0,1.0,2143.17,9507
2026-05-02,job_analysis,Data Analyst,10,10,0,1.0,1747.2,15075
2026-05-02,job_analysis,Finance Analyst,7,6,1,0.8571,1228.14,10978
2026-05-02,job_analysis,Product Manager,8,8,0,1.0,1419.38,12209
2026-05-02,job_analysis,Software Engineer,7,7,0,1.0,1539.29,11460
2026-05-02,job_analysis,UX Designer,8,7,1,0.875,1397.88,11402
2026-05-02,mock_interview,Data Analyst,1,1,0,1.0,3036.0,1960
2026-05-02,mock_interview,Finance Analyst,1,1,0,1.0,1146.0,1221
2026-05-02,mock_interview,Product Manager,2,2,0,1.0,1581.0,2727
2026-05-02,mock_interview,Software Engineer,2,2,0,1.0,1054.0,2456
2026-05-02,mock_interview,UX Designer,1,1,0,1.0,384.0,1605
2026-05-02,prep_plan,Data Analyst,3,3,0,1.0,1820.33,3533
2026-05-02,prep_plan,Finance Analyst,5,5,0,1.0,1752.4,7734
2026-05-02,prep_plan,Product Manager,4,3,1,0.75,1986.75,6030
2026-05-02,prep_plan,Software Engineer,4,4,0,1.0,1543.25,6372
2026-05-02,prep_plan,UX Designer,2,2,0,1.0,1474.0,3753
2026-05-02,study_notes,Data Analyst,70,65,5,0.9286,2161.9,124557
2026-05-02,study_notes,Finance Analyst,66,61,5,0.9242,2065.77,122291
2026-05-02,study_notes,Product Manager,30,29,1,0.9667,2016.0,54281
2026-05-02,study_notes,Software Engineer,40,38,2,0.95,2032.03,71931
2026-05-02,study_notes,UX Designer,41,38,3,0.9268,2126.12,72354
2026-05-03,exam_generation,Data Analyst,8,7,1,0.875,1981.75,12440
2026-05-03,exam_generation,Finance Analyst,3,3,0,1.0,1967.0,4685
2026-05-03,exam_generation,Product Manager,3,2,1,0.6667,1619.0,4411
2026-05-03,exam_generation,Software Engineer,10,10,0,1.0,1606.7,14404
2026-05-03,exam_generation,UX Designer,7,7,0,1.0,1552.0,10224
2026-05-03,job_analysis,Data Analyst,11,11,0,1.0,1772.55,16816
2026-05-03,job_analysis,Finance Analyst,9,8,1,0.8889,1941.22,13407
2026-05-03,job_analysis,Product Manager,5,5,0,1.0,1682.6,6817
2026-05-03,job_analysis,Software Engineer,11,11,0,1.0,1756.0,15392
2026-05-03,job_analysis,UX Designer,9,9,0,1.0,1379.56,13130
2026-05-03,mock_interview,Data Analyst,3,3,0,1.0,1881.67,4758
2026-05-03,mock_interview,Finance Analyst,3,3,0,1.0,1695.67,4480
2026-05-03,mock_interview,Product Manager,1,1,0,1.0,940.0,1647
2026-05-03,mock_interview,Software Engineer,2,2,0,1.0,1629.5,3213
2026-05-03,mock_interview,UX Designer,2,2,0,1.0,1506.5,2579
2026-05-03,prep_plan,Data Analyst,5,5,0,1.0,1348.4,6022
2026-05-03,prep_plan,Finance Analyst,6,6,0,1.0,1518.67,8107
2026-05-03,prep_plan,Product Manager,11,10,1,0.9091,1686.55,16183
2026-05-03,prep_plan,Software Engineer,5,5,0,1.0,2054.0,7084
2026-05-03,prep_plan,UX Designer,5,5,0,1.0,1364.4,7030
2026-05-03,study_notes,Data Analyst,53,52,1,0.9811,2108.15,94893
2026-05-03,study_notes,Finance Analyst,57,55,2,0.9649,2177.98,105289
2026-05-03,study_notes,Product Manager,30,26,4,0.8667,2141.1,50993
2026-05-03,study_notes,Software Engineer,44,40,4,0.9091,2094.23,76666
2026-05-03,study_notes,UX Designer,52,46,6,0.8846,2129.77,89559
2026-05-04,exam_generation,Data Analyst,12,12,0,1.0,1584.67,18407
2026-05-04,exam_generation,Finance Analyst,9,9,0,1.0,1503.22,13684
2026-05-04,exam_generation,Product Manager,8,8,0,1.0,2021.88,10934
2026-05-04,exam_generation,Software Engineer,6,6,0,1.0,1614.83,9009
2026-05-04,exam_generation,UX Designer,13,13,0,1.0,1794.08,18543
2026-05-04,job_analysis,Data Analyst,6,6,0,1.0,1986.67,8696
2026-05-04,job_analysis,Finance Analyst,12,9,3,0.75,1678.67,15778
2026-05-04,job_analysis,Product Manager,5,5,0,1.0,1456.2,7824
2026-05-04,job_analysis,Software Engineer,13,12,1,0.9231,1448.85,19361
2026-05-04,job_analysis,UX Designer,5,4,1,0.8,1472.8,6981
2026-05-04,mock_interview,Data Analyst,2,2,0,1.0,1342.5,2914
2026-05-04,mock_interview,Finance Analyst,2,2,0,1.0,1119.5,2767
2026-05-04,mock_interview,Software Engineer,1,1,0,1.0,2066.0,1564
2026-05-04,mock_interview,UX Designer,2,2,0,1.0,1340.0,3452
2026-05-04,prep_plan,Data Analyst,7,7,0,1.0,1449.0,11204
2026-05-04,prep_plan,Finance Analyst,3,3,0,1.0,1817.33,3662
2026-05-04,prep_plan,Product Manager,3,3,0,1.0,1167.0,4800
2026-05-04,prep_plan,Software Engineer,7,7,0,1.0,1548.0,11436
2026-05-04,prep_plan,UX Designer,4,4,0,1.0,1589.75,6018
2026-05-04,study_notes,Data Analyst,56,50,6,0.8929,2313.84,100905
2026-05-04,study_notes,Finance Analyst,61,60,1,0.9836,2215.61,114457
2026-05-04,study_notes,Product Manager,26,26,0,1.0,2068.15,48607
2026-05-04,study_notes,Software Engineer,23,21,2,0.913,2246.35,41470
2026-05-04,study_notes,UX Designer,40,39,1,0.975,2235.07,71449
2026-05-05,exam_generation,Data Analyst,20,20,0,1.0,1696.2,29900
2026-05-05,exam_generation,Finance Analyst,11,11,0,1.0,1737.91,18517
2026-05-05,exam_generation,Product Manager,7,7,0,1.0,1467.43,10077
2026-05-05,exam_generation,Software Engineer,6,6,0,1.0,1932.5,8397
2026-05-05,exam_generation,UX Designer,4,4,0,1.0,1570.25,5699
2026-05-05,job_analysis,Data Analyst,6,5,1,0.8333,1966.83,7914
2026-05-05,job_analysis,Finance Analyst,7,7,0,1.0,1519.57,11531
2026-05-05,job_analysis,Product Manager,8,8,0,1.0,1828.12,11716
2026-05-05,job_analysis,Software Engineer,7,7,0,1.0,1234.86,10900
2026-05-05,job_analysis,UX Designer,11,11,0,1.0,1606.18,15304
2026-05-05,mock_interview,Data Analyst,2,2,0,1.0,2084.5,3069
2026-05-05,mock_interview,Product Manager,1,1,0,1.0,1715.0,1185
2026-05-05,mock_interview,Software Engineer,2,2,0,1.0,1232.5,2872
2026-05-05,mock_interview,UX Designer,2,2,0,1.0,1975.0,2573
2026-05-05,prep_plan,Data Analyst,9,8,1,0.8889,1880.22,12913
2026-05-05,prep_plan,Finance Analyst,6,6,0,1.0,1671.5,10722
2026-05-05,prep_plan,Product Manager,2,2,0,1.0,2231.5,2949
2026-05-05,prep_plan,Software Engineer,3,3,0,1.0,1800.67,4701
2026-05-05,prep_plan,UX Designer,5,4,1,0.8,1420.4,6722
2026-05-05,study_notes,Data Analyst,61,58,3,0.9508,2078.87,111435
2026-05-05,study_notes,Finance Analyst,52,51,1,0.9808,2162.06,95696
2026-05-05,study_notes,Product Manager,25,25,0,1.0,2077.0,48964
2026-05-05,study_notes,Software Engineer,44,44,0,1.0,2165.64,84042
2026-05-05,study_notes,UX Designer,37,35,2,0.9459,2306.65,66341
2026-05-06,exam_generation,Data Analyst,9,8,1,0.8889,1559.11,14834
2026-05-06,exam_generation,Finance Analyst,17,15,2,0.8824,1578.06,25034
2026-05-06,exam_generation,Product Manager,8,8,0,1.0,1564.75,11420
2026-05-06,exam_generation,Software Engineer,7,7,0,1.0,1643.29,11075
2026-05-06,exam_generation,UX Designer,7,6,1,0.8571,1740.0,11859
2026-05-06,job_analysis,Data Analyst,10,10,0,1.0,1596.9,14563
2026-05-06,job_analysis,Finance Analyst,13,12,1,0.9231,1545.92,19950
2026-05-06,job_analysis,Product Manager,8,8,0,1.0,1774.88,11513
2026-05-06,job_analysis,Software Engineer,9,9,0,1.0,1394.67,13184
2026-05-06,job_analysis,UX Designer,9,9,0,1.0,1954.11,13903
2026-05-06,mock_interview,Data Analyst,2,2,0,1.0,1649.0,2163
2026-05-06,mock_interview,Finance Analyst,1,1,0,1.0,2509.0,1833
2026-05-06,mock_interview,Product Manager,1,1,0,1.0,2534.0,1302
2026-05-06,mock_interview,Software Engineer,1,0,1,0.0,1733.0,758
2026-05-06,mock_interview,UX Designer,2,2,0,1.0,1889.5,3037
2026-05-06,prep_plan,Data Analyst,4,4,0,1.0,1506.75,6393
2026-05-06,prep_plan,Finance Analyst,8,7,1,0.875,1473.88,11479
2026-05-06,prep_plan,Product Manager,4,4,0,1.0,1426.75,6039
2026-05-06,prep_plan,Software Engineer,10,10,0,1.0,1775.9,13946
2026-05-06,prep_plan,UX Designer,5,5,0,1.0,1696.4,7073
2026-05-06,study_notes,Data Analyst,86,83,3,0.9651,2064.22,155547
2026-05-06,study_notes,Finance Analyst,50,44,6,0.88,2100.68,87435
2026-05-06,study_notes,Product Manager,34,33,1,0.9706,2135.35,61076
2026-05-06,study_notes,Software Engineer,39,35,4,0.8974,2256.23,64643
2026-05-06,study_notes,UX Designer,41,38,3,0.9268,2223.17,73233
2026-05-07,exam_generation,Data Analyst,9,9,0,1.0,1780.22,14845
2026-05-07,exam_generation,Finance Analyst,6,6,0,1.0,2160.33,10404
2026-05-07,exam_generation,Product Manager,6,5,1,0.8333,2044.5,7018
2026-05-07,exam_generation,Software Engineer,12,12,0,1.0,1497.83,17245
2026-05-07,exam_generation,UX Designer,7,7,0,1.0,2104.71,10830
2026-05-07,job_analysis,Data Analyst,9,9,0,1.0,1331.44,13777
2026-05-07,job_analysis,Finance Analyst,8,8,0,1.0,1352.12,12374
2026-05-07,job_analysis,Product Manager,6,6,0,1.0,1379.5,8680
2026-05-07,job_analysis,Software Engineer,7,7,0,1.0,1560.0,10093
2026-05-07,job_analysis,UX Designer,8,6,2,0.75,1423.12,9893
2026-05-07,mock_interview,Data Analyst,1,1,0,1.0,1517.0,1032
2026-05-07,mock_interview,Finance Analyst,2,2,0,1.0,1957.0,3059
2026-05-07,mock_interview,Product Manager,3,3,0,1.0,1976.33,3187
2026-05-07,mock_interview,Software Engineer,2,2,0,1.0,1293.0,2700
2026-05-07,mock_interview,UX Designer,1,1,0,1.0,2019.0,1149
2026-05-07,prep_plan,Data Analyst,6,5,1,0.8333,1341.83,7391
2026-05-07,prep_plan,Finance Analyst,10,10,0,1.0,1564.7,16728
2026-05-07,prep_plan,Product Manager,6,6,0,1.0,1867.5,9197
2026-05-07,prep_plan,Software Engineer,3,3,0,1.0,1151.67,3878
2026-05-07,prep_plan,UX Designer,6,6,0,1.0,1477.0,9640
2026-05-07,study_notes,Data Analyst,60,58,2,0.9667,2129.57,110276
2026-05-07,study_notes,Finance Analyst,60,54,6,0.9,2086.9,105240
2026-05-07,study_notes,Product Manager,26,26,0,1.0,2120.85,47594
2026-05-07,study_notes,Software Engineer,47,45,2,0.9574,2044.72,86032
2026-05-07,study_notes,UX Designer,38,37,1,0.9737,2279.29,69415
2026-05-08,exam_generation,Data Analyst,15,12,3,0.8,1768.2,21461
2026-05-08,exam_generation,Finance Analyst,11,10,1,0.9091,1790.64,16667
2026-05-08,exam_generation,Product Manager,10,10,0,1.0,2035.2,14849
2026-05-08,exam_generation,Software Engineer,14,14,0,1.0,1645.64,20757
2026-05-08,exam_generation,UX Designer,5,5,0,1.0,1734.6,8608
2026-05-08,job_analysis,Data Analyst,3,3,0,1.0,1827.0,4555
2026-05-08,job_analysis,Finance Analyst,12,12,0,1.0,1614.75,18731
2026-05-08,job_analysis,Product Manager,6,6,0,1.0,1657.17,10067
2026-05-08,job_analysis,Software Engineer,11,11,0,1.0,1629.73,15136
2026-05-08,job_analysis,UX Designer,12,11,1,0.9167,1379.0,16558
2026-05-08,mock_interview,Finance Analyst,3,3,0,1.0,1781.67,3869
2026-05-08,mock_interview,UX Designer,1,1,0,1.0,1823.0,1538
2026-05-08,prep_plan,Data Analyst,9,7,2,0.7778,1486.33,11672
2026-05-08,prep_plan,Finance Analyst,2,2,0,1.0,1650.5,2958
2026-05-08,prep_plan,Product Manager,6,6,0,1.0,1674.67,8956
2026-05-08,prep_plan,Software Engineer,7,7,0,1.0,1394.0,9935
2026-05-08,prep_plan,UX Designer,5,4,1,0.8,1656.6,6245
2026-05-08,study_notes,Data Analyst,64,57,7,0.8906,2148.53,113768
2026-05-08,study_notes,Finance Analyst,54,51,3,0.9444,2126.63,98136
2026-05-08,study_notes,Product Manager,39,39,0,1.0,2130.87,73904
2026-05-08,study_notes,Software Engineer,46,42,4,0.913,2220.17,81339
2026-05-08,study_notes,UX Designer,33,31,2,0.9394,2147.21,56531
2026-05-09,exam_generation,Data Analyst,9,9,0,1.0,1348.67,14479
2026-05-09,exam_generation,Finance Analyst,11,10,1,0.9091,1646.55,16272
2026-05-09,exam_generation,Product Manager,5,4,1,0.8,1554.4,7396
2026-05-09,exam_generation,Software Engineer,16,14,2,0.875,1694.5,21910
2026-05-09,exam_generation,UX Designer,8,7,1,0.875,1738.38,10580
2026-05-09,job_analysis,Data Analyst,7,6,1,0.8571,1277.86,8447
2026-05-09,job_analysis,Finance Analyst,3,3,0,1.0,1562.0,4504
2026-05-09,job_analysis,Product Manager,2,1,1,0.5,847.5,2250
2026-05-09,job_analysis,Software Engineer,10,10,0,1.0,1697.8,15249
2026-05-09,job_analysis,UX Designer,9,9,0,1.0,1900.44,13678
2026-05-09,mock_interview,Data Analyst,3,3,0,1.0,1400.67,4523
2026-05-09,mock_interview,Finance Analyst,1,1,0,1.0,1445.0,1388
2026-05-09,mock_interview,Product Manager,2,2,0,1.0,1578.5,2826
2026-05-09,mock_interview,UX Designer,2,1,1,0.5,1990.0,2675
2026-05-09,prep_plan,Finance Analyst,7,7,0,1.0,1587.86,8946
2026-05-09,prep_plan,Product Manager,3,3,0,1.0,914.0,4275
2026-05-09,prep_plan,Software Engineer,5,5,0,1.0,1898.0,8016
2026-05-09,prep_plan,UX Designer,14,14,0,1.0,1627.0,22097
2026-05-09,study_notes,Data Analyst,61,56,5,0.918,2319.59,110038
2026-05-09,study_notes,Finance Analyst,54,53,1,0.9815,2200.54,100786
2026-05-09,study_notes,Product Manager,47,45,2,0.9574,2092.09,85005
2026-05-09,study_notes,Software Engineer,44,43,1,0.9773,2232.91,83059
2026-05-09,study_notes,UX Designer,52,45,7,0.8654,2112.12,88918
2026-05-10,exam_generation,Data Analyst,9,9,0,1.0,1709.22,13734
2026-05-10,exam_generation,Finance Analyst,9,9,0,1.0,1929.22,13234
2026-05-10,exam_generation,Product Manager,13,12,1,0.9231,1868.92,19176
2026-05-10,exam_generation,Software Engineer,10,10,0,1.0,1472.0,16575
2026-05-10,exam_generation,UX Designer,8,8,0,1.0,1423.12,10707
2026-05-10,job_analysis,Data Analyst,4,4,0,1.0,1818.75,6930
2026-05-10,job_analysis,Finance Analyst,10,10,0,1.0,1545.7,15382
2026-05-10,job_analysis,Product Manager,8,8,0,1.0,1877.25,12554
2026-05-10,job_analysis,Software Engineer,13,12,1,0.9231,1395.0,18296
2026-05-10,job_analysis,UX Designer,8,8,0,1.0,1802.38,11069
2026-05-10,mock_interview,Data Analyst,3,3,0,1.0,1922.0,4590
2026-05-10,mock_interview,Product Manager,1,1,0,1.0,1962.0,1213
2026-05-10,mock_interview,Software Engineer,1,1,0,1.0,1347.0,1671
2026-05-10,mock_interview,UX Designer,1,1,0,1.0,1047.0,1389
2026-05-10,prep_plan,Data Analyst,1,0,1,0.0,2282.0,966
2026-05-10,prep_plan,Finance Analyst,1,1,0,1.0,2162.0,1618
2026-05-10,prep_plan,Product Manager,2,2,0,1.0,2284.0,3158
2026-05-10,prep_plan,Software Engineer,4,3,1,0.75,1644.5,5056
2026-05-10,prep_plan,UX Designer,6,6,0,1.0,1423.83,8866
2026-05-10,study_notes,Data Analyst,52,46,6,0.8846,2091.13,91676
2026-05-10,study_notes,Finance Analyst,52,50,2,0.9615,2258.35,88924
2026-05-10,study_notes,Product Manager,34,34,0,1.0,2069.15,64649
2026-05-10,study_notes,Software Engineer,39,37,2,0.9487,2081.08,71513
2026-05-10,study_notes,UX Designer,48,46,2,0.9583,2100.79,87620
2026-05-11,exam_generation,Data Analyst,6,6,0,1.0,1654.67,10145
2026-05-11,exam_generation,Finance Analyst,12,11,1,0.9167,1839.08,16154
2026-05-11,exam_generation,Product Manager,6,6,0,1.0,1639.5,9750
2026-05-11,exam_generation,Software Engineer,6,5,1,0.8333,1770.33,8945
2026-05-11,exam_generation,UX Designer,14,12,2,0.8571,1753.21,20199
2026-05-11,job_analysis,Data Analyst,11,11,0,1.0,1573.09,17150
2026-05-11,job_analysis,Finance Analyst,13,13,0,1.0,1672.69,20569
2026-05-11,job_analysis,Product Manager,9,9,0,1.0,1602.0,13692
2026-05-11,job_analysis,Software Engineer,5,4,1,0.8,1594.8,7430
2026-05-11,job_analysis,UX Designer,8,8,0,1.0,1665.12,11948
2026-05-11,mock_interview,Data Analyst,2,2,0,1.0,1779.0,3282
2026-05-11,mock_interview,Finance Analyst,1,1,0,1.0,1944.0,1028
2026-05-11,mock_interview,Software Engineer,2,2,0,1.0,1404.0,3348
2026-05-11,mock_interview,UX Designer,1,1,0,1.0,563.0,1304
2026-05-11,prep_plan,Data Analyst,7,7,0,1.0,1818.57,10397
2026-05-11,prep_plan,Finance Analyst,6,6,0,1.0,1873.67,9046
2026-05-11,prep_plan,Product Manager,5,5,0,1.0,1696.6,7195
2026-05-11,prep_plan,Software Engineer,7,6,1,0.8571,1703.14,8411
2026-05-11,prep_plan,UX Designer,5,5,0,1.0,1182.2,7829
2026-05-11,study_notes,Data Analyst,43,42,1,0.9767,1983.23,80099
2026-05-11,study_notes,Finance Analyst,48,48,0,1.0,2136.73,86179
2026-05-11,study_notes,Product Manager,45,45,0,1.0,2129.33,81131
2026-05-11,study_notes,Software Engineer,40,39,1,0.975,2294.12,73896
2026-05-11,study_notes,UX Designer,44,42,2,0.9545,2150.23,80311
2026-05-12,exam_generation,Data Analyst,7,7,0,1.0,1742.57,9861
2026-05-12,exam_generation,Finance Analyst,13,13,0,1.0,1701.92,20175
2026-05-12,exam_generation,Product Manager,9,8,1,0.8889,1812.89,13305
2026-05-12,exam_generation,Software Engineer,6,6,0,1.0,1493.5,9956
2026-05-12,exam_generation,UX Designer,13,11,2,0.8462,1621.08,17545
2026-05-12,job_analysis,Data Analyst,5,5,0,1.0,1725.8,7942
2026-05-12,job_analysis,Finance Analyst,8,7,1,0.875,1377.75,10553
2026-05-12,job_analysis,Product Manager,3,2,1,0.6667,1417.67,3909
2026-05-12,job_analysis,Software Engineer,6,5,1,0.8333,1905.5,7498
2026-05-12,job_analysis,UX Designer,13,11,2,0.8462,1640.38,17456
2026-05-12,mock_interview,Data Analyst,2,2,0,1.0,1967.5,2638
2026-05-12,mock_interview,Finance Analyst,2,2,0,1.0,1680.5,2669
2026-05-12,mock_interview,Product Manager,1,1,0,1.0,1373.0,868
2026-05-12,mock_interview,Software Engineer,4,4,0,1.0,1838.5,6256
2026-05-12,mock_interview,UX Designer,4,4,0,1.0,1587.75,5991
2026-05-12,prep_plan,Data Analyst,6,6,0,1.0,1869.83,10181
2026-05-12,prep_plan,Finance Analyst,9,9,0,1.0,1773.33,13021
2026-05-12,prep_plan,Product Manager,5,5,0,1.0,1598.4,8225
2026-05-12,prep_plan,Software Engineer,9,9,0,1.0,1438.89,13765
2026-05-12,prep_plan,UX Designer,4,4,0,1.0,1741.25,6390
2026-05-12,study_notes,Data Analyst,52,50,2,0.9615,2218.0,97034
2026-05-12,study_notes,Finance Analyst,47,42,5,0.8936,1995.45,81002
2026-05-12,study_notes,Product Manager,29,29,0,1.0,2105.1,53303
2026-05-12,study_notes,Software Engineer,46,40,6,0.8696,2064.78,78405
2026-05-12,study_notes,UX Designer,61,58,3,0.9508,1988.77,109750
2026-05-13,exam_generation,Data Analyst,5,5,0,1.0,1307.6,7848
2026-05-13,exam_generation,Finance Analyst,16,16,0,1.0,1640.88,23795
2026-05-13,exam_generation,Product Manager,6,6,0,1.0,1784.33,7955
2026-05-13,exam_generation,Software Engineer,11,10,1,0.9091,1845.45,16719
2026-05-13,exam_generation,UX Designer,8,8,0,1.0,1669.5,9978
2026-05-13,job_analysis,Data Analyst,9,8,1,0.8889,1707.67,14063
2026-05-13,job_analysis,Finance Analyst,6,6,0,1.0,1592.0,9430
2026-05-13,job_analysis,Product Manager,5,5,0,1.0,1718.8,8095
2026-05-13,job_analysis,Software Engineer,8,8,0,1.0,1804.5,12336
2026-05-13,job_analysis,UX Designer,6,6,0,1.0,1620.5,9813
2026-05-13,mock_interview,Data Analyst,2,2,0,1.0,1897.0,2067
2026-05-13,mock_interview,Finance Analyst,4,3,1,0.75,1508.25,4645
2026-05-13,mock_interview,Product Manager,1,1,0,1.0,1275.0,2138
2026-05-13,mock_interview,Software Engineer,3,3,0,1.0,1172.0,4923
2026-05-13,mock_interview,UX Designer,1,1,0,1.0,2176.0,1654
2026-05-13,prep_plan,Data Analyst,3,3,0,1.0,1220.67,3701
2026-05-13,prep_plan,Finance Analyst,4,4,0,1.0,1480.5,6211
2026-05-13,prep_plan,Product Manager,6,6,0,1.0,1602.33,8370
2026-05-13,prep_plan,Software Engineer,3,2,1,0.6667,1372.33,3887
2026-05-13,prep_plan,UX Designer,3,3,0,1.0,1156.67,4732
2026-05-13,study_notes,Data Analyst,48,46,2,0.9583,2167.21,86567
2026-05-13,study_notes,Finance Analyst,45,44,1,0.9778,2127.62,81635
2026-05-13,study_notes,Product Manager,38,37,1,0.9737,2153.11,70545
2026-05-13,study_notes,Software Engineer,44,42,2,0.9545,2056.36,81648
2026-05-13,study_notes,UX Designer,51,49,2,0.9608,2096.22,93204
2026-05-14,exam_generation,Data Analyst,8,8,0,1.0,1987.75,13036
2026-05-14,exam_generation,Finance Analyst,11,10,1,0.9091,1719.0,16402
2026-05-14,exam_generation,Product Manager,5,5,0,1.0,1266.8,8237
2026-05-14,exam_generation,Software Engineer,12,12,0,1.0,1640.33,18511
2026-05-14,exam_generation,UX Designer,9,8,1,0.8889,1487.89,12815
2026-05-14,job_analysis,Data Analyst,7,7,0,1.0,1900.43,11291
2026-05-14,job_analysis,Finance Analyst,6,6,0,1.0,1527.83,8070
2026-05-14,job_analysis,Product Manager,13,13,0,1.0,1556.92,19737
2026-05-14,job_analysis,Software Engineer,8,8,0,1.0,1665.38,11944
2026-05-14,job_analysis,UX Designer,9,9,0,1.0,1656.78,12343
2026-05-14,mock_interview,Data Analyst,2,1,1,0.5,1350.0,1114
2026-05-14,mock_interview,Finance Analyst,2,2,0,1.0,2053.0,3451
2026-05-14,mock_interview,Software Engineer,1,1,0,1.0,830.0,1530
2026-05-14,mock_interview,UX Designer,3,3,0,1.0,1727.33,4601
2026-05-14,prep_plan,Data Analyst,1,1,0,1.0,1002.0,1397
2026-05-14,prep_plan,Finance Analyst,7,7,0,1.0,1903.14,10243
2026-05-14,prep_plan,Product Manager,5,4,1,0.8,1693.6,7220
2026-05-14,prep_plan,Software Engineer,5,5,0,1.0,1498.8,6340
2026-05-14,prep_plan,UX Designer,11,11,0,1.0,1546.55,15138
2026-05-14,study_notes,Data Analyst,37,35,2,0.9459,2084.05,67434
2026-05-14,study_notes,Finance Analyst,53,50,3,0.9434,2075.09,96653
2026-05-14,study_notes,Product Manager,38,36,2,0.9474,1956.71,68831
2026-05-14,study_notes,Software Engineer,45,41,4,0.9111,2188.02,80388
2026-05-14,study_notes,UX Designer,52,51,1,0.9808,2139.42,96531
2026-05-15,exam_generation,Data Analyst,11,11,0,1.0,1302.45,16640
2026-05-15,exam_generation,Finance Analyst,14,14,0,1.0,1809.21,21687
2026-05-15,exam_generation,Product Manager,11,9,2,0.8182,1355.55,14210
2026-05-15,exam_generation,Software Engineer,7,7,0,1.0,1424.71,9579
2026-05-15,exam_generation,UX Designer,15,15,0,1.0,1528.07,21467
2026-05-15,job_analysis,Data Analyst,7,7,0,1.0,1799.57,10604
2026-05-15,job_analysis,Finance Analyst,7,7,0,1.0,1727.29,10028
2026-05-15,job_analysis,Product Manager,11,8,3,0.7273,1625.55,13017
2026-05-15,job_analysis,Software Engineer,11,11,0,1.0,1789.82,15764
2026-05-15,job_analysis,UX Designer,10,10,0,1.0,1683.5,13943
2026-05-15,mock_interview,Data Analyst,1,1,0,1.0,2612.0,1095
2026-05-15,mock_interview,Finance Analyst,3,3,0,1.0,1455.33,3299
2026-05-15,mock_interview,Product Manager,1,1,0,1.0,2535.0,1546
2026-05-15,mock_interview,Software Engineer,2,2,0,1.0,2290.5,3008
2026-05-15,mock_interview,UX Designer,1,1,0,1.0,1687.0,1145
2026-05-15,prep_plan,Data Analyst,4,3,1,0.75,1290.25,4891
2026-05-15,prep_plan,Finance Analyst,6,6,0,1.0,1624.5,8804
2026-05-15,prep_plan,Product Manager,4,4,0,1.0,1883.5,6775
2026-05-15,prep_plan,Software Engineer,5,4,1,0.8,1248.6,5758
2026-05-15,prep_plan,UX Designer,4,4,0,1.0,1830.75,6111
2026-05-15,study_notes,Data Analyst,44,43,1,0.9773,2200.39,79021
2026-05-15,study_notes,Finance Analyst,53,49,4,0.9245,2183.72,93912
2026-05-15,study_notes,Product Manager,35,33,2,0.9429,2095.8,61338
2026-05-15,study_notes,Software Engineer,59,54,5,0.9153,2024.53,102861
2026-05-15,study_notes,UX Designer,57,54,3,0.9474,2194.89,104432
2026-05-16,exam_generation,Data Analyst,10,9,1,0.9,1901.7,14334
2026-05-16,exam_generation,Finance Analyst,17,17,0,1.0,1495.24,25383
2026-05-16,exam_generation,Product Manager,5,5,0,1.0,1697.8,7659
2026-05-16,exam_generation,Software Engineer,6,5,1,0.8333,1414.33,7970
2026-05-16,exam_generation,UX Designer,10,10,0,1.0,1917.2,15106
2026-05-16,job_analysis,Data Analyst,8,8,0,1.0,1704.0,13120
2026-05-16,job_analysis,Finance Analyst,1,1,0,1.0,1169.0,1327
2026-05-16,job_analysis,Product Manager,7,6,1,0.8571,1472.86,10196
2026-05-16,job_analysis,Software Engineer,4,4,0,1.0,2004.5,5837
2026-05-16,job_analysis,UX Designer,9,9,0,1.0,1706.11,13894
2026-05-16,mock_interview,Finance Analyst,4,4,0,1.0,1781.0,5871
2026-05-16,mock_interview,Software Engineer,3,3,0,1.0,1777.33,3593
2026-05-16,mock_interview,UX Designer,2,2,0,1.0,2269.5,4156
2026-05-16,prep_plan,Data Analyst,6,6,0,1.0,1710.5,8748
2026-05-16,prep_plan,Finance Analyst,4,2,2,0.5,1658.5,4216
2026-05-16,prep_plan,Product Manager,7,6,1,0.8571,1594.71,10539
2026-05-16,prep_plan,Software Engineer,4,4,0,1.0,1649.75,4919
2026-05-16,prep_plan,UX Designer,5,5,0,1.0,1588.2,7367
2026-05-16,study_notes,Data Analyst,32,31,1,0.9688,2294.72,59688
2026-05-16,study_notes,Finance Analyst,44,43,1,0.9773,2130.0,80194
2026-05-16,study_notes,Product Manager,51,44,7,0.8627,2110.16,88880
2026-05-16,study_notes,Software Engineer,49,45,4,0.9184,2246.59,87749
2026-05-16,study_notes,UX Designer,48,43,5,0.8958,2171.69,80557
2026-05-17,exam_generation,Data Analyst,9,8,1,0.8889,1734.0,12724
2026-05-17,exam_generation,Finance Analyst,14,14,0,1.0,1520.07,20134
2026-05-17,exam_generation,Product Manager,12,12,0,1.0,1782.42,16525
2026-05-17,exam_generation,Software Engineer,8,8,0,1.0,1868.25,11921
2026-05-17,exam_generation,UX Designer,9,8,1,0.8889,1511.22,10997
2026-05-17,job_analysis,Data Analyst,8,7,1,0.875,1828.0,12390
2026-05-17,job_analysis,Finance Analyst,9,7,2,0.7778,1857.44,13193
2026-05-17,job_analysis,Product Manager,5,5,0,1.0,1878.4,6562
2026-05-17,job_analysis,Software Engineer,7,7,0,1.0,1929.71,11160
2026-05-17,job_analysis,UX Designer,10,10,0,1.0,2076.4,15487
2026-05-17,mock_interview,Data Analyst,3,3,0,1.0,1758.0,4936
2026-05-17,mock_interview,Finance Analyst,2,1,1,0.5,2277.0,1974
2026-05-17,mock_interview,Product Manager,3,3,0,1.0,1673.67,4869
2026-05-17,mock_interview,Software Engineer,1,1,0,1.0,1907.0,813
2026-05-17,mock_interview,UX Designer,1,1,0,1.0,1861.0,1766
2026-05-17,prep_plan,Data Analyst,4,4,0,1.0,1685.5,5689
2026-05-17,prep_plan,Finance Analyst,1,1,0,1.0,1345.0,1075
2026-05-17,prep_plan,Product Manager,7,7,0,1.0,1798.29,10322
2026-05-17,prep_plan,Software Engineer,6,6,0,1.0,1468.33,9168
2026-05-17,prep_plan,UX Designer,7,6,1,0.8571,1485.57,10961
2026-05-17,study_notes,Data Analyst,28,28,0,1.0,2181.93,51869
2026-05-17,study_notes,Finance Analyst,51,49,2,0.9608,2107.88,91065
2026-05-17,study_notes,Product Manager,43,39,4,0.907,2277.21,75800
2026-05-17,study_notes,Software Engineer,44,43,1,0.9773,2222.77,81655
2026-05-17,study_notes,UX Designer,60,57,3,0.95,2279.47,107691
2026-05-18,exam_generation,Data Analyst,6,6,0,1.0,1929.5,9574
2026-05-18,exam_generation,Finance Analyst,13,12,1,0.9231,1686.38,19882
2026-05-18,exam_generation,Product Manager,8,7,1,0.875,1565.62,10191
2026-05-18,exam_generation,Software Engineer,11,11,0,1.0,1434.09,15566
2026-05-18,exam_generation,UX Designer,11,10,1,0.9091,1686.09,14831
2026-05-18,job_analysis,Data Analyst,7,6,1,0.8571,1771.29,8108
2026-05-18,job_analysis,Finance Analyst,11,10,1,0.9091,1875.27,15861
2026-05-18,job_analysis,Product Manager,9,9,0,1.0,1843.89,13435
2026-05-18,job_analysis,Software Engineer,5,5,0,1.0,1586.2,6041
2026-05-18,job_analysis,UX Designer,7,5,2,0.7143,1518.71,9712
2026-05-18,mock_interview,Data Analyst,1,1,0,1.0,468.0,1483
2026-05-18,mock_interview,Finance Analyst,1,1,0,1.0,1795.0,1878
2026-05-18,mock_interview,Product Manager,2,2,0,1.0,1419.5,3263
2026-05-18,mock_interview,Software Engineer,2,2,0,1.0,1757.5,2805
2026-05-18,mock_interview,UX Designer,2,2,0,1.0,1721.0,2022
2026-05-18,prep_plan,Data Analyst,7,6,1,0.8571,1528.0,9596
2026-05-18,prep_plan,Finance Analyst,1,1,0,1.0,1004.0,1700
2026-05-18,prep_plan,Product Manager,6,5,1,0.8333,1498.5,7605
2026-05-18,prep_plan,Software Engineer,2,2,0,1.0,1522.5,2839
2026-05-18,prep_plan,UX Designer,5,5,0,1.0,1665.4,7863
2026-05-18,study_notes,Data Analyst,40,38,2,0.95,2126.47,71957
2026-05-18,study_notes,Finance Analyst,46,42,4,0.913,2065.72,80168
2026-05-18,study_notes,Product Manager,49,47,2,0.9592,2244.1,87730
2026-05-18,study_notes,Software Engineer,50,47,3,0.94,2167.0,89246
2026-05-18,study_notes,UX Designer,51,50,1,0.9804,2115.04,94618
2026-05-19,exam_generation,Data Analyst,12,12,0,1.0,1829.08,18070
2026-05-19,exam_generation,Finance Analyst,9,7,2,0.7778,1449.44,13715
2026-05-19,exam_generation,Product Manager,11,10,1,0.9091,1507.82,16803
2026-05-19,exam_generation,Software Engineer,4,4,0,1.0,1643.0,6124
2026-05-19,exam_generation,UX Designer,11,11,0,1.0,1421.18,15726
2026-05-19,job_analysis,Data Analyst,17,16,1,0.9412,1814.12,25543
2026-05-19,job_analysis,Finance Analyst,8,7,1,0.875,1295.25,11254
2026-05-19,job_analysis,Product Manager,7,7,0,1.0,1581.57,11207
2026-05-19,job_analysis,Software Engineer,8,8,0,1.0,1745.75,12532
2026-05-19,job_analysis,UX Designer,8,8,0,1.0,1605.62,11386
2026-05-19,mock_interview,Data Analyst,2,2,0,1.0,1538.0,2712
2026-05-19,mock_interview,Finance Analyst,1,1,0,1.0,1151.0,1342
2026-05-19,mock_interview,Software Engineer,1,1,0,1.0,1373.0,1469
2026-05-19,mock_interview,UX Designer,5,5,0,1.0,1607.0,6498
2026-05-19,prep_plan,Data Analyst,5,5,0,1.0,1503.0,8314
2026-05-19,prep_plan,Finance Analyst,6,6,0,1.0,1534.83,10219
2026-05-19,prep_plan,Product Manager,5,5,0,1.0,1349.6,8351
2026-05-19,prep_plan,Software Engineer,7,7,0,1.0,1672.0,10999
2026-05-19,prep_plan,UX Designer,4,4,0,1.0,1331.25,5767
2026-05-19,study_notes,Data Analyst,42,39,3,0.9286,2045.48,76061
2026-05-19,study_notes,Finance Analyst,37,35,2,0.9459,2116.35,67610
2026-05-19,study_notes,Product Manager,54,53,1,0.9815,2120.57,97079
2026-05-19,study_notes,Software Engineer,35,29,6,0.8286,2200.6,57655
2026-05-19,study_notes,UX Designer,47,44,3,0.9362,2167.47,87229
2026-05-20,exam_generation,Data Analyst,5,5,0,1.0,1345.2,8789
2026-05-20,exam_generation,Finance Analyst,13,12,1,0.9231,1353.54,17276
2026-05-20,exam_generation,Product Manager,11,11,0,1.0,1696.27,17627
2026-05-20,exam_generation,Software Engineer,8,7,1,0.875,1561.88,11129
2026-05-20,exam_generation,UX Designer,13,11,2,0.8462,1512.85,17810
2026-05-20,job_analysis,Data Analyst,7,7,0,1.0,1993.71,10991
2026-05-20,job_analysis,Finance Analyst,7,7,0,1.0,1793.14,9849
2026-05-20,job_analysis,Product Manager,10,10,0,1.0,1867.2,14932
2026-05-20,job_analysis,Software Engineer,3,3,0,1.0,689.0,4789
2026-05-20,job_analysis,UX Designer,6,6,0,1.0,1234.17,9447
2026-05-20,mock_interview,Data Analyst,5,5,0,1.0,1578.4,7780
2026-05-20,mock_interview,Finance Analyst,1,1,0,1.0,1024.0,1511
2026-05-20,mock_interview,Product Manager,1,1,0,1.0,1752.0,1246
2026-05-20,mock_interview,Software Engineer,1,1,0,1.0,990.0,1763
2026-05-20,mock_interview,UX Designer,1,1,0,1.0,450.0,1209
2026-05-20,prep_plan,Data Analyst,5,5,0,1.0,1995.2,8997
2026-05-20,prep_plan,Finance Analyst,6,6,0,1.0,1654.0,9904
2026-05-20,prep_plan,Product Manager,8,8,0,1.0,1830.5,10653
2026-05-20,prep_plan,Software Engineer,3,3,0,1.0,1903.0,3994
2026-05-20,prep_plan,UX Designer,5,5,0,1.0,1113.0,8088
2026-05-20,study_notes,Data Analyst,38,37,1,0.9737,2117.95,69823
2026-05-20,study_notes,Finance Analyst,28,25,3,0.8929,2039.21,50308
2026-05-20,study_notes,Product Manager,32,32,0,1.0,2127.94,58812
2026-05-20,study_notes,Software Engineer,45,44,1,0.9778,2100.09,83608
2026-05-20,study_notes,UX Designer,36,35,1,0.9722,2168.94,67062
2026-05-21,exam_generation,Data Analyst,13,13,0,1.0,1776.0,16828
2026-05-21,exam_generation,Finance Analyst,5,5,0,1.0,1630.2,7459
2026-05-21,exam_generation,Product Manager,5,5,0,1.0,1620.2,7777
2026-05-21,exam_generation,Software Engineer,9,9,0,1.0,1532.44,13774
2026-05-21,exam_generation,UX Designer,16,16,0,1.0,1512.12,24004
2026-05-21,job_analysis,Data Analyst,10,9,1,0.9,1833.4,14521
2026-05-21,job_analysis,Finance Analyst,10,9,1,0.9,1733.2,14913
2026-05-21,job_analysis,Product Manager,10,9,1,0.9,1659.1,12686
2026-05-21,job_analysis,Software Engineer,3,3,0,1.0,1852.67,4086
2026-05-21,job_analysis,UX Designer,5,5,0,1.0,1930.2,7034
2026-05-21,mock_interview,Data Analyst,2,2,0,1.0,1432.0,3543
2026-05-21,mock_interview,Finance Analyst,4,4,0,1.0,1665.75,5945
2026-05-21,mock_interview,Product Manager,1,1,0,1.0,1422.0,1579
2026-05-21,mock_interview,Software Engineer,3,3,0,1.0,1451.33,3671
2026-05-21,mock_interview,UX Designer,1,1,0,1.0,977.0,1875
2026-05-21,prep_plan,Data Analyst,5,5,0,1.0,1587.4,8492
2026-05-21,prep_plan,Finance Analyst,4,4,0,1.0,1260.5,5217
2026-05-21,prep_plan,Product Manager,2,1,1,0.5,1720.0,2926
2026-05-21,prep_plan,Software Engineer,3,3,0,1.0,1735.0,4637
2026-05-21,prep_plan,UX Designer,3,3,0,1.0,1142.67,3973
2026-05-21,study_notes,Data Analyst,41,38,3,0.9268,2362.98,75228
2026-05-21,study_notes,Finance Analyst,46,44,2,0.9565,2184.33,86248
2026-05-21,study_notes,Product Manager,43,41,2,0.9535,2189.86,79224
2026-05-21,study_notes,Software Engineer,43,42,1,0.9767,2031.35,77957
2026-05-21,study_notes,UX Designer,42,42,0,1.0,2094.4,82647
2026-05-22,exam_generation,Data Analyst,3,3,0,1.0,1560.33,5126
2026-05-22,exam_generation,Finance Analyst,13,12,1,0.9231,1849.77,17897
2026-05-22,exam_generation,Product Manager,7,7,0,1.0,1799.86,10546
2026-05-22,exam_generation,Software Engineer,9,7,2,0.7778,1591.33,11125
2026-05-22,exam_generation,UX Designer,11,11,0,1.0,1924.82,13817
2026-05-22,job_analysis,Data Analyst,13,12,1,0.9231,1555.38,17773
2026-05-22,job_analysis,Finance Analyst,5,4,1,0.8,1618.6,6596
2026-05-22,job_analysis,Product Manager,6,4,2,0.6667,1159.17,7672
2026-05-22,job_analysis,Software Engineer,8,8,0,1.0,1791.5,12115
2026-05-22,job_analysis,UX Designer,12,12,0,1.0,1691.0,17786
2026-05-22,mock_interview,Finance Analyst,1,1,0,1.0,2288.0,2030
2026-05-22,mock_interview,Product Manager,3,3,0,1.0,1722.67,4029
2026-05-22,mock_interview,Software Engineer,1,1,0,1.0,1721.0,1177
2026-05-22,mock_interview,UX Designer,3,3,0,1.0,2094.67,4581
2026-05-22,prep_plan,Data Analyst,11,10,1,0.9091,1782.91,17450
2026-05-22,prep_plan,Finance Analyst,5,5,0,1.0,1360.2,8524
2026-05-22,prep_plan,Product Manager,5,4,1,0.8,1443.8,5777
2026-05-22,prep_plan,Software Engineer,3,3,0,1.0,1738.0,4846
2026-05-22,prep_plan,UX Designer,6,6,0,1.0,1244.83,10444
2026-05-22,study_notes,Data Analyst,45,42,3,0.9333,2300.29,81321
2026-05-22,study_notes,Finance Analyst,43,39,4,0.907,2082.47,78381
2026-05-22,study_notes,Product Manager,42,37,5,0.881,2151.26,74740
2026-05-22,study_notes,Software Engineer,50,50,0,1.0,2236.36,91764
2026-05-22,study_notes,UX Designer,30,30,0,1.0,2110.3,57206
2026-05-23,exam_generation,Data Analyst,7,7,0,1.0,2014.43,11511
2026-05-23,exam_generation,Finance Analyst,6,6,0,1.0,1630.33,9838
2026-05-23,exam_generation,Product Manager,10,8,2,0.8,1638.4,13646
2026-05-23,exam_generation,Software Engineer,9,9,0,1.0,1402.11,12454
2026-05-23,exam_generation,UX Designer,14,13,1,0.9286,1459.0,18735
2026-05-23,job_analysis,Data Analyst,6,4,2,0.6667,1744.5,7349
2026-05-23,job_analysis,Finance Analyst,4,4,0,1.0,1884.0,5867
2026-05-23,job_analysis,Product Manager,6,6,0,1.0,1416.17,8205
2026-05-23,job_analysis,Software Engineer,3,3,0,1.0,1246.0,4304
2026-05-23,job_analysis,UX Designer,6,6,0,1.0,1509.67,9611
2026-05-23,mock_interview,Data Analyst,3,3,0,1.0,1803.33,3331
2026-05-23,mock_interview,Software Engineer,2,2,0,1.0,1527.5,2330
2026-05-23,mock_interview,UX Designer,2,2,0,1.0,1278.5,2898
2026-05-23,prep_plan,Data Analyst,8,7,1,0.875,1621.25,11395
2026-05-23,prep_plan,Finance Analyst,3,3,0,1.0,1682.0,4461
2026-05-23,prep_plan,Product Manager,6,5,1,0.8333,1295.0,8334
2026-05-23,prep_plan,Software Engineer,2,2,0,1.0,1105.0,2423
2026-05-23,prep_plan,UX Designer,6,6,0,1.0,2119.0,8992
2026-05-23,study_notes,Data Analyst,39,38,1,0.9744,2193.97,71622
2026-05-23,study_notes,Finance Analyst,33,31,2,0.9394,1996.52,59297
2026-05-23,study_notes,Product Manager,39,38,1,0.9744,2113.87,76793
2026-05-23,study_notes,Software Engineer,35,33,2,0.9429,2045.66,61763
2026-05-23,study_notes,UX Designer,42,41,1,0.9762,2169.69,76403
2026-05-24,exam_generation,Data Analyst,5,5,0,1.0,1940.0,8133
2026-05-24,exam_generation,Finance Analyst,8,8,0,1.0,1730.88,10587
2026-05-24,exam_generation,Product Manager,11,10,1,0.9091,1462.09,17033
2026-05-24,exam_generation,Software Engineer,7,7,0,1.0,1504.57,10302
2026-05-24,exam_generation,UX Designer,12,12,0,1.0,1969.67,18517
2026-05-24,job_analysis,Data Analyst,7,7,0,1.0,1660.86,10428
2026-05-24,job_analysis,Finance Analyst,13,13,0,1.0,1657.0,17513
2026-05-24,job_analysis,Product Manager,4,3,1,0.75,1687.0,5901
2026-05-24,job_analysis,Software Engineer,7,6,1,0.8571,1691.57,10788
2026-05-24,job_analysis,UX Designer,6,5,1,0.8333,1797.67,7974
2026-05-24,mock_interview,Data Analyst,1,1,0,1.0,1785.0,1189
2026-05-24,mock_interview,Finance Analyst,2,2,0,1.0,1439.5,3566
2026-05-24,mock_interview,Product Manager,2,2,0,1.0,1973.5,2535
2026-05-24,mock_interview,UX Designer,4,4,0,1.0,1787.75,5496
2026-05-24,prep_plan,Data Analyst,4,3,1,0.75,1366.25,5589
2026-05-24,prep_plan,Finance Analyst,5,5,0,1.0,1818.2,7650
2026-05-24,prep_plan,Product Manager,2,1,1,0.5,1957.5,2092
2026-05-24,prep_plan,Software Engineer,3,3,0,1.0,1746.33,4668
2026-05-24,prep_plan,UX Designer,5,5,0,1.0,1809.4,6803
2026-05-24,study_notes,Data Analyst,50,47,3,0.94,2121.8,86574
2026-05-24,study_notes,Finance Analyst,45,43,2,0.9556,2114.69,82579
2026-05-24,study_notes,Product Manager,36,34,2,0.9444,2014.06,65007
2026-05-24,study_notes,Software Engineer,34,33,1,0.9706,2213.97,64441
2026-05-24,study_notes,UX Designer,53,51,2,0.9623,2028.53,100231
2026-05-25,exam_generation,Data Analyst,10,10,0,1.0,2113.3,17040
2026-05-25,exam_generation,Finance Analyst,8,8,0,1.0,1835.38,13129
2026-05-25,exam_generation,Product Manager,7,7,0,1.0,1650.14,11449
2026-05-25,exam_generation,Software Engineer,9,9,0,1.0,1715.22,13649
2026-05-25,exam_generation,UX Designer,11,11,0,1.0,1553.64,17476
2026-05-25,job_analysis,Data Analyst,7,7,0,1.0,1511.71,10746
2026-05-25,job_analysis,Finance Analyst,6,4,2,0.6667,1647.67,7663
2026-05-25,job_analysis,Product Manager,8,8,0,1.0,1584.38,10409
2026-05-25,job_analysis,Software Engineer,9,9,0,1.0,1290.89,12532
2026-05-25,job_analysis,UX Designer,11,11,0,1.0,1716.91,16295
2026-05-25,mock_interview,Data Analyst,2,2,0,1.0,1849.0,2514
2026-05-25,mock_interview,Product Manager,1,0,1,0.0,1548.0,851
2026-05-25,mock_interview,UX Designer,1,1,0,1.0,1476.0,1876
2026-05-25,prep_plan,Data Analyst,7,4,3,0.5714,1503.14,8773
2026-05-25,prep_plan,Finance Analyst,9,9,0,1.0,1770.89,13244
2026-05-25,prep_plan,Product Manager,6,6,0,1.0,1887.67,7737
2026-05-25,prep_plan,Software Engineer,4,4,0,1.0,1268.25,5160
2026-05-25,prep_plan,UX Designer,4,4,0,1.0,1656.0,5402
2026-05-25,study_notes,Data Analyst,47,47,0,1.0,2029.6,87501
2026-05-25,study_notes,Finance Analyst,29,27,2,0.931,2123.0,49957
2026-05-25,study_notes,Product Manager,51,50,1,0.9804,2058.82,93502
2026-05-25,study_notes,Software Engineer,25,23,2,0.92,2060.32,43870
2026-05-25,study_notes,UX Designer,50,48,2,0.96,2254.6,90339
2026-05-26,exam_generation,Data Analyst,16,15,1,0.9375,1765.0,21721
2026-05-26,exam_generation,Finance Analyst,7,7,0,1.0,1853.57,9774
2026-05-26,exam_generation,Product Manager,12,9,3,0.75,1763.5,15817
2026-05-26,exam_generation,Software Engineer,15,15,0,1.0,1780.93,22483
2026-05-26,exam_generation,UX Designer,14,14,0,1.0,1677.29,19513
2026-05-26,job_analysis,Data Analyst,3,2,1,0.6667,1432.67,3560
2026-05-26,job_analysis,Finance Analyst,9,9,0,1.0,1429.33,13912
2026-05-26,job_analysis,Product Manager,11,10,1,0.9091,1569.64,14020
2026-05-26,job_analysis,Software Engineer,4,4,0,1.0,1591.75,5828
2026-05-26,job_analysis,UX Designer,7,7,0,1.0,1856.0,12410
2026-05-26,mock_interview,Data Analyst,2,2,0,1.0,2488.0,2401
2026-05-26,mock_interview,Finance Analyst,2,2,0,1.0,1308.5,2481
2026-05-26,mock_interview,Product Manager,1,1,0,1.0,1227.0,1653
2026-05-26,mock_interview,Software Engineer,4,4,0,1.0,1990.75,5144
2026-05-26,mock_interview,UX Designer,1,0,1,0.0,502.0,912
2026-05-26,prep_plan,Data Analyst,5,4,1,0.8,1561.8,6736
2026-05-26,prep_plan,Finance Analyst,4,4,0,1.0,1417.5,6484
2026-05-26,prep_plan,Product Manager,3,2,1,0.6667,1839.67,3639
2026-05-26,prep_plan,Software Engineer,4,4,0,1.0,1649.5,5187
2026-05-26,prep_plan,UX Designer,5,5,0,1.0,1705.2,8036
2026-05-26,study_notes,Data Analyst,44,36,8,0.8182,1974.7,71700
2026-05-26,study_notes,Finance Analyst,32,31,1,0.9688,2201.53,58545
2026-05-26,study_notes,Product Manager,46,43,3,0.9348,2177.02,78036
2026-05-26,study_notes,Software Engineer,31,30,1,0.9677,2078.39,55825
2026-05-26,study_notes,UX Designer,42,41,1,0.9762,2290.74,78521
2026-05-27,exam_generation,Data Analyst,8,8,0,1.0,1541.88,12846
2026-05-27,exam_generation,Finance Analyst,13,13,0,1.0,1402.62,18929
2026-05-27,exam_generation,Product Manager,15,14,1,0.9333,1795.0,23710
2026-05-27,exam_generation,Software Engineer,6,6,0,1.0,1738.5,9855
2026-05-27,exam_generation,UX Designer,5,3,2,0.6,1821.6,6237
2026-05-27,job_analysis,Data Analyst,7,7,0,1.0,1609.57,9245
2026-05-27,job_analysis,Finance Analyst,7,6,1,0.8571,1903.43,8462
2026-05-27,job_analysis,Product Manager,8,8,0,1.0,1536.25,12643
2026-05-27,job_analysis,Software Engineer,11,11,0,1.0,1472.55,17607
2026-05-27,job_analysis,UX Designer,9,9,0,1.0,1482.89,14667
2026-05-27,mock_interview,Data Analyst,5,5,0,1.0,1778.6,7661
2026-05-27,mock_interview,Product Manager,1,1,0,1.0,1738.0,1349
2026-05-27,mock_interview,Software Engineer,1,1,0,1.0,1795.0,1080
2026-05-27,mock_interview,UX Designer,1,1,0,1.0,1475.0,1679
2026-05-27,prep_plan,Data Analyst,3,2,1,0.6667,1740.33,4345
2026-05-27,prep_plan,Finance Analyst,5,5,0,1.0,1553.0,7452
2026-05-27,prep_plan,Product Manager,5,4,1,0.8,1958.8,6518
2026-05-27,prep_plan,Software Engineer,5,5,0,1.0,1839.2,7397
2026-05-27,prep_plan,UX Designer,4,4,0,1.0,1848.0,6168
2026-05-27,study_notes,Data Analyst,40,39,1,0.975,2181.8,73723
2026-05-27,study_notes,Finance Analyst,43,38,5,0.8837,2201.33,76056
2026-05-27,study_notes,Product Manager,40,39,1,0.975,2185.4,75013
2026-05-27,study_notes,Software Engineer,31,30,1,0.9677,2084.32,58507
2026-05-27,study_notes,UX Designer,37,36,1,0.973,2093.78,68023
2026-05-28,exam_generation,Data Analyst,6,5,1,0.8333,1555.5,8121
2026-05-28,exam_generation,Finance Analyst,9,9,0,1.0,1791.0,13094
2026-05-28,exam_generation,Product Manager,12,9,3,0.75,1961.08,16390
2026-05-28,exam_generation,Software Engineer,7,7,0,1.0,1908.71,9603
2026-05-28,exam_generation,UX Designer,11,11,0,1.0,1577.45,16541
2026-05-28,job_analysis,Data Analyst,9,8,1,0.8889,1384.89,13221
2026-05-28,job_analysis,Finance Analyst,6,6,0,1.0,1807.5,8306
2026-05-28,job_analysis,Product Manager,6,5,1,0.8333,1545.0,7824
2026-05-28,job_analysis,Software Engineer,11,11,0,1.0,1309.09,16736
2026-05-28,job_analysis,UX Designer,11,10,1,0.9091,1521.18,16594
2026-05-28,mock_interview,Data Analyst,1,1,0,1.0,1298.0,1802
2026-05-28,mock_interview,Finance Analyst,1,1,0,1.0,1129.0,1153
2026-05-28,mock_interview,Product Manager,3,3,0,1.0,1987.33,3874
2026-05-28,mock_interview,Software Engineer,2,2,0,1.0,1527.0,3779
2026-05-28,mock_interview,UX Designer,2,1,1,0.5,1165.5,2565
2026-05-28,prep_plan,Data Analyst,6,6,0,1.0,1544.0,9053
2026-05-28,prep_plan,Finance Analyst,8,8,0,1.0,1647.0,12506
2026-05-28,prep_plan,Product Manager,6,6,0,1.0,1309.33,9102
2026-05-28,prep_plan,Software Engineer,6,6,0,1.0,1921.83,7741
2026-05-28,prep_plan,UX Designer,4,4,0,1.0,1607.25,5101
2026-05-28,study_notes,Data Analyst,45,43,2,0.9556,2053.64,84953
2026-05-28,study_notes,Finance Analyst,35,34,1,0.9714,2121.94,63723
2026-05-28,study_notes,Product Manager,49,47,2,0.9592,2136.71,90754
2026-05-28,study_notes,Software Engineer,30,30,0,1.0,2027.93,55305
2026-05-28,study_notes,UX Designer,36,35,1,0.9722,2155.94,66339
2026-05-29,exam_generation,Data Analyst,5,5,0,1.0,1508.0,6840
2026-05-29,exam_generation,Finance Analyst,5,5,0,1.0,2110.2,7585
2026-05-29,exam_generation,Product Manager,6,6,0,1.0,1412.5,9652
2026-05-29,exam_generation,Software Engineer,6,6,0,1.0,1518.0,8518
2026-05-29,exam_generation,UX Designer,11,11,0,1.0,1501.09,17126
2026-05-29,job_analysis,Data Analyst,7,7,0,1.0,1907.29,10286
2026-05-29,job_analysis,Finance Analyst,10,10,0,1.0,1669.4,15655
2026-05-29,job_analysis,Product Manager,7,7,0,1.0,1637.57,9582
2026-05-29,job_analysis,Software Engineer,6,6,0,1.0,1760.83,7559
2026-05-29,job_analysis,UX Designer,10,10,0,1.0,1668.0,14237
2026-05-29,mock_interview,Data Analyst,2,2,0,1.0,1286.5,2857
2026-05-29,mock_interview,Product Manager,2,2,0,1.0,1706.0,2314
2026-05-29,mock_interview,Software Engineer,2,2,0,1.0,2056.5,3362
2026-05-29,mock_interview,UX Designer,1,1,0,1.0,1376.0,1388
2026-05-29,prep_plan,Data Analyst,1,1,0,1.0,1869.0,1440
2026-05-29,prep_plan,Finance Analyst,5,5,0,1.0,1417.4,7223
2026-05-29,prep_plan,Product Manager,5,4,1,0.8,2099.4,6321
2026-05-29,prep_plan,Software Engineer,6,6,0,1.0,1445.17,8061
2026-05-29,prep_plan,UX Designer,9,9,0,1.0,1567.89,13156
2026-05-29,study_notes,Data Analyst,42,38,4,0.9048,2099.21,70851
2026-05-29,study_notes,Finance Analyst,37,37,0,1.0,2086.51,68820
2026-05-29,study_notes,Product Manager,33,31,2,0.9394,2070.55,61703
2026-05-29,study_notes,Software Engineer,31,30,1,0.9677,2349.48,53998
2026-05-29,study_notes,UX Designer,34,34,0,1.0,2245.88,65793
2026-05-30,exam_generation,Data Analyst,6,6,0,1.0,2022.5,8570
2026-05-30,exam_generation,Finance Analyst,4,3,1,0.75,1486.75,4781
2026-05-30,exam_generation,Product Manager,12,12,0,1.0,1462.25,17397
2026-05-30,exam_generation,Software Engineer,10,8,2,0.8,1454.1,14502
2026-05-30,exam_generation,UX Designer,8,8,0,1.0,1466.62,12880
2026-05-30,job_analysis,Data Analyst,10,10,0,1.0,1786.6,15407
2026-05-30,job_analysis,Finance Analyst,9,9,0,1.0,1657.33,12904
2026-05-30,job_analysis,Product Manager,11,11,0,1.0,1674.18,17565
2026-05-30,job_analysis,Software Engineer,12,12,0,1.0,1657.83,17128
2026-05-30,job_analysis,UX Designer,15,15,0,1.0,1456.67,22485
2026-05-30,mock_interview,Data Analyst,4,4,0,1.0,1164.5,6276
2026-05-30,mock_interview,Product Manager,2,1,1,0.5,1255.5,2236
2026-05-30,mock_interview,Software Engineer,1,1,0,1.0,1731.0,1266
2026-05-30,mock_interview,UX Designer,2,2,0,1.0,1372.5,3183
2026-05-30,prep_plan,Data Analyst,6,5,1,0.8333,1648.33,7097
2026-05-30,prep_plan,Finance Analyst,9,9,0,1.0,1762.11,14192
2026-05-30,prep_plan,Product Manager,4,4,0,1.0,1690.0,6397
2026-05-30,prep_plan,Software Engineer,9,9,0,1.0,1942.67,11965
2026-05-30,prep_plan,UX Designer,7,7,0,1.0,1364.43,10897
2026-05-30,study_notes,Data Analyst,48,46,2,0.9583,2153.23,92270
2026-05-30,study_notes,Finance Analyst,45,42,3,0.9333,2112.07,81192
2026-05-30,study_notes,Product Manager,43,39,4,0.907,2242.93,74270
2026-05-30,study_notes,Software Engineer,37,36,1,0.973,2161.41,66426
2026-05-30,study_notes,UX Designer,37,37,0,1.0,2146.68,65268
2026-05-31,exam_generation,Data Analyst,11,10,1,0.9091,1655.82,16236
2026-05-31,exam_generation,Finance Analyst,6,6,0,1.0,1333.17,8182
2026-05-31,exam_generation,Product Manager,10,10,0,1.0,1558.2,15335
2026-05-31,exam_generation,Software Engineer,9,9,0,1.0,1443.22,12872
2026-05-31,exam_generation,UX Designer,12,11,1,0.9167,1596.75,17389
2026-05-31,job_analysis,Data Analyst,7,7,0,1.0,1691.43,10038
2026-05-31,job_analysis,Finance Analyst,11,11,0,1.0,1554.36,16040
2026-05-31,job_analysis,Product Manager,14,14,0,1.0,1867.86,21502
2026-05-31,job_analysis,Software Engineer,6,6,0,1.0,1867.83,9384
2026-05-31,job_analysis,UX Designer,11,10,1,0.9091,1869.64,16125
2026-05-31,mock_interview,Data Analyst,1,1,0,1.0,1869.0,1587
2026-05-31,mock_interview,Product Manager,2,2,0,1.0,873.0,3123
2026-05-31,prep_plan,Data Analyst,4,4,0,1.0,2056.75,5596
2026-05-31,prep_plan,Finance Analyst,3,2,1,0.6667,1349.0,2996
2026-05-31,prep_plan,Product Manager,6,6,0,1.0,1570.33,9308
2026-05-31,prep_plan,Software Engineer,6,6,0,1.0,1658.33,8701
2026-05-31,prep_plan,UX Designer,9,9,0,1.0,1816.78,12458
2026-05-31,study_notes,Data Analyst,38,37,1,0.9737,2314.32,68407
2026-05-31,study_notes,Finance Analyst,38,38,0,1.0,2196.71,71997
2026-05-31,study_notes,Product Manager,37,35,2,0.9459,2181.54,66364
2026-05-31,study_notes,Software Engineer,50,48,2,0.96,2130.72,90372
2026-05-31,study_notes,UX Designer,55,51,4,0.9273,2174.36,96625
2026-06-01,exam_generation,Data Analyst,1,1,0,1.0,1161.0,1569
2026-06-01,exam_generation,Finance Analyst,8,7,1,0.875,1800.25,10830
2026-06-01,exam_generation,Product Manager,7,7,0,1.0,1897.14,9568
2026-06-01,exam_generation,Software Engineer,11,11,0,1.0,1620.0,14198
2026-06-01,exam_generation,UX Designer,14,13,1,0.9286,1862.57,20195
2026-06-01,job_analysis,Data Analyst,9,8,1,0.8889,1841.56,11922
2026-06-01,job_analysis,Finance Analyst,11,10,1,0.9091,1540.09,14870
2026-06-01,job_analysis,Product Manager,11,11,0,1.0,1845.82,15218
2026-06-01,job_analysis,Software Engineer,7,7,0,1.0,1722.86,9385
2026-06-01,job_analysis,UX Designer,5,5,0,1.0,2061.8,7826
2026-06-01,mock_interview,Data Analyst,2,1,1,0.5,1755.0,2703
2026-06-01,mock_interview,Finance Analyst,1,1,0,1.0,1945.0,1398
2026-06-01,mock_interview,Product Manager,1,1,0,1.0,1627.0,1534
2026-06-01,mock_interview,UX Designer,2,2,0,1.0,1368.5,2994
2026-06-01,prep_plan,Data Analyst,7,7,0,1.0,1375.57,10048
2026-06-01,prep_plan,Finance Analyst,7,7,0,1.0,1533.43,9633
2026-06-01,prep_plan,Product Manager,8,7,1,0.875,1586.88,10597
2026-06-01,prep_plan,Software Engineer,6,6,0,1.0,1876.83,8073
2026-06-01,prep_plan,UX Designer,4,4,0,1.0,1772.5,5854
2026-06-01,study_notes,Data Analyst,38,38,0,1.0,2107.45,73805
2026-06-01,study_notes,Finance Analyst,51,49,2,0.9608,2025.76,95793
2026-06-01,study_notes,Product Manager,50,48,2,0.96,2152.04,91106
2026-06-01,study_notes,Software Engineer,44,43,1,0.9773,2119.73,78429
2026-06-01,study_notes,UX Designer,42,38,4,0.9048,2020.69,71769
2026-06-02,exam_generation,Data Analyst,14,12,2,0.8571,1913.86,21266
2026-06-02,exam_generation,Finance Analyst,8,7,1,0.875,1525.0,11070
2026-06-02,exam_generation,Product Manager,6,6,0,1.0,1580.17,10173
2026-06-02,exam_generation,Software Engineer,8,7,1,0.875,1844.25,11731
2026-06-02,exam_generation,UX Designer,11,11,0,1.0,1519.45,16114
2026-06-02,job_analysis,Data Analyst,2,2,0,1.0,1453.5,2754
2026-06-02,job_analysis,Finance Analyst,5,5,0,1.0,1698.4,7598
2026-06-02,job_analysis,Product Manager,5,5,0,1.0,1663.6,7318
2026-06-02,job_analysis,Software Engineer,6,5,1,0.8333,1612.0,8479
2026-06-02,job_analysis,UX Designer,15,15,0,1.0,1474.87,22611
2026-06-02,mock_interview,Data Analyst,1,1,0,1.0,2706.0,1813
2026-06-02,mock_interview,Product Manager,1,1,0,1.0,1587.0,1592
2026-06-02,mock_interview,Software Engineer,1,0,1,0.0,2827.0,1031
2026-06-02,mock_interview,UX Designer,3,3,0,1.0,1425.33,3648
2026-06-02,prep_plan,Data Analyst,7,6,1,0.8571,1382.57,10416
2026-06-02,prep_plan,Finance Analyst,6,6,0,1.0,1717.33,9506
2026-06-02,prep_plan,Product Manager,5,5,0,1.0,1637.4,6901
2026-06-02,prep_plan,Software Engineer,4,3,1,0.75,1990.25,4773
2026-06-02,prep_plan,UX Designer,9,9,0,1.0,1662.33,15036
2026-06-02,study_notes,Data Analyst,43,40,3,0.9302,2185.47,74666
2026-06-02,study_notes,Finance Analyst,53,48,5,0.9057,2054.4,90837
2026-06-02,study_notes,Product Manager,50,48,2,0.96,2039.56,88546
2026-06-02,study_notes,Software Engineer,33,32,1,0.9697,2179.21,60600
2026-06-02,study_notes,UX Designer,43,39,4,0.907,2089.84,73179
2026-06-03,exam_generation,Data Analyst,13,13,0,1.0,1342.77,18891
2026-06-03,exam_generation,Finance Analyst,7,6,1,0.8571,1527.57,9438
2026-06-03,exam_generation,Product Manager,11,8,3,0.7273,1542.55,14096
2026-06-03,exam_generation,Software Engineer,6,6,0,1.0,1306.0,8731
2026-06-03,exam_generation,UX Designer,11,11,0,1.0,1817.91,15947
2026-06-03,job_analysis,Data Analyst,4,3,1,0.75,1850.5,5495
2026-06-03,job_analysis,Finance Analyst,10,9,1,0.9,1641.6,14895
2026-06-03,job_analysis,Product Manager,9,8,1,0.8889,1681.44,13996
2026-06-03,job_analysis,Software Engineer,3,3,0,1.0,1827.33,5310
2026-06-03,job_analysis,UX Designer,9,8,1,0.8889,1602.0,13189
2026-06-03,mock_interview,Data Analyst,2,2,0,1.0,1421.5,3285
2026-06-03,mock_interview,Product Manager,1,0,1,0.0,1708.0,483
2026-06-03,mock_interview,Software Engineer,2,2,0,1.0,1206.5,3290
2026-06-03,mock_interview,UX Designer,2,2,0,1.0,1687.5,1659
2026-06-03,prep_plan,Data Analyst,5,5,0,1.0,1572.2,6788
2026-06-03,prep_plan,Finance Analyst,4,4,0,1.0,1529.25,5798
2026-06-03,prep_plan,Product Manager,6,6,0,1.0,1704.5,9221
2026-06-03,prep_plan,Software Engineer,1,1,0,1.0,1354.0,1572
2026-06-03,prep_plan,UX Designer,4,4,0,1.0,1150.5,5315
2026-06-03,study_notes,Data Analyst,40,38,2,0.95,2202.35,75788
2026-06-03,study_notes,Finance Analyst,45,43,2,0.9556,2059.22,81268
2026-06-03,study_notes,Product Manager,39,38,1,0.9744,2153.54,72233
2026-06-03,study_notes,Software Engineer,44,43,1,0.9773,2090.55,83291
2026-06-03,study_notes,UX Designer,45,44,1,0.9778,2160.44,85283
2026-06-04,exam_generation,Data Analyst,4,4,0,1.0,2058.5,6051
2026-06-04,exam_generation,Finance Analyst,10,9,1,0.9,1763.2,13106
2026-06-04,exam_generation,Product Manager,13,12,1,0.9231,1575.77,19190
2026-06-04,exam_generation,Software Engineer,5,5,0,1.0,1313.0,7522
2026-06-04,exam_generation,UX Designer,8,7,1,0.875,1799.75,11855
2026-06-04,job_analysis,Data Analyst,7,7,0,1.0,1788.14,10467
2026-06-04,job_analysis,Finance Analyst,8,7,1,0.875,1605.75,10833
2026-06-04,job_analysis,Product Manager,7,7,0,1.0,1677.0,10766
2026-06-04,job_analysis,Software Engineer,9,9,0,1.0,1513.0,13705
2026-06-04,job_analysis,UX Designer,11,11,0,1.0,1757.45,17584
2026-06-04,mock_interview,Data Analyst,3,3,0,1.0,1624.67,4358
2026-06-04,mock_interview,Finance Analyst,1,1,0,1.0,1761.0,1297
2026-06-04,mock_interview,Product Manager,4,3,1,0.75,1613.75,4729
2026-06-04,mock_interview,UX Designer,2,1,1,0.5,1922.0,2876
2026-06-04,prep_plan,Data Analyst,4,4,0,1.0,1606.75,5493
2026-06-04,prep_plan,Finance Analyst,4,4,0,1.0,1607.75,5612
2026-06-04,prep_plan,Product Manager,6,6,0,1.0,1280.67,7829
2026-06-04,prep_plan,Software Engineer,4,4,0,1.0,1691.75,6181
2026-06-04,prep_plan,UX Designer,6,6,0,1.0,1534.83,8989
2026-06-04,study_notes,Data Analyst,40,40,0,1.0,2074.53,78456
2026-06-04,study_notes,Finance Analyst,44,40,4,0.9091,2102.91,75592
2026-06-04,study_notes,Product Manager,42,40,2,0.9524,2174.95,76815
2026-06-04,study_notes,Software Engineer,43,41,2,0.9535,2273.67,78354
2026-06-04,study_notes,UX Designer,58,54,4,0.931,2215.84,104203
2026-06-05,exam_generation,Data Analyst,8,8,0,1.0,2004.0,12661
2026-06-05,exam_generation,Finance Analyst,8,8,0,1.0,1505.75,11885
2026-06-05,exam_generation,Product Manager,5,5,0,1.0,1894.2,6820
2026-06-05,exam_generation,Software Engineer,12,12,0,1.0,1592.08,18281
2026-06-05,exam_generation,UX Designer,12,12,0,1.0,1494.0,19832
2026-06-05,job_analysis,Data Analyst,6,5,1,0.8333,1791.5,9123
2026-06-05,job_analysis,Finance Analyst,9,9,0,1.0,1480.33,12647
2026-06-05,job_analysis,Product Manager,7,7,0,1.0,1538.57,10715
2026-06-05,job_analysis,Software Engineer,7,7,0,1.0,1669.86,11556
2026-06-05,job_analysis,UX Designer,10,9,1,0.9,1706.2,14998
2026-06-05,mock_interview,Data Analyst,3,3,0,1.0,1398.67,4549
2026-06-05,mock_interview,Finance Analyst,1,1,0,1.0,1456.0,1319
2026-06-05,mock_interview,Software Engineer,2,2,0,1.0,1434.5,3263
2026-06-05,mock_interview,UX Designer,2,2,0,1.0,2192.0,3114
2026-06-05,prep_plan,Finance Analyst,4,4,0,1.0,1134.75,5940
2026-06-05,prep_plan,Product Manager,7,7,0,1.0,1584.71,11178
2026-06-05,prep_plan,Software Engineer,4,3,1,0.75,1542.25,4730
2026-06-05,prep_plan,UX Designer,10,10,0,1.0,1812.8,15699
2026-06-05,study_notes,Data Analyst,43,41,2,0.9535,2039.14,79662
2026-06-05,study_notes,Finance Analyst,42,38,4,0.9048,2058.83,74430
2026-06-05,study_notes,Product Manager,42,38,4,0.9048,2021.98,75699
2026-06-05,study_notes,Software Engineer,35,34,1,0.9714,2252.23,63262
2026-06-05,study_notes,UX Designer,53,50,3,0.9434,2073.98,100999
2026-06-06,exam_generation,Data Analyst,6,6,0,1.0,1889.33,8378
2026-06-06,exam_generation,Finance Analyst,7,7,0,1.0,1636.14,10558
2026-06-06,exam_generation,Product Manager,12,11,1,0.9167,1914.92,15793
2026-06-06,exam_generation,Software Engineer,9,9,0,1.0,1839.67,12215
2026-06-06,exam_generation,UX Designer,12,12,0,1.0,1566.5,18021
2026-06-06,job_analysis,Data Analyst,9,9,0,1.0,1299.67,12451
2026-06-06,job_analysis,Finance Analyst,11,10,1,0.9091,1443.0,15635
2026-06-06,job_analysis,Product Manager,5,5,0,1.0,1741.2,8267
2026-06-06,job_analysis,Software Engineer,10,10,0,1.0,1390.4,14580
2026-06-06,job_analysis,UX Designer,12,12,0,1.0,1795.42,17528
2026-06-06,mock_interview,Finance Analyst,3,2,1,0.6667,1619.0,3771
2026-06-06,mock_interview,Product Manager,3,3,0,1.0,1568.0,4670
2026-06-06,mock_interview,Software Engineer,4,3,1,0.75,1522.0,5161
2026-06-06,mock_interview,UX Designer,1,1,0,1.0,1823.0,1770
2026-06-06,prep_plan,Data Analyst,2,2,0,1.0,1549.0,3371
2026-06-06,prep_plan,Finance Analyst,6,5,1,0.8333,1837.83,7911
2026-06-06,prep_plan,Product Manager,6,6,0,1.0,1549.33,9816
2026-06-06,prep_plan,Software Engineer,5,5,0,1.0,1809.0,7687
2026-06-06,prep_plan,UX Designer,9,9,0,1.0,1621.11,12842
2026-06-06,study_notes,Data Analyst,32,28,4,0.875,2148.78,57428
2026-06-06,study_notes,Finance Analyst,40,37,3,0.925,2173.2,72307
2026-06-06,study_notes,Product Manager,47,45,2,0.9574,2024.21,88564
2026-06-06,study_notes,Software Engineer,50,47,3,0.94,2169.82,89517
2026-06-06,study_notes,UX Designer,64,59,5,0.9219,2194.14,109859
2026-06-07,exam_generation,Data Analyst,7,7,0,1.0,1692.43,10150
2026-06-07,exam_generation,Finance Analyst,13,13,0,1.0,1672.77,20540
2026-06-07,exam_generation,Product Manager,12,11,1,0.9167,1568.92,18012
2026-06-07,exam_generation,Software Engineer,13,13,0,1.0,1765.62,18934
2026-06-07,exam_generation,UX Designer,13,12,1,0.9231,1676.62,16511
2026-06-07,job_analysis,Data Analyst,6,6,0,1.0,1756.67,8376
2026-06-07,job_analysis,Finance Analyst,10,10,0,1.0,1826.6,13797
2026-06-07,job_analysis,Product Manager,12,12,0,1.0,1915.42,17290
2026-06-07,job_analysis,Software Engineer,10,10,0,1.0,1707.5,15088
2026-06-07,job_analysis,UX Designer,6,5,1,0.8333,1390.17,8839
2026-06-07,mock_interview,Finance Analyst,1,1,0,1.0,1528.0,1689
2026-06-07,mock_interview,Software Engineer,5,5,0,1.0,1897.8,6740
2026-06-07,mock_interview,UX Designer,1,1,0,1.0,1947.0,1990
2026-06-07,prep_plan,Data Analyst,6,6,0,1.0,1410.0,9115
2026-06-07,prep_plan,Finance Analyst,7,7,0,1.0,1373.0,11876
2026-06-07,prep_plan,Product Manager,7,6,1,0.8571,1368.14,9731
2026-06-07,prep_plan,Software Engineer,5,4,1,0.8,1703.6,7606
2026-06-07,prep_plan,UX Designer,8,8,0,1.0,1664.62,12206
2026-06-07,study_notes,Data Analyst,30,29,1,0.9667,2233.4,52475
2026-06-07,study_notes,Finance Analyst,40,40,0,1.0,2124.88,74895
2026-06-07,study_notes,Product Manager,46,44,2,0.9565,2190.98,83974
2026-06-07,study_notes,Software Engineer,36,36,0,1.0,2072.06,65568
2026-06-07,study_notes,UX Designer,48,45,3,0.9375,2231.35,86994
2026-06-08,exam_generation,Data Analyst,12,12,0,1.0,1768.42,16681
2026-06-08,exam_generation,Finance Analyst,8,8,0,1.0,1313.38,11273
2026-06-08,exam_generation,Product Manager,12,11,1,0.9167,1661.67,18290
2026-06-08,exam_generation,Software Engineer,8,8,0,1.0,1755.88,10009
2026-06-08,exam_generation,UX Designer,13,13,0,1.0,1621.23,19591
2026-06-08,job_analysis,Data Analyst,11,11,0,1.0,1680.91,16884
2026-06-08,job_analysis,Finance Analyst,10,10,0,1.0,1676.7,14418
2026-06-08,job_analysis,Product Manager,7,7,0,1.0,1814.71,9602
2026-06-08,job_analysis,Software Engineer,8,8,0,1.0,1927.5,11890
2026-06-08,job_analysis,UX Designer,11,10,1,0.9091,1741.91,16860
2026-06-08,mock_interview,Data Analyst,2,2,0,1.0,2121.5,3113
2026-06-08,mock_interview,Finance Analyst,2,2,0,1.0,1718.0,3208
2026-06-08,mock_interview,Product Manager,2,2,0,1.0,1921.0,3182
2026-06-08,mock_interview,Software Engineer,3,2,1,0.6667,1406.0,4274
2026-06-08,mock_interview,UX Designer,5,5,0,1.0,1945.4,7967
2026-06-08,prep_plan,Data Analyst,6,6,0,1.0,1640.33,9011
2026-06-08,prep_plan,Finance Analyst,8,7,1,0.875,1685.5,12095
2026-06-08,prep_plan,Product Manager,4,4,0,1.0,1788.75,5433
2026-06-08,prep_plan,Software Engineer,4,4,0,1.0,1274.25,6291
2026-06-08,prep_plan,UX Designer,5,5,0,1.0,1381.0,7940
2026-06-08,study_notes,Data Analyst,44,43,1,0.9773,2195.45,83093
2026-06-08,study_notes,Finance Analyst,46,42,4,0.913,2144.61,80514
2026-06-08,study_notes,Product Manager,55,54,1,0.9818,2150.64,104016
2026-06-08,study_notes,Software Engineer,35,34,1,0.9714,2292.29,62532
2026-06-08,study_notes,UX Designer,52,49,3,0.9423,2260.6,92191
2026-06-09,exam_generation,Data Analyst,5,4,1,0.8,1964.4,6706
2026-06-09,exam_generation,Finance Analyst,14,14,0,1.0,1624.43,22003
2026-06-09,exam_generation,Product Manager,7,6,1,0.8571,1617.71,9828
2026-06-09,exam_generation,Software Engineer,15,12,3,0.8,1694.4,20380
2026-06-09,exam_generation,UX Designer,6,6,0,1.0,2036.83,9643
2026-06-09,job_analysis,Data Analyst,10,10,0,1.0,1636.2,14951
2026-06-09,job_analysis,Finance Analyst,16,16,0,1.0,1705.62,24719
2026-06-09,job_analysis,Product Manager,16,14,2,0.875,1832.69,23921
2026-06-09,job_analysis,Software Engineer,8,8,0,1.0,1628.38,12552
2026-06-09,job_analysis,UX Designer,8,8,0,1.0,1600.12,11929
2026-06-09,mock_interview,Finance Analyst,2,2,0,1.0,1436.5,2603
2026-06-09,mock_interview,Product Manager,3,3,0,1.0,2323.33,4837
2026-06-09,mock_interview,UX Designer,2,2,0,1.0,841.0,2858
2026-06-09,prep_plan,Data Analyst,7,7,0,1.0,2034.71,11630
2026-06-09,prep_plan,Finance Analyst,11,11,0,1.0,1715.64,16749
2026-06-09,prep_plan,Product Manager,4,4,0,1.0,1863.25,6625
2026-06-09,prep_plan,Software Engineer,10,9,1,0.9,1680.4,14194
2026-06-09,prep_plan,UX Designer,9,9,0,1.0,1616.89,13625
2026-06-09,study_notes,Data Analyst,37,37,0,1.0,2147.49,67526
2026-06-09,study_notes,Finance Analyst,40,37,3,0.925,2144.88,71058
2026-06-09,study_notes,Product Manager,48,41,7,0.8542,2209.08,81945
2026-06-09,study_notes,Software Engineer,32,31,1,0.9688,2043.28,58917
2026-06-09,study_notes,UX Designer,62,57,5,0.9194,2188.48,111445
2026-06-10,exam_generation,Data Analyst,4,4,0,1.0,1543.75,5223
2026-06-10,exam_generation,Finance Analyst,7,7,0,1.0,1521.57,10088
2026-06-10,exam_generation,Product Manager,8,8,0,1.0,1488.5,11540
2026-06-10,exam_generation,Software Engineer,9,9,0,1.0,1453.78,12647
2026-06-10,exam_generation,UX Designer,13,13,0,1.0,1615.15,20589
2026-06-10,job_analysis,Data Analyst,12,12,0,1.0,1828.92,18175
2026-06-10,job_analysis,Finance Analyst,5,5,0,1.0,1408.8,7171
2026-06-10,job_analysis,Product Manager,8,8,0,1.0,1359.88,11101
2026-06-10,job_analysis,Software Engineer,8,7,1,0.875,1206.25,12320
2026-06-10,job_analysis,UX Designer,8,7,1,0.875,1830.25,11141
2026-06-10,mock_interview,Data Analyst,1,1,0,1.0,662.0,1623
2026-06-10,mock_interview,Finance Analyst,2,2,0,1.0,1889.5,2855
2026-06-10,mock_interview,Product Manager,3,3,0,1.0,866.0,4538
2026-06-10,mock_interview,Software Engineer,2,2,0,1.0,2021.5,2804
2026-06-10,prep_plan,Data Analyst,3,3,0,1.0,2676.67,4584
2026-06-10,prep_plan,Finance Analyst,6,6,0,1.0,1804.0,9782
2026-06-10,prep_plan,Product Manager,4,4,0,1.0,2019.75,6897
2026-06-10,prep_plan,Software Engineer,6,5,1,0.8333,1880.33,7015
2026-06-10,prep_plan,UX Designer,3,3,0,1.0,1763.0,3510
2026-06-10,study_notes,Data Analyst,31,29,2,0.9355,2218.26,55580
2026-06-10,study_notes,Finance Analyst,53,52,1,0.9811,2187.49,97947
2026-06-10,study_notes,Product Manager,52,49,3,0.9423,2098.6,91103
2026-06-10,study_notes,Software Engineer,40,37,3,0.925,2077.3,71923
2026-06-10,study_notes,UX Designer,60,57,3,0.95,2098.88,106094
2026-06-11,exam_generation,Data Analyst,7,7,0,1.0,1635.29,9703
2026-06-11,exam_generation,Finance Analyst,11,11,0,1.0,1719.73,17233
2026-06-11,exam_generation,Product Manager,11,11,0,1.0,1808.45,16876
2026-06-11,exam_generation,Software Engineer,10,10,0,1.0,1720.4,15180
2026-06-11,exam_generation,UX Designer,16,16,0,1.0,1620.88,25260
2026-06-11,job_analysis,Data Analyst,12,12,0,1.0,1850.5,17683
2026-06-11,job_analysis,Finance Analyst,8,7,1,0.875,1317.0,11894
2026-06-11,job_analysis,Product Manager,5,4,1,0.8,1852.0,7240
2026-06-11,job_analysis,Software Engineer,10,10,0,1.0,1559.1,15318
2026-06-11,job_analysis,UX Designer,10,8,2,0.8,1855.1,12695
2026-06-11,mock_interview,Data Analyst,2,2,0,1.0,1097.5,2639
2026-06-11,mock_interview,Finance Analyst,3,3,0,1.0,1205.0,4002
2026-06-11,mock_interview,Product Manager,1,1,0,1.0,1847.0,2163
2026-06-11,mock_interview,UX Designer,4,2,2,0.5,1833.75,5243
2026-06-11,prep_plan,Data Analyst,3,3,0,1.0,1786.0,3813
2026-06-11,prep_plan,Finance Analyst,5,4,1,0.8,1674.6,6515
2026-06-11,prep_plan,Product Manager,6,6,0,1.0,1903.0,8789
2026-06-11,prep_plan,Software Engineer,1,1,0,1.0,1508.0,1171
2026-06-11,prep_plan,UX Designer,7,7,0,1.0,1678.57,10320
2026-06-11,study_notes,Data Analyst,37,32,5,0.8649,2174.22,62248
2026-06-11,study_notes,Finance Analyst,56,55,1,0.9821,2175.11,102488
2026-06-11,study_notes,Product Manager,45,44,1,0.9778,2053.11,81160
2026-06-11,study_notes,Software Engineer,41,39,2,0.9512,2161.05,73240
2026-06-11,study_notes,UX Designer,50,48,2,0.96,2185.92,93133
2026-06-12,exam_generation,Data Analyst,5,5,0,1.0,1720.0,7593
2026-06-12,exam_generation,Finance Analyst,7,7,0,1.0,1536.0,9580
2026-06-12,exam_generation,Product Manager,12,11,1,0.9167,1564.42,17515
2026-06-12,exam_generation,Software Engineer,10,8,2,0.8,1539.4,13650
2026-06-12,exam_generation,UX Designer,14,13,1,0.9286,1354.21,19664
2026-06-12,job_analysis,Data Analyst,6,6,0,1.0,1428.5,9067
2026-06-12,job_analysis,Finance Analyst,10,9,1,0.9,1871.6,15222
2026-06-12,job_analysis,Product Manager,11,11,0,1.0,1827.09,16203
2026-06-12,job_analysis,Software Engineer,8,8,0,1.0,1513.0,13022
2026-06-12,job_analysis,UX Designer,10,8,2,0.8,1736.5,12523
2026-06-12,mock_interview,Data Analyst,2,2,0,1.0,1289.5,2892
2026-06-12,mock_interview,Finance Analyst,1,1,0,1.0,2031.0,1173
2026-06-12,mock_interview,Product Manager,1,0,1,0.0,1892.0,865
2026-06-12,mock_interview,Software Engineer,2,2,0,1.0,1464.5,3047
2026-06-12,mock_interview,UX Designer,1,1,0,1.0,1414.0,1368
2026-06-12,prep_plan,Data Analyst,4,4,0,1.0,1801.0,6546
2026-06-12,prep_plan,Finance Analyst,3,2,1,0.6667,1441.33,3640
2026-06-12,prep_plan,Product Manager,8,8,0,1.0,2021.0,12237
2026-06-12,prep_plan,Software Engineer,9,8,1,0.8889,1656.44,12864
2026-06-12,prep_plan,UX Designer,8,6,2,0.75,1497.75,10321
2026-06-12,study_notes,Data Analyst,35,35,0,1.0,2093.0,63486
2026-06-12,study_notes,Finance Analyst,52,50,2,0.9615,2007.38,95177
2026-06-12,study_notes,Product Manager,46,43,3,0.9348,2143.04,82144
2026-06-12,study_notes,Software Engineer,47,46,1,0.9787,2083.21,88720
2026-06-12,study_notes,UX Designer,59,56,3,0.9492,2026.49,109367
2026-06-13,exam_generation,Data Analyst,8,5,3,0.625,1630.12,9045
2026-06-13,exam_generation,Finance Analyst,9,9,0,1.0,1402.67,13475
2026-06-13,exam_generation,Product Manager,6,6,0,1.0,1679.5,9767
2026-06-13,exam_generation,Software Engineer,7,7,0,1.0,1761.71,10686
2026-06-13,exam_generation,UX Designer,11,10,1,0.9091,1480.0,15483
2026-06-13,job_analysis,Data Analyst,4,4,0,1.0,1801.5,6697
2026-06-13,job_analysis,Finance Analyst,10,10,0,1.0,1472.2,14614
2026-06-13,job_analysis,Product Manager,10,10,0,1.0,1572.0,14781
2026-06-13,job_analysis,Software Engineer,5,5,0,1.0,1751.4,7009
2026-06-13,job_analysis,UX Designer,8,8,0,1.0,1625.88,11243
2026-06-13,mock_interview,Data Analyst,2,2,0,1.0,1586.0,2991
2026-06-13,mock_interview,Finance Analyst,7,7,0,1.0,1957.57,10663
2026-06-13,mock_interview,Software Engineer,1,1,0,1.0,2223.0,1289
2026-06-13,mock_interview,UX Designer,2,2,0,1.0,1776.0,2712
2026-06-13,prep_plan,Data Analyst,6,6,0,1.0,1882.83,9195
2026-06-13,prep_plan,Finance Analyst,4,4,0,1.0,1582.5,5251
2026-06-13,prep_plan,Product Manager,5,5,0,1.0,1396.6,7151
2026-06-13,prep_plan,Software Engineer,5,5,0,1.0,1705.6,8007
2026-06-13,prep_plan,UX Designer,4,4,0,1.0,1262.75,5980
2026-06-13,study_notes,Data Analyst,29,28,1,0.9655,1934.69,51956
2026-06-13,study_notes,Finance Analyst,42,41,1,0.9762,2137.14,75353
2026-06-13,study_notes,Product Manager,45,42,3,0.9333,2162.62,83329
2026-06-13,study_notes,Software Engineer,51,49,2,0.9608,2263.0,92978
2026-06-13,study_notes,UX Designer,44,44,0,1.0,2085.3,80217
2026-06-14,exam_generation,Data Analyst,8,8,0,1.0,1527.75,11471
2026-06-14,exam_generation,Finance Analyst,11,10,1,0.9091,1615.64,17569
2026-06-14,exam_generation,Product Manager,14,14,0,1.0,1391.36,19952
2026-06-14,exam_generation,Software Engineer,8,8,0,1.0,1759.88,13264
2026-06-14,exam_generation,UX Designer,12,11,1,0.9167,1688.08,18145
2026-06-14,job_analysis,Data Analyst,8,7,1,0.875,1501.12,14252
2026-06-14,job_analysis,Finance Analyst,9,9,0,1.0,2052.33,13475
2026-06-14,job_analysis,Product Manager,7,7,0,1.0,1665.14,9540
2026-06-14,job_analysis,Software Engineer,3,2,1,0.6667,1245.0,4527
2026-06-14,job_analysis,UX Designer,7,6,1,0.8571,1749.71,9635
2026-06-14,mock_interview,Data Analyst,1,1,0,1.0,974.0,1354
2026-06-14,mock_interview,Finance Analyst,2,2,0,1.0,2107.0,3303
2026-06-14,mock_interview,Product Manager,2,2,0,1.0,1695.5,3307
2026-06-14,mock_interview,Software Engineer,2,2,0,1.0,1494.0,2566
2026-06-14,mock_interview,UX Designer,5,5,0,1.0,1581.0,7117
2026-06-14,prep_plan,Data Analyst,5,5,0,1.0,1566.6,8239
2026-06-14,prep_plan,Finance Analyst,10,9,1,0.9,1707.9,14141
2026-06-14,prep_plan,Product Manager,6,6,0,1.0,1808.17,8072
2026-06-14,prep_plan,Software Engineer,2,2,0,1.0,1200.5,2524
2026-06-14,prep_plan,UX Designer,7,7,0,1.0,1990.43,11900
2026-06-14,study_notes,Data Analyst,37,37,0,1.0,2259.51,67284
2026-06-14,study_notes,Finance Analyst,46,44,2,0.9565,2201.7,83657
2026-06-14,study_notes,Product Manager,55,53,2,0.9636,2183.4,95929
2026-06-14,study_notes,Software Engineer,34,32,2,0.9412,1947.12,61964
2026-06-14,study_notes,UX Designer,49,45,4,0.9184,2139.53,86605
2026-06-15,exam_generation,Data Analyst,6,6,0,1.0,1247.67,8761
2026-06-15,exam_generation,Finance Analyst,15,14,1,0.9333,1787.67,21418
2026-06-15,exam_generation,Product Manager,11,11,0,1.0,1520.73,18577
2026-06-15,exam_generation,Software Engineer,16,14,2,0.875,1802.62,23578
2026-06-15,exam_generation,UX Designer,9,9,0,1.0,1176.0,13718
2026-06-15,job_analysis,Data Analyst,2,2,0,1.0,1144.0,2799
2026-06-15,job_analysis,Finance Analyst,9,9,0,1.0,1779.11,12123
2026-06-15,job_analysis,Product Manager,6,6,0,1.0,1461.17,9162
2026-06-15,job_analysis,Software Engineer,13,13,0,1.0,1506.38,18350
2026-06-15,job_analysis,UX Designer,10,9,1,0.9,1496.6,13023
2026-06-15,mock_interview,Data Analyst,1,1,0,1.0,2378.0,1359
2026-06-15,mock_interview,Finance Analyst,2,1,1,0.5,1201.0,1884
2026-06-15,mock_interview,Product Manager,1,1,0,1.0,1375.0,1711
2026-06-15,mock_interview,Software Engineer,1,0,1,0.0,1621.0,1062
2026-06-15,mock_interview,UX Designer,3,2,1,0.6667,2103.0,4184
2026-06-15,prep_plan,Data Analyst,3,3,0,1.0,1159.0,5039
2026-06-15,prep_plan,Finance Analyst,7,6,1,0.8571,1901.0,9688
2026-06-15,prep_plan,Product Manager,6,6,0,1.0,1593.67,8586
2026-06-15,prep_plan,Software Engineer,5,5,0,1.0,1250.8,6547
2026-06-15,prep_plan,UX Designer,5,5,0,1.0,1686.2,6975
2026-06-15,study_notes,Data Analyst,33,30,3,0.9091,2139.52,56293
2026-06-15,study_notes,Finance Analyst,68,65,3,0.9559,2106.79,121724
2026-06-15,study_notes,Product Manager,38,37,1,0.9737,2148.87,73546
2026-06-15,study_notes,Software Engineer,48,47,1,0.9792,2055.44,91980
2026-06-15,study_notes,UX Designer,53,50,3,0.9434,2312.36,97259
2026-06-16,exam_generation,Data Analyst,6,5,1,0.8333,2174.67,8853
2026-06-16,exam_generation,Finance Analyst,7,7,0,1.0,1608.0,10734
2026-06-16,exam_generation,Product Manager,9,9,0,1.0,1447.33,12083
2026-06-16,exam_generation,Software Engineer,7,7,0,1.0,1941.43,11289
2026-06-16,exam_generation,UX Designer,13,13,0,1.0,1689.08,17670
2026-06-16,job_analysis,Data Analyst,5,5,0,1.0,1870.6,6020
2026-06-16,job_analysis,Finance Analyst,8,8,0,1.0,1465.38,11849
2026-06-16,job_analysis,Product Manager,11,11,0,1.0,1879.09,16689
2026-06-16,job_analysis,Software Engineer,4,4,0,1.0,2040.25,6548
2026-06-16,job_analysis,UX Designer,8,8,0,1.0,1509.75,13026
2026-06-16,mock_interview,Data Analyst,1,1,0,1.0,2245.0,1988
2026-06-16,mock_interview,Finance Analyst,1,1,0,1.0,896.0,1375
2026-06-16,mock_interview,Product Manager,1,1,0,1.0,1976.0,1427
2026-06-16,mock_interview,UX Designer,2,2,0,1.0,1233.0,3438
2026-06-16,prep_plan,Data Analyst,6,6,0,1.0,1370.83,9639
2026-06-16,prep_plan,Finance Analyst,10,9,1,0.9,1863.6,15259
2026-06-16,prep_plan,Product Manager,9,8,1,0.8889,1442.22,14067
2026-06-16,prep_plan,Software Engineer,3,3,0,1.0,1619.67,4425
2026-06-16,prep_plan,UX Designer,5,5,0,1.0,1569.0,7267
2026-06-16,study_notes,Data Analyst,34,33,1,0.9706,2331.47,62832
2026-06-16,study_notes,Finance Analyst,53,52,1,0.9811,2323.13,92845
2026-06-16,study_notes,Product Manager,45,40,5,0.8889,2236.8,79036
2026-06-16,study_notes,Software Engineer,33,32,1,0.9697,2240.03,62293
2026-06-16,study_notes,UX Designer,54,50,4,0.9259,2167.91,96160
2026-06-17,exam_generation,Data Analyst,7,7,0,1.0,1689.43,9517
2026-06-17,exam_generation,Finance Analyst,9,9,0,1.0,1417.33,13616
2026-06-17,exam_generation,Product Manager,14,13,1,0.9286,1783.43,19329
2026-06-17,exam_generation,Software Engineer,9,9,0,1.0,1600.0,14235
2026-06-17,exam_generation,UX Designer,14,12,2,0.8571,1760.07,18114
2026-06-17,job_analysis,Data Analyst,12,12,0,1.0,1648.58,19346
2026-06-17,job_analysis,Finance Analyst,8,8,0,1.0,1209.88,10707
2026-06-17,job_analysis,Product Manager,9,9,0,1.0,1152.78,13389
2026-06-17,job_analysis,Software Engineer,6,6,0,1.0,1574.67,8223
2026-06-17,job_analysis,UX Designer,8,8,0,1.0,1746.62,11568
2026-06-17,mock_interview,Data Analyst,3,2,1,0.6667,1599.0,4100
2026-06-17,mock_interview,Finance Analyst,2,2,0,1.0,784.0,2404
2026-06-17,mock_interview,Product Manager,2,2,0,1.0,779.5,3352
2026-06-17,mock_interview,UX Designer,1,1,0,1.0,2217.0,1489
2026-06-17,prep_plan,Data Analyst,3,3,0,1.0,1237.0,4076
2026-06-17,prep_plan,Finance Analyst,2,2,0,1.0,1290.5,2953
2026-06-17,prep_plan,Product Manager,3,3,0,1.0,1326.67,4214
2026-06-17,prep_plan,Software Engineer,3,3,0,1.0,1642.67,3739
2026-06-17,prep_plan,UX Designer,3,3,0,1.0,1318.0,4477
2026-06-17,study_notes,Data Analyst,40,39,1,0.975,2246.53,73682
2026-06-17,study_notes,Finance Analyst,50,46,4,0.92,2167.24,87821
2026-06-17,study_notes,Product Manager,47,44,3,0.9362,2300.7,83278
2026-06-17,study_notes,Software Engineer,34,34,0,1.0,2265.06,61323
2026-06-17,study_notes,UX Designer,47,44,3,0.9362,2195.4,82963
2026-06-18,exam_generation,Data Analyst,3,3,0,1.0,1625.67,3832
2026-06-18,exam_generation,Finance Analyst,10,10,0,1.0,1618.3,14876
2026-06-18,exam_generation,Product Manager,13,12,1,0.9231,1546.15,18488
2026-06-18,exam_generation,Software Engineer,10,10,0,1.0,1506.8,15400
2026-06-18,exam_generation,UX Designer,8,7,1,0.875,1527.75,11551
2026-06-18,job_analysis,Data Analyst,5,5,0,1.0,1765.2,7296
2026-06-18,job_analysis,Finance Analyst,8,7,1,0.875,1435.75,10708
2026-06-18,job_analysis,Product Manager,5,5,0,1.0,1760.2,8427
2026-06-18,job_analysis,Software Engineer,11,11,0,1.0,1632.82,16290
2026-06-18,job_analysis,UX Designer,10,10,0,1.0,1638.2,13058
2026-06-18,mock_interview,Finance Analyst,2,2,0,1.0,1665.5,3048
2026-06-18,mock_interview,Product Manager,5,5,0,1.0,1985.4,7648
2026-06-18,mock_interview,Software Engineer,2,1,1,0.5,1614.5,1944
2026-06-18,mock_interview,UX Designer,1,1,0,1.0,1831.0,1581
2026-06-18,prep_plan,Data Analyst,9,9,0,1.0,1484.78,13984
2026-06-18,prep_plan,Finance Analyst,3,3,0,1.0,1991.0,4906
2026-06-18,prep_plan,Product Manager,9,9,0,1.0,1826.89,13864
2026-06-18,prep_plan,Software Engineer,7,7,0,1.0,1670.29,10715
2026-06-18,prep_plan,UX Designer,2,2,0,1.0,1758.0,2622
2026-06-18,study_notes,Data Analyst,39,38,1,0.9744,2092.62,71338
2026-06-18,study_notes,Finance Analyst,48,46,2,0.9583,2084.65,83869
2026-06-18,study_notes,Product Manager,40,38,2,0.95,2125.12,73351
2026-06-18,study_notes,Software Engineer,33,31,2,0.9394,2087.09,57759
2026-06-18,study_notes,UX Designer,51,49,2,0.9608,2045.49,95676
2026-06-19,exam_generation,Data Analyst,10,9,1,0.9,1589.0,15160
2026-06-19,exam_generation,Finance Analyst,8,8,0,1.0,1901.88,11315
2026-06-19,exam_generation,Product Manager,8,7,1,0.875,1273.62,11180
2026-06-19,exam_generation,Software Engineer,2,2,0,1.0,1444.0,2584
2026-06-19,exam_generation,UX Designer,10,10,0,1.0,1574.2,14649
2026-06-19,job_analysis,Data Analyst,7,7,0,1.0,1551.14,9972
2026-06-19,job_analysis,Finance Analyst,4,4,0,1.0,1894.5,6489
2026-06-19,job_analysis,Product Manager,12,12,0,1.0,1589.92,17356
2026-06-19,job_analysis,Software Engineer,8,8,0,1.0,1812.0,12276
2026-06-19,job_analysis,UX Designer,9,9,0,1.0,1732.33,12515
2026-06-19,mock_interview,Data Analyst,3,3,0,1.0,1015.67,3844
2026-06-19,mock_interview,Finance Analyst,1,1,0,1.0,1730.0,1654
2026-06-19,mock_interview,Product Manager,1,1,0,1.0,2360.0,1354
2026-06-19,mock_interview,UX Designer,2,2,0,1.0,1831.0,2477
2026-06-19,prep_plan,Data Analyst,2,2,0,1.0,1918.0,3167
2026-06-19,prep_plan,Finance Analyst,8,7,1,0.875,1189.12,10428
2026-06-19,prep_plan,Product Manager,7,5,2,0.7143,1827.14,8503
2026-06-19,prep_plan,Software Engineer,2,2,0,1.0,1879.5,3081
2026-06-19,prep_plan,UX Designer,11,11,0,1.0,1787.09,15570
2026-06-19,study_notes,Data Analyst,33,29,4,0.8788,2227.73,56943
2026-06-19,study_notes,Finance Analyst,56,54,2,0.9643,2189.48,105622
2026-06-19,study_notes,Product Manager,50,49,1,0.98,2199.9,93227
2026-06-19,study_notes,Software Engineer,40,38,2,0.95,2089.35,73828
2026-06-19,study_notes,UX Designer,55,54,1,0.9818,2202.64,102389
2026-06-20,exam_generation,Data Analyst,5,4,1,0.8,1705.2,5872
2026-06-20,exam_generation,Finance Analyst,9,9,0,1.0,1722.33,13676
2026-06-20,exam_generation,Product Manager,9,9,0,1.0,1737.22,11654
2026-06-20,exam_generation,Software Engineer,9,9,0,1.0,1802.22,13834
2026-06-20,exam_generation,UX Designer,14,13,1,0.9286,1643.57,20217
2026-06-20,job_analysis,Data Analyst,7,7,0,1.0,1384.29,10769
2026-06-20,job_analysis,Finance Analyst,13,12,1,0.9231,1484.08,17984
2026-06-20,job_analysis,Product Manager,7,7,0,1.0,1795.0,10297
2026-06-20,job_analysis,Software Engineer,11,10,1,0.9091,1749.91,15734
2026-06-20,job_analysis,UX Designer,7,7,0,1.0,1889.29,10300
2026-06-20,mock_interview,Finance Analyst,3,3,0,1.0,1349.0,4241
2026-06-20,mock_interview,Product Manager,2,2,0,1.0,2304.0,3329
2026-06-20,mock_interview,Software Engineer,1,1,0,1.0,1756.0,1564
2026-06-20,mock_interview,UX Designer,3,3,0,1.0,1448.0,3850
2026-06-20,prep_plan,Data Analyst,3,3,0,1.0,1321.33,4182
2026-06-20,prep_plan,Finance Analyst,7,7,0,1.0,1827.0,10111
2026-06-20,prep_plan,Product Manager,5,4,1,0.8,1594.2,5765
2026-06-20,prep_plan,Software Engineer,8,7,1,0.875,1743.38,11550
2026-06-20,prep_plan,UX Designer,5,5,0,1.0,1592.8,7045
2026-06-20,study_notes,Data Analyst,41,39,2,0.9512,2331.88,75511
2026-06-20,study_notes,Finance Analyst,54,52,2,0.963,2227.46,100254
2026-06-20,study_notes,Product Manager,47,47,0,1.0,2107.0,88938
2026-06-20,study_notes,Software Engineer,31,30,1,0.9677,2143.55,56492
2026-06-20,study_notes,UX Designer,44,41,3,0.9318,2075.7,77072
2026-06-21,exam_generation,Data Analyst,7,7,0,1.0,1432.14,10467
2026-06-21,exam_generation,Finance Analyst,12,12,0,1.0,1725.42,18168
2026-06-21,exam_generation,Product Manager,10,9,1,0.9,1517.8,15876
2026-06-21,exam_generation,Software Engineer,8,8,0,1.0,1508.0,11575
2026-06-21,exam_generation,UX Designer,8,8,0,1.0,1946.25,11938
2026-06-21,job_analysis,Data Analyst,5,4,1,0.8,1495.0,6209
2026-06-21,job_analysis,Finance Analyst,6,6,0,1.0,1657.67,10116
2026-06-21,job_analysis,Product Manager,6,6,0,1.0,1685.5,10034
2026-06-21,job_analysis,Software Engineer,13,12,1,0.9231,1430.85,19126
2026-06-21,job_analysis,UX Designer,12,12,0,1.0,1569.17,18706
2026-06-21,mock_interview,Data Analyst,1,1,0,1.0,1524.0,1084
2026-06-21,mock_interview,Product Manager,2,2,0,1.0,1460.5,2995
2026-06-21,mock_interview,Software Engineer,3,3,0,1.0,1393.0,5167
2026-06-21,mock_interview,UX Designer,1,1,0,1.0,1785.0,1576
2026-06-21,prep_plan,Data Analyst,7,7,0,1.0,1355.71,9925
2026-06-21,prep_plan,Finance Analyst,6,6,0,1.0,1604.5,9820
2026-06-21,prep_plan,Product Manager,3,3,0,1.0,1723.67,5250
2026-06-21,prep_plan,Software Engineer,8,7,1,0.875,1646.5,11881
2026-06-21,prep_plan,UX Designer,7,7,0,1.0,1321.0,11272
2026-06-21,study_notes,Data Analyst,38,35,3,0.9211,2027.11,66467
2026-06-21,study_notes,Finance Analyst,60,57,3,0.95,2173.83,105044
2026-06-21,study_notes,Product Manager,48,45,3,0.9375,2205.46,84231
2026-06-21,study_notes,Software Engineer,41,39,2,0.9512,2007.05,72905
2026-06-21,study_notes,UX Designer,40,38,2,0.95,2378.95,72303
2026-06-22,exam_generation,Data Analyst,7,6,1,0.8571,1598.86,8910
2026-06-22,exam_generation,Finance Analyst,5,4,1,0.8,1165.2,6220
2026-06-22,exam_generation,Product Manager,10,10,0,1.0,1606.4,14146
2026-06-22,exam_generation,Software Engineer,14,13,1,0.9286,1680.21,18672
2026-06-22,exam_generation,UX Designer,6,5,1,0.8333,1618.67,8735
2026-06-22,job_analysis,Data Analyst,2,2,0,1.0,1523.5,2945
2026-06-22,job_analysis,Finance Analyst,15,15,0,1.0,1758.0,21281
2026-06-22,job_analysis,Product Manager,11,10,1,0.9091,1408.36,15389
2026-06-22,job_analysis,Software Engineer,14,14,0,1.0,1620.29,22228
2026-06-22,job_analysis,UX Designer,8,8,0,1.0,1692.62,11660
2026-06-22,mock_interview,Product Manager,3,3,0,1.0,1185.33,4386
2026-06-22,mock_interview,UX Designer,2,2,0,1.0,1502.0,2982
2026-06-22,prep_plan,Data Analyst,5,5,0,1.0,1808.8,8434
2026-06-22,prep_plan,Finance Analyst,2,2,0,1.0,1714.0,3016
2026-06-22,prep_plan,Product Manager,5,5,0,1.0,1575.0,8075
2026-06-22,prep_plan,Software Engineer,4,4,0,1.0,1437.0,6090
2026-06-22,prep_plan,UX Designer,5,5,0,1.0,1795.0,7202
2026-06-22,study_notes,Data Analyst,42,39,3,0.9286,2271.14,73131
2026-06-22,study_notes,Finance Analyst,54,52,2,0.963,2092.19,100800
2026-06-22,study_notes,Product Manager,45,41,4,0.9111,2045.44,79329
2026-06-22,study_notes,Software Engineer,42,42,0,1.0,1984.14,80743
2026-06-22,study_notes,UX Designer,50,44,6,0.88,2196.86,87617
2026-06-23,exam_generation,Data Analyst,5,5,0,1.0,1236.6,6535
2026-06-23,exam_generation,Finance Analyst,11,11,0,1.0,1621.09,17986
2026-06-23,exam_generation,Product Manager,8,7,1,0.875,1637.38,11665
2026-06-23,exam_generation,Software Engineer,11,9,2,0.8182,1633.18,15830
2026-06-23,exam_generation,UX Designer,11,11,0,1.0,1661.64,17644
2026-06-23,job_analysis,Data Analyst,8,7,1,0.875,1621.0,9087
2026-06-23,job_analysis,Finance Analyst,7,7,0,1.0,1718.0,9896
2026-06-23,job_analysis,Product Manager,6,5,1,0.8333,1789.67,7172
2026-06-23,job_analysis,Software Engineer,7,7,0,1.0,1376.0,10101
2026-06-23,job_analysis,UX Designer,6,6,0,1.0,1651.5,8854
2026-06-23,mock_interview,Finance Analyst,3,3,0,1.0,1315.0,5243
2026-06-23,mock_interview,Product Manager,1,1,0,1.0,1097.0,1013
2026-06-23,mock_interview,Software Engineer,5,5,0,1.0,2066.8,8817
2026-06-23,mock_interview,UX Designer,3,3,0,1.0,1995.33,4473
2026-06-23,prep_plan,Data Analyst,6,6,0,1.0,1430.0,9861
2026-06-23,prep_plan,Finance Analyst,7,7,0,1.0,1718.43,11296
2026-06-23,prep_plan,Product Manager,6,6,0,1.0,1618.0,7521
2026-06-23,prep_plan,Software Engineer,8,8,0,1.0,1346.38,11827
2026-06-23,prep_plan,UX Designer,6,5,1,0.8333,1448.83,9121
2026-06-23,study_notes,Data Analyst,46,44,2,0.9565,2308.98,82983
2026-06-23,study_notes,Finance Analyst,45,43,2,0.9556,2194.13,84695
2026-06-23,study_notes,Product Manager,63,61,2,0.9683,2172.24,114481
2026-06-23,study_notes,Software Engineer,37,37,0,1.0,2253.86,69134
2026-06-23,study_notes,UX Designer,55,54,1,0.9818,2100.07,101503
2026-06-24,exam_generation,Data Analyst,14,14,0,1.0,1638.21,21694
2026-06-24,exam_generation,Finance Analyst,10,9,1,0.9,1750.4,12582
2026-06-24,exam_generation,Product Manager,8,6,2,0.75,1819.25,11473
2026-06-24,exam_generation,Software Engineer,14,13,1,0.9286,1558.0,21737
2026-06-24,exam_generation,UX Designer,8,7,1,0.875,1766.5,10809
2026-06-24,job_analysis,Data Analyst,5,5,0,1.0,1739.6,6830
2026-06-24,job_analysis,Finance Analyst,6,5,1,0.8333,1322.0,8407
2026-06-24,job_analysis,Product Manager,12,12,0,1.0,1511.0,18749
2026-06-24,job_analysis,Software Engineer,8,8,0,1.0,1395.25,12375
2026-06-24,job_analysis,UX Designer,13,12,1,0.9231,1663.85,19663
2026-06-24,mock_interview,Finance Analyst,1,1,0,1.0,1106.0,1082
2026-06-24,mock_interview,Product Manager,2,2,0,1.0,1081.0,3174
2026-06-24,prep_plan,Data Analyst,2,2,0,1.0,1759.0,2127
2026-06-24,prep_plan,Finance Analyst,10,10,0,1.0,1828.2,15688
2026-06-24,prep_plan,Product Manager,9,8,1,0.8889,1652.33,12329
2026-06-24,prep_plan,Software Engineer,8,8,0,1.0,1958.12,11931
2026-06-24,prep_plan,UX Designer,8,8,0,1.0,1770.5,10500
2026-06-24,study_notes,Data Analyst,32,31,1,0.9688,2012.91,57528
2026-06-24,study_notes,Finance Analyst,47,45,2,0.9574,2209.96,85994
2026-06-24,study_notes,Product Manager,46,42,4,0.913,2047.52,82868
2026-06-24,study_notes,Software Engineer,42,41,1,0.9762,2050.62,76736
2026-06-24,study_notes,UX Designer,45,41,4,0.9111,2076.24,78591
2026-06-25,exam_generation,Data Analyst,5,5,0,1.0,2125.4,7339
2026-06-25,exam_generation,Finance Analyst,11,10,1,0.9091,1387.73,16753
2026-06-25,exam_generation,Product Manager,13,13,0,1.0,1361.46,19533
2026-06-25,exam_generation,Software Engineer,14,11,3,0.7857,1761.64,18218
2026-06-25,exam_generation,UX Designer,13,13,0,1.0,1957.69,19479
2026-06-25,job_analysis,Data Analyst,5,5,0,1.0,1598.2,7760
2026-06-25,job_analysis,Finance Analyst,7,7,0,1.0,1683.86,10649
2026-06-25,job_analysis,Product Manager,8,8,0,1.0,1275.25,11606
2026-06-25,job_analysis,Software Engineer,8,8,0,1.0,1230.75,10994
2026-06-25,job_analysis,UX Designer,3,3,0,1.0,2019.33,4509
2026-06-25,mock_interview,Finance Analyst,3,3,0,1.0,1171.67,4720
2026-06-25,mock_interview,Software Engineer,1,1,0,1.0,1108.0,1306
2026-06-25,mock_interview,UX Designer,1,1,0,1.0,2113.0,1665
2026-06-25,prep_plan,Data Analyst,4,3,1,0.75,1589.75,5104
2026-06-25,prep_plan,Finance Analyst,5,5,0,1.0,1717.2,7535
2026-06-25,prep_plan,Product Manager,6,6,0,1.0,1958.33,8987
2026-06-25,prep_plan,Software Engineer,10,10,0,1.0,1684.9,14972
2026-06-25,prep_plan,UX Designer,4,4,0,1.0,1774.75,6460
2026-06-25,study_notes,Data Analyst,40,38,2,0.95,2230.72,73904
2026-06-25,study_notes,Finance Analyst,44,41,3,0.9318,2233.32,81582
2026-06-25,study_notes,Product Manager,67,61,6,0.9104,2194.12,115692
2026-06-25,study_notes,Software Engineer,48,48,0,1.0,2125.44,91203
2026-06-25,study_notes,UX Designer,48,46,2,0.9583,2132.81,87404
2026-06-26,exam_generation,Data Analyst,3,2,1,0.6667,1815.0,3268
2026-06-26,exam_generation,Finance Analyst,12,12,0,1.0,1508.58,18524
2026-06-26,exam_generation,Product Manager,14,14,0,1.0,1909.71,20645
2026-06-26,exam_generation,Software Engineer,11,9,2,0.8182,1562.91,14735
2026-06-26,exam_generation,UX Designer,11,9,2,0.8182,1905.64,14656
2026-06-26,job_analysis,Data Analyst,2,2,0,1.0,1619.0,2644
2026-06-26,job_analysis,Finance Analyst,13,12,1,0.9231,1498.92,18512
2026-06-26,job_analysis,Product Manager,8,6,2,0.75,1601.12,9690
2026-06-26,job_analysis,Software Engineer,8,8,0,1.0,1670.88,12270
2026-06-26,job_analysis,UX Designer,13,13,0,1.0,1965.62,17520
2026-06-26,mock_interview,Data Analyst,1,1,0,1.0,2784.0,578
2026-06-26,mock_interview,Product Manager,1,1,0,1.0,2185.0,1467
2026-06-26,mock_interview,Software Engineer,2,2,0,1.0,1837.0,2806
2026-06-26,mock_interview,UX Designer,2,2,0,1.0,1397.5,3030
2026-06-26,prep_plan,Data Analyst,4,4,0,1.0,1470.25,7295
2026-06-26,prep_plan,Finance Analyst,3,3,0,1.0,1276.0,4141
2026-06-26,prep_plan,Product Manager,3,3,0,1.0,1862.67,4699
2026-06-26,prep_plan,Software Engineer,4,3,1,0.75,2023.75,5630
2026-06-26,prep_plan,UX Designer,9,9,0,1.0,1502.56,13252
2026-06-26,study_notes,Data Analyst,41,40,1,0.9756,2072.12,76327
2026-06-26,study_notes,Finance Analyst,59,56,3,0.9492,2248.24,107614
2026-06-26,study_notes,Product Manager,55,49,6,0.8909,2030.87,95352
2026-06-26,study_notes,Software Engineer,51,47,4,0.9216,2209.88,93668
2026-06-26,study_notes,UX Designer,50,48,2,0.96,2118.14,89219
2026-06-27,exam_generation,Data Analyst,5,5,0,1.0,1662.0,6849
2026-06-27,exam_generation,Finance Analyst,6,6,0,1.0,1591.33,8760
2026-06-27,exam_generation,Product Manager,11,11,0,1.0,1599.09,17423
2026-06-27,exam_generation,Software Engineer,13,12,1,0.9231,1633.69,19206
2026-06-27,exam_generation,UX Designer,6,5,1,0.8333,1907.67,7828
2026-06-27,job_analysis,Data Analyst,3,3,0,1.0,2118.0,4520
2026-06-27,job_analysis,Finance Analyst,8,8,0,1.0,2003.62,11734
2026-06-27,job_analysis,Product Manager,3,3,0,1.0,1692.67,4743
2026-06-27,job_analysis,Software Engineer,11,10,1,0.9091,1617.82,16642
2026-06-27,job_analysis,UX Designer,11,11,0,1.0,1648.55,14592
2026-06-27,mock_interview,Product Manager,2,2,0,1.0,2239.0,3327
2026-06-27,mock_interview,UX Designer,1,1,0,1.0,2184.0,1891
2026-06-27,prep_plan,Data Analyst,3,3,0,1.0,1205.0,4902
2026-06-27,prep_plan,Finance Analyst,7,7,0,1.0,1607.57,9116
2026-06-27,prep_plan,Product Manager,4,3,1,0.75,1564.5,5152
2026-06-27,prep_plan,Software Engineer,6,6,0,1.0,1336.17,9046
2026-06-27,prep_plan,UX Designer,4,4,0,1.0,1519.25,6143
2026-06-27,study_notes,Data Analyst,39,39,0,1.0,2056.31,71825
2026-06-27,study_notes,Finance Analyst,42,39,3,0.9286,2134.24,75884
2026-06-27,study_notes,Product Manager,46,42,4,0.913,2207.7,78547
2026-06-27,study_notes,Software Engineer,50,47,3,0.94,2148.22,91763
2026-06-27,study_notes,UX Designer,52,49,3,0.9423,2267.48,97216
2026-06-28,exam_generation,Data Analyst,7,7,0,1.0,1346.14,10794
2026-06-28,exam_generation,Finance Analyst,9,9,0,1.0,1706.33,13672
2026-06-28,exam_generation,Product Manager,6,5,1,0.8333,1775.67,8673
2026-06-28,exam_generation,Software Engineer,9,9,0,1.0,1571.11,12631
2026-06-28,exam_generation,UX Designer,11,11,0,1.0,1570.91,16648
2026-06-28,job_analysis,Data Analyst,4,4,0,1.0,1247.0,5605
2026-06-28,job_analysis,Finance Analyst,7,6,1,0.8571,1871.71,8256
2026-06-28,job_analysis,Product Manager,7,7,0,1.0,1682.86,10121
2026-06-28,job_analysis,Software Engineer,5,5,0,1.0,1989.6,7110
2026-06-28,job_analysis,UX Designer,8,7,1,0.875,2003.38,10632
2026-06-28,mock_interview,Data Analyst,4,4,0,1.0,1757.25,6779
2026-06-28,mock_interview,Finance Analyst,6,5,1,0.8333,1966.5,8929
2026-06-28,mock_interview,Product Manager,2,2,0,1.0,1840.5,2757
2026-06-28,mock_interview,Software Engineer,1,1,0,1.0,1537.0,1207
2026-06-28,mock_interview,UX Designer,3,3,0,1.0,1727.33,4857
2026-06-28,prep_plan,Data Analyst,3,2,1,0.6667,1781.33,4217
2026-06-28,prep_plan,Finance Analyst,4,4,0,1.0,1759.0,6538
2026-06-28,prep_plan,Product Manager,4,3,1,0.75,1744.25,5755
2026-06-28,prep_plan,Software Engineer,5,5,0,1.0,1391.4,6995
2026-06-28,prep_plan,UX Designer,7,7,0,1.0,1814.43,11186
2026-06-28,study_notes,Data Analyst,28,28,0,1.0,2224.39,52763
2026-06-28,study_notes,Finance Analyst,46,45,1,0.9783,2218.59,86194
2026-06-28,study_notes,Product Manager,47,47,0,1.0,2069.66,84822
2026-06-28,study_notes,Software Engineer,54,47,7,0.8704,2092.91,90242
2026-06-28,study_notes,UX Designer,53,51,2,0.9623,2194.77,92464
2026-06-29,exam_generation,Data Analyst,7,6,1,0.8571,1394.71,9761
2026-06-29,exam_generation,Finance Analyst,6,5,1,0.8333,1435.83,8508
2026-06-29,exam_generation,Product Manager,9,9,0,1.0,1664.44,13887
2026-06-29,exam_generation,Software Engineer,10,10,0,1.0,1794.3,16065
2026-06-29,exam_generation,UX Designer,8,8,0,1.0,1402.62,12415
2026-06-29,job_analysis,Data Analyst,1,1,0,1.0,1777.0,1267
2026-06-29,job_analysis,Finance Analyst,3,3,0,1.0,1553.67,3923
2026-06-29,job_analysis,Product Manager,4,4,0,1.0,2074.5,5960
2026-06-29,job_analysis,Software Engineer,2,2,0,1.0,1925.0,2808
2026-06-29,job_analysis,UX Designer,6,6,0,1.0,1762.17,9212
2026-06-29,mock_interview,Data Analyst,2,2,0,1.0,1647.0,3062
2026-06-29,mock_interview,Finance Analyst,3,3,0,1.0,1455.67,4180
2026-06-29,mock_interview,Product Manager,1,1,0,1.0,2012.0,1499
2026-06-29,mock_interview,Software Engineer,4,4,0,1.0,1543.0,5907
2026-06-29,prep_plan,Data Analyst,2,1,1,0.5,1861.5,1696
2026-06-29,prep_plan,Finance Analyst,3,3,0,1.0,1209.67,4537
2026-06-29,prep_plan,Product Manager,2,2,0,1.0,1036.0,3100
2026-06-29,prep_plan,Software Engineer,1,1,0,1.0,1803.0,1398
2026-06-29,prep_plan,UX Designer,7,7,0,1.0,1598.71,12284
2026-06-29,study_notes,Data Analyst,30,29,1,0.9667,2069.73,54571
2026-06-29,study_notes,Finance Analyst,46,45,1,0.9783,2199.78,84210
2026-06-29,study_notes,Product Manager,47,45,2,0.9574,2024.7,85135
2026-06-29,study_notes,Software Engineer,60,58,2,0.9667,2236.5,110698
2026-06-29,study_notes,UX Designer,55,54,1,0.9818,2152.07,96412
2026-06-30,exam_generation,Data Analyst,22,20,2,0.9091,1551.68,30874
2026-06-30,exam_generation,Finance Analyst,35,34,1,0.9714,1522.89,50048
2026-06-30,exam_generation,Product Manager,18,16,2,0.8889,1612.78,26342
2026-06-30,exam_generation,Software Engineer,37,36,1,0.973,1736.59,56594
2026-06-30,exam_generation,UX Designer,36,35,1,0.9722,1680.56,51687
2026-06-30,job_analysis,Data Analyst,4,4,0,1.0,1623.0,5997
2026-06-30,job_analysis,Finance Analyst,6,6,0,1.0,1802.83,10497
2026-06-30,job_analysis,Product Manager,5,5,0,1.0,1694.8,8526
2026-06-30,job_analysis,Software Engineer,6,6,0,1.0,1822.67,8471
2026-06-30,job_analysis,UX Designer,7,7,0,1.0,1601.0,10861
2026-06-30,mock_interview,Data Analyst,4,4,0,1.0,1965.25,5570
2026-06-30,mock_interview,Finance Analyst,4,4,0,1.0,1178.0,5286
2026-06-30,mock_interview,Software Engineer,4,4,0,1.0,1355.5,5623
2026-06-30,mock_interview,UX Designer,1,1,0,1.0,2036.0,1711
2026-06-30,prep_plan,Finance Analyst,2,2,0,1.0,1381.5,3360
2026-06-30,prep_plan,Product Manager,2,2,0,1.0,1684.5,2667
2026-06-30,prep_plan,Software Engineer,7,7,0,1.0,1820.86,10931
2026-06-30,prep_plan,UX Designer,4,3,1,0.75,1740.75,6342
2026-06-30,study_notes,Data Analyst,185,175,10,0.9459,2174.15,334974
2026-06-30,study_notes,Finance Analyst,233,220,13,0.9442,2098.76,421693
2026-06-30,study_notes,Product Manager,208,201,7,0.9663,2107.02,383040
2026-06-30,study_notes,Software Engineer,290,280,10,0.9655,2149.69,529420
2026-06-30,study_notes,UX Designer,326,306,20,0.9387,2140.22,593631
2026-07-01,study_notes,Software Engineer,1,1,0,1.0,2890.0,1731
