event_date,acquisition_channel,target_role,active_users,signups,job_saves,plans_generated,notes_completed,exams_submitted,mocks_completed
2026-01-01,Company career site,Data Analyst,1,1,0,0,0,0,0
2026-01-01,Company career site,Finance Analyst,5,5,0,0,0,0,0
2026-01-01,Company career site,Product Manager,1,1,0,0,0,0,0
2026-01-01,Company career site,Software Engineer,2,2,0,0,0,0,0
2026-01-01,Company career site,UX Designer,1,1,0,0,0,0,0
2026-01-01,Handshake extension,Data Analyst,1,1,0,0,0,0,0
2026-01-01,Handshake extension,Finance Analyst,1,1,0,0,0,0,0
2026-01-01,Handshake extension,Product Manager,2,2,0,0,0,0,0
2026-01-01,Handshake extension,Software Engineer,2,2,0,0,0,0,0
2026-01-01,Handshake extension,UX Designer,2,2,0,0,0,0,0
2026-01-01,LinkedIn extension,Finance Analyst,4,4,0,0,0,0,0
2026-01-01,LinkedIn extension,Product Manager,4,4,0,0,0,0,0
2026-01-01,LinkedIn extension,Software Engineer,4,4,0,0,0,0,0
2026-01-01,LinkedIn extension,UX Designer,2,2,0,0,0,0,0
2026-01-01,Manual paste,Finance Analyst,2,2,0,0,0,0,0
2026-01-01,Manual paste,Product Manager,5,5,1,1,0,0,0
2026-01-01,Manual paste,Software Engineer,1,1,0,0,0,0,0
2026-01-01,Manual paste,UX Designer,5,5,0,0,0,0,0
2026-01-02,Company career site,Data Analyst,3,2,1,0,0,0,0
2026-01-02,Company career site,Finance Analyst,3,1,0,0,0,0,0
2026-01-02,Company career site,Product Manager,4,3,0,0,0,0,0
2026-01-02,Company career site,Software Engineer,4,3,1,0,0,0,0
2026-01-02,Company career site,UX Designer,1,0,0,0,0,0,0
2026-01-02,Handshake extension,Data Analyst,1,1,0,0,0,0,0
2026-01-02,Handshake extension,Finance Analyst,1,1,0,0,0,0,0
2026-01-02,Handshake extension,Product Manager,2,2,0,0,0,0,0
2026-01-02,Handshake extension,Software Engineer,7,5,0,0,0,0,0
2026-01-02,Handshake extension,UX Designer,7,6,0,0,0,0,0
2026-01-02,LinkedIn extension,Data Analyst,3,3,0,0,0,0,0
2026-01-02,LinkedIn extension,Finance Analyst,4,3,0,0,0,0,0
2026-01-02,LinkedIn extension,Product Manager,3,2,0,0,0,0,0
2026-01-02,LinkedIn extension,Software Engineer,6,4,2,0,0,0,0
2026-01-02,LinkedIn extension,UX Designer,2,1,0,0,0,0,0
2026-01-02,Manual paste,Data Analyst,2,2,0,0,0,0,0
2026-01-02,Manual paste,Product Manager,7,5,0,0,1,0,0
2026-01-02,Manual paste,Software Engineer,7,6,1,1,1,0,0
2026-01-02,Manual paste,UX Designer,3,2,0,0,0,0,0
2026-01-03,Company career site,Data Analyst,4,3,0,1,0,0,0
2026-01-03,Company career site,Finance Analyst,4,2,1,0,0,0,0
2026-01-03,Company career site,Product Manager,1,0,0,0,0,0,0
2026-01-03,Company career site,Software Engineer,3,1,2,1,0,0,0
2026-01-03,Company career site,UX Designer,2,2,0,0,0,0,0
2026-01-03,Handshake extension,Data Analyst,1,1,0,0,0,0,0
2026-01-03,Handshake extension,Finance Analyst,4,4,1,0,0,0,0
2026-01-03,Handshake extension,Product Manager,2,2,0,0,0,0,0
2026-01-03,Handshake extension,Software Engineer,3,2,0,0,0,0,0
2026-01-03,Handshake extension,UX Designer,3,2,1,0,0,0,0
2026-01-03,LinkedIn extension,Data Analyst,5,5,1,0,0,0,0
2026-01-03,LinkedIn extension,Finance Analyst,3,0,1,0,0,0,0
2026-01-03,LinkedIn extension,Product Manager,3,1,1,0,0,0,0
2026-01-03,LinkedIn extension,Software Engineer,8,6,2,1,0,0,0
2026-01-03,LinkedIn extension,UX Designer,3,3,0,0,0,0,0
2026-01-03,Manual paste,Data Analyst,6,6,1,0,0,0,0
2026-01-03,Manual paste,Finance Analyst,1,1,0,0,0,0,0
2026-01-03,Manual paste,Product Manager,5,1,1,0,0,0,0
2026-01-03,Manual paste,Software Engineer,2,2,0,0,0,0,0
2026-01-03,Manual paste,UX Designer,1,1,0,0,0,0,0
2026-01-04,Company career site,Data Analyst,4,3,0,0,0,0,0
2026-01-04,Company career site,Finance Analyst,2,2,0,0,0,0,0
2026-01-04,Company career site,Product Manager,4,4,0,0,0,0,0
2026-01-04,Company career site,Software Engineer,4,2,0,1,0,0,0
2026-01-04,Company career site,UX Designer,5,4,0,0,0,0,0
2026-01-04,Handshake extension,Data Analyst,9,9,0,0,0,0,0
2026-01-04,Handshake extension,Finance Analyst,5,2,1,1,0,0,0
2026-01-04,Handshake extension,Software Engineer,4,3,1,0,0,0,0
2026-01-04,Handshake extension,UX Designer,3,3,0,0,0,0,0
2026-01-04,LinkedIn extension,Data Analyst,4,3,0,0,0,0,0
2026-01-04,LinkedIn extension,Finance Analyst,4,4,0,0,0,0,0
2026-01-04,LinkedIn extension,Product Manager,5,5,0,0,0,0,0
2026-01-04,LinkedIn extension,Software Engineer,8,5,2,1,0,0,0
2026-01-04,LinkedIn extension,UX Designer,4,3,1,0,0,0,0
2026-01-04,Manual paste,Data Analyst,3,1,0,1,0,0,0
2026-01-04,Manual paste,Finance Analyst,5,5,1,0,0,0,0
2026-01-04,Manual paste,Product Manager,5,3,0,1,1,0,0
2026-01-04,Manual paste,Software Engineer,7,4,0,0,0,1,0
2026-01-04,Manual paste,UX Designer,3,1,2,1,0,0,0
2026-01-05,Company career site,Data Analyst,4,2,0,0,1,0,0
2026-01-05,Company career site,Finance Analyst,2,2,0,0,0,0,0
2026-01-05,Company career site,Product Manager,3,1,0,0,0,0,0
2026-01-05,Company career site,Software Engineer,4,1,0,1,3,1,0
2026-01-05,Company career site,UX Designer,4,2,0,0,0,0,0
2026-01-05,Handshake extension,Data Analyst,4,1,1,1,0,0,0
2026-01-05,Handshake extension,Finance Analyst,4,2,0,1,0,0,0
2026-01-05,Handshake extension,Product Manager,1,0,1,0,0,0,0
2026-01-05,Handshake extension,Software Engineer,3,1,1,0,0,0,0
2026-01-05,Handshake extension,UX Designer,8,5,1,1,0,0,0
2026-01-05,LinkedIn extension,Data Analyst,7,4,2,0,0,0,0
2026-01-05,LinkedIn extension,Finance Analyst,7,4,0,1,0,0,0
2026-01-05,LinkedIn extension,Product Manager,3,2,1,0,0,0,0
2026-01-05,LinkedIn extension,Software Engineer,11,6,2,0,2,0,0
2026-01-05,LinkedIn extension,UX Designer,3,2,0,0,0,0,0
2026-01-05,Manual paste,Data Analyst,8,6,1,0,2,0,0
2026-01-05,Manual paste,Finance Analyst,3,2,1,0,0,0,0
2026-01-05,Manual paste,Product Manager,6,4,0,0,1,0,0
2026-01-05,Manual paste,Software Engineer,1,1,1,0,0,0,0
2026-01-05,Manual paste,UX Designer,5,4,0,0,1,0,0
2026-01-06,Company career site,Data Analyst,2,2,0,0,0,0,0
2026-01-06,Company career site,Finance Analyst,2,2,1,0,0,0,0
2026-01-06,Company career site,Product Manager,2,1,0,0,0,0,0
2026-01-06,Company career site,Software Engineer,4,2,0,0,3,0,0
2026-01-06,Company career site,UX Designer,2,2,0,0,0,0,0
2026-01-06,Handshake extension,Data Analyst,3,1,1,0,0,0,0
2026-01-06,Handshake extension,Finance Analyst,6,2,1,0,1,0,0
2026-01-06,Handshake extension,Product Manager,1,1,0,0,0,0,0
2026-01-06,Handshake extension,Software Engineer,7,5,1,1,1,0,0
2026-01-06,Handshake extension,UX Designer,4,1,0,0,1,0,0
2026-01-06,LinkedIn extension,Data Analyst,3,1,0,2,0,0,0
2026-01-06,LinkedIn extension,Finance Analyst,3,2,0,0,0,0,0
2026-01-06,LinkedIn extension,Product Manager,4,3,1,1,1,0,0
2026-01-06,LinkedIn extension,Software Engineer,8,2,5,0,1,0,0
2026-01-06,LinkedIn extension,UX Designer,3,2,0,0,0,0,0
2026-01-06,Manual paste,Data Analyst,4,0,3,1,1,0,0
2026-01-06,Manual paste,Finance Analyst,6,4,0,2,1,0,0
2026-01-06,Manual paste,Product Manager,4,0,0,0,0,0,0
2026-01-06,Manual paste,Software Engineer,5,5,0,0,0,0,0
2026-01-06,Manual paste,UX Designer,6,3,1,0,0,1,0
2026-01-07,Company career site,Data Analyst,4,1,1,0,1,0,0
2026-01-07,Company career site,Finance Analyst,5,3,2,0,0,0,0
2026-01-07,Company career site,Product Manager,1,1,0,0,0,0,0
2026-01-07,Company career site,Software Engineer,6,3,1,0,2,0,0
2026-01-07,Company career site,UX Designer,4,2,1,1,0,0,0
2026-01-07,Handshake extension,Data Analyst,6,4,1,1,1,0,0
2026-01-07,Handshake extension,Finance Analyst,3,1,0,1,1,0,0
2026-01-07,Handshake extension,Product Manager,3,2,0,1,0,0,0
2026-01-07,Handshake extension,Software Engineer,3,1,0,0,0,0,0
2026-01-07,Handshake extension,UX Designer,4,2,0,0,1,0,0
2026-01-07,LinkedIn extension,Data Analyst,4,2,0,0,2,0,0
2026-01-07,LinkedIn extension,Finance Analyst,5,3,2,0,0,0,0
2026-01-07,LinkedIn extension,Product Manager,2,0,1,0,1,0,0
2026-01-07,LinkedIn extension,Software Engineer,8,3,1,1,3,0,0
2026-01-07,LinkedIn extension,UX Designer,5,4,0,1,0,0,0
2026-01-07,Manual paste,Data Analyst,4,2,0,0,1,0,0
2026-01-07,Manual paste,Finance Analyst,2,1,0,0,0,0,0
2026-01-07,Manual paste,Product Manager,3,1,1,0,0,0,0
2026-01-07,Manual paste,Software Engineer,8,5,1,0,0,0,0
2026-01-07,Manual paste,UX Designer,4,2,2,0,0,0,0
2026-01-08,Company career site,Data Analyst,4,1,0,1,1,0,0
2026-01-08,Company career site,Finance Analyst,2,0,1,1,1,0,0
2026-01-08,Company career site,Product Manager,2,1,0,0,0,0,0
2026-01-08,Company career site,Software Engineer,3,0,0,0,0,1,0
2026-01-08,Company career site,UX Designer,5,3,1,0,0,0,0
2026-01-08,Handshake extension,Data Analyst,5,3,0,0,0,0,0
2026-01-08,Handshake extension,Finance Analyst,4,1,0,0,3,0,0
2026-01-08,Handshake extension,Product Manager,4,3,0,0,0,0,0
2026-01-08,Handshake extension,Software Engineer,5,1,2,0,0,0,0
2026-01-08,Handshake extension,UX Designer,6,2,3,0,1,0,0
2026-01-08,LinkedIn extension,Data Analyst,7,3,0,1,2,0,0
2026-01-08,LinkedIn extension,Finance Analyst,4,2,1,0,0,1,0
2026-01-08,LinkedIn extension,Product Manager,5,2,2,2,0,0,0
2026-01-08,LinkedIn extension,Software Engineer,5,1,0,2,1,0,0
2026-01-08,LinkedIn extension,UX Designer,6,2,4,1,1,0,0
2026-01-08,Manual paste,Data Analyst,6,2,1,1,2,0,0
2026-01-08,Manual paste,Finance Analyst,2,0,0,0,1,0,0
2026-01-08,Manual paste,Product Manager,1,0,0,0,0,0,0
2026-01-08,Manual paste,Software Engineer,5,0,3,0,1,0,0
2026-01-08,Manual paste,UX Designer,9,5,1,2,1,0,0
2026-01-09,Company career site,Data Analyst,6,2,2,1,0,0,0
2026-01-09,Company career site,Finance Analyst,4,3,1,0,1,0,0
2026-01-09,Company career site,Product Manager,2,0,1,1,0,0,0
2026-01-09,Company career site,Software Engineer,4,1,1,0,0,1,0
2026-01-09,Company career site,UX Designer,4,2,0,0,0,0,0
2026-01-09,Handshake extension,Data Analyst,10,4,5,0,2,0,0
2026-01-09,Handshake extension,Finance Analyst,7,3,2,1,2,0,0
2026-01-09,Handshake extension,Product Manager,5,4,1,0,1,0,0
2026-01-09,Handshake extension,Software Engineer,2,0,0,1,0,0,0
2026-01-09,Handshake extension,UX Designer,6,2,0,2,1,0,0
2026-01-09,LinkedIn extension,Data Analyst,6,1,1,0,1,0,0
2026-01-09,LinkedIn extension,Finance Analyst,6,2,1,2,0,0,0
2026-01-09,LinkedIn extension,Product Manager,4,1,0,1,4,0,0
2026-01-09,LinkedIn extension,Software Engineer,3,0,0,0,4,0,0
2026-01-09,LinkedIn extension,UX Designer,4,1,0,2,1,1,0
2026-01-09,Manual paste,Data Analyst,9,5,0,1,4,0,0
2026-01-09,Manual paste,Finance Analyst,3,1,0,0,0,0,0
2026-01-09,Manual paste,Product Manager,6,4,0,0,2,0,0
2026-01-09,Manual paste,Software Engineer,5,2,1,1,2,1,0
2026-01-09,Manual paste,UX Designer,7,2,2,1,0,0,0
2026-01-10,Company career site,Data Analyst,4,0,0,0,2,0,0
2026-01-10,Company career site,Finance Analyst,4,2,1,0,1,0,0
2026-01-10,Company career site,Product Manager,6,4,1,0,1,0,0
2026-01-10,Company career site,Software Engineer,6,3,2,1,4,0,1
2026-01-10,Company career site,UX Designer,4,1,3,0,1,0,0
2026-01-10,Handshake extension,Data Analyst,5,1,1,2,3,0,0
2026-01-10,Handshake extension,Finance Analyst,5,2,1,0,2,0,0
2026-01-10,Handshake extension,Product Manager,6,1,0,1,2,0,0
2026-01-10,Handshake extension,Software Engineer,3,1,0,0,0,0,0
2026-01-10,Handshake extension,UX Designer,7,1,2,1,2,0,0
2026-01-10,LinkedIn extension,Data Analyst,7,3,1,1,2,0,0
2026-01-10,LinkedIn extension,Finance Analyst,6,1,1,0,2,0,1
2026-01-10,LinkedIn extension,Product Manager,4,2,1,0,2,0,0
2026-01-10,LinkedIn extension,Software Engineer,7,1,2,0,2,0,0
2026-01-10,LinkedIn extension,UX Designer,8,3,2,1,5,0,0
2026-01-10,Manual paste,Data Analyst,5,1,0,0,2,1,0
2026-01-10,Manual paste,Finance Analyst,3,1,0,0,2,0,0
2026-01-10,Manual paste,Product Manager,4,1,1,0,1,0,0
2026-01-10,Manual paste,Software Engineer,7,4,1,0,1,1,0
2026-01-10,Manual paste,UX Designer,9,1,1,2,4,1,0
2026-01-11,Company career site,Data Analyst,6,2,2,0,1,1,0
2026-01-11,Company career site,Finance Analyst,2,0,1,0,1,0,0
2026-01-11,Company career site,Product Manager,4,1,1,0,0,0,0
2026-01-11,Company career site,Software Engineer,7,0,3,3,2,0,0
2026-01-11,Company career site,UX Designer,7,4,0,1,1,0,0
2026-01-11,Handshake extension,Data Analyst,5,1,1,1,1,1,1
2026-01-11,Handshake extension,Finance Analyst,9,1,1,2,3,1,0
2026-01-11,Handshake extension,Product Manager,5,4,0,0,0,1,0
2026-01-11,Handshake extension,Software Engineer,6,1,2,1,0,1,0
2026-01-11,Handshake extension,UX Designer,9,4,2,0,3,0,0
2026-01-11,LinkedIn extension,Data Analyst,12,4,2,2,1,1,0
2026-01-11,LinkedIn extension,Finance Analyst,11,6,2,0,2,0,0
2026-01-11,LinkedIn extension,Product Manager,6,1,0,0,4,0,0
2026-01-11,LinkedIn extension,Software Engineer,10,2,5,2,2,1,0
2026-01-11,LinkedIn extension,UX Designer,10,5,1,2,1,1,0
2026-01-11,Manual paste,Data Analyst,9,3,2,2,3,0,0
2026-01-11,Manual paste,Finance Analyst,8,4,1,0,1,0,0
2026-01-11,Manual paste,Product Manager,4,2,2,0,0,0,0
2026-01-11,Manual paste,Software Engineer,3,1,0,0,2,0,0
2026-01-11,Manual paste,UX Designer,7,2,1,0,1,1,0
2026-01-12,Company career site,Data Analyst,7,2,1,2,3,0,0
2026-01-12,Company career site,Finance Analyst,4,1,2,0,0,0,0
2026-01-12,Company career site,Product Manager,5,1,0,2,1,0,0
2026-01-12,Company career site,Software Engineer,8,0,2,1,4,2,0
2026-01-12,Company career site,UX Designer,6,1,0,0,1,1,0
2026-01-12,Handshake extension,Data Analyst,5,2,0,0,1,1,0
2026-01-12,Handshake extension,Finance Analyst,8,2,2,1,5,1,0
2026-01-12,Handshake extension,Product Manager,3,0,3,0,2,0,0
2026-01-12,Handshake extension,Software Engineer,8,4,0,1,4,0,0
2026-01-12,Handshake extension,UX Designer,8,2,1,0,2,0,0
2026-01-12,LinkedIn extension,Data Analyst,9,2,0,0,2,2,0
2026-01-12,LinkedIn extension,Finance Analyst,7,4,0,1,2,0,0
2026-01-12,LinkedIn extension,Product Manager,8,3,2,0,2,1,0
2026-01-12,LinkedIn extension,Software Engineer,10,1,2,3,3,2,0
2026-01-12,LinkedIn extension,UX Designer,13,6,3,0,5,1,0
2026-01-12,Manual paste,Data Analyst,10,3,2,0,3,1,0
2026-01-12,Manual paste,Finance Analyst,6,3,1,0,1,0,0
2026-01-12,Manual paste,Product Manager,7,3,0,1,1,0,0
2026-01-12,Manual paste,Software Engineer,7,3,1,0,2,0,0
2026-01-12,Manual paste,UX Designer,9,1,1,1,1,1,0
2026-01-13,Company career site,Data Analyst,8,2,1,1,2,0,0
2026-01-13,Company career site,Finance Analyst,2,0,0,1,1,0,0
2026-01-13,Company career site,Product Manager,5,1,2,0,1,0,0
2026-01-13,Company career site,Software Engineer,12,5,1,1,4,2,0
2026-01-13,Handshake extension,Data Analyst,8,2,3,0,4,0,0
2026-01-13,Handshake extension,Finance Analyst,7,1,2,1,5,0,0
2026-01-13,Handshake extension,Product Manager,6,3,2,1,1,0,0
2026-01-13,Handshake extension,Software Engineer,14,3,3,1,2,0,0
2026-01-13,Handshake extension,UX Designer,14,4,4,3,2,2,0
2026-01-13,LinkedIn extension,Data Analyst,7,1,1,1,2,1,2
2026-01-13,LinkedIn extension,Finance Analyst,11,2,3,1,1,2,0
2026-01-13,LinkedIn extension,Product Manager,8,4,1,0,1,1,0
2026-01-13,LinkedIn extension,Software Engineer,10,2,0,2,5,0,0
2026-01-13,LinkedIn extension,UX Designer,11,6,1,0,6,1,0
2026-01-13,Manual paste,Data Analyst,10,3,1,1,3,0,0
2026-01-13,Manual paste,Finance Analyst,7,1,2,1,2,0,0
2026-01-13,Manual paste,Product Manager,7,4,1,1,2,0,0
2026-01-13,Manual paste,Software Engineer,8,3,3,1,1,0,0
2026-01-13,Manual paste,UX Designer,8,1,1,1,4,0,1
2026-01-14,Company career site,Data Analyst,7,0,3,1,0,2,0
2026-01-14,Company career site,Finance Analyst,4,0,3,0,1,0,0
2026-01-14,Company career site,Product Manager,5,0,1,1,2,2,0
2026-01-14,Company career site,Software Engineer,7,1,0,0,5,2,0
2026-01-14,Company career site,UX Designer,10,4,4,0,0,1,0
2026-01-14,Handshake extension,Data Analyst,6,1,1,0,5,1,0
2026-01-14,Handshake extension,Finance Analyst,8,1,0,1,6,2,1
2026-01-14,Handshake extension,Product Manager,3,0,0,1,2,0,0
2026-01-14,Handshake extension,Software Engineer,10,4,1,1,2,0,0
2026-01-14,Handshake extension,UX Designer,11,2,2,3,4,1,0
2026-01-14,LinkedIn extension,Data Analyst,17,7,3,2,5,1,1
2026-01-14,LinkedIn extension,Finance Analyst,10,4,0,2,1,1,0
2026-01-14,LinkedIn extension,Product Manager,13,4,3,0,3,0,1
2026-01-14,LinkedIn extension,Software Engineer,14,4,5,1,6,1,0
2026-01-14,LinkedIn extension,UX Designer,11,3,3,2,4,0,0
2026-01-14,Manual paste,Data Analyst,9,1,2,2,5,0,0
2026-01-14,Manual paste,Finance Analyst,6,2,0,2,2,1,0
2026-01-14,Manual paste,Product Manager,7,2,1,0,2,0,0
2026-01-14,Manual paste,Software Engineer,8,3,4,0,1,0,0
2026-01-14,Manual paste,UX Designer,8,4,0,0,1,0,0
2026-01-15,Company career site,Data Analyst,5,1,1,1,4,0,1
2026-01-15,Company career site,Finance Analyst,4,0,1,1,2,1,0
2026-01-15,Company career site,Product Manager,8,3,1,1,1,1,0
2026-01-15,Company career site,Software Engineer,7,1,0,1,3,0,1
2026-01-15,Company career site,UX Designer,5,2,1,0,1,0,0
2026-01-15,Handshake extension,Data Analyst,8,3,3,2,2,0,0
2026-01-15,Handshake extension,Finance Analyst,8,2,1,1,4,2,0
2026-01-15,Handshake extension,Product Manager,5,3,0,0,2,0,0
2026-01-15,Handshake extension,Software Engineer,11,1,3,1,4,1,0
2026-01-15,Handshake extension,UX Designer,12,0,2,1,9,0,0
2026-01-15,LinkedIn extension,Data Analyst,18,7,2,0,7,1,1
2026-01-15,LinkedIn extension,Finance Analyst,11,4,0,0,4,1,0
2026-01-15,LinkedIn extension,Product Manager,12,3,4,2,0,0,0
2026-01-15,LinkedIn extension,Software Engineer,13,4,1,2,6,3,0
2026-01-15,LinkedIn extension,UX Designer,13,4,0,1,4,1,0
2026-01-15,Manual paste,Data Analyst,12,2,3,0,6,0,0
2026-01-15,Manual paste,Finance Analyst,5,1,0,0,2,0,0
2026-01-15,Manual paste,Product Manager,8,1,3,1,2,0,0
2026-01-15,Manual paste,Software Engineer,9,2,3,3,1,1,0
2026-01-15,Manual paste,UX Designer,20,9,2,1,5,2,0
2026-01-16,Company career site,Data Analyst,8,1,2,0,4,0,0
2026-01-16,Company career site,Finance Analyst,6,1,1,1,3,2,0
2026-01-16,Company career site,Product Manager,4,1,0,0,2,0,0
2026-01-16,Company career site,Software Engineer,14,5,5,3,2,2,1
2026-01-16,Company career site,UX Designer,4,1,1,1,1,0,0
2026-01-16,Handshake extension,Data Analyst,10,1,2,1,6,0,0
2026-01-16,Handshake extension,Finance Analyst,7,1,0,1,11,0,0
2026-01-16,Handshake extension,Product Manager,8,3,2,0,1,0,0
2026-01-16,Handshake extension,Software Engineer,12,3,2,2,4,1,0
2026-01-16,Handshake extension,UX Designer,11,1,2,3,6,1,0
2026-01-16,LinkedIn extension,Data Analyst,16,3,1,2,7,3,0
2026-01-16,LinkedIn extension,Finance Analyst,12,2,2,0,9,0,0
2026-01-16,LinkedIn extension,Product Manager,12,3,3,3,3,0,0
2026-01-16,LinkedIn extension,Software Engineer,17,4,2,2,5,3,0
2026-01-16,LinkedIn extension,UX Designer,18,7,0,2,4,3,0
2026-01-16,Manual paste,Data Analyst,9,3,0,1,0,3,0
2026-01-16,Manual paste,Finance Analyst,9,2,2,0,3,1,0
2026-01-16,Manual paste,Product Manager,7,3,1,0,2,0,0
2026-01-16,Manual paste,Software Engineer,9,1,1,3,2,0,0
2026-01-16,Manual paste,UX Designer,12,1,2,1,3,2,1
2026-01-17,Company career site,Data Analyst,9,4,0,1,3,1,0
2026-01-17,Company career site,Finance Analyst,9,2,2,3,2,1,0
2026-01-17,Company career site,Product Manager,6,1,1,0,1,0,0
2026-01-17,Company career site,Software Engineer,13,1,5,0,6,4,0
2026-01-17,Company career site,UX Designer,6,2,2,3,1,2,0
2026-01-17,Handshake extension,Data Analyst,14,4,3,2,5,0,0
2026-01-17,Handshake extension,Finance Analyst,11,3,2,0,2,0,0
2026-01-17,Handshake extension,Product Manager,8,2,1,1,3,1,0
2026-01-17,Handshake extension,Software Engineer,13,0,4,4,3,2,0
2026-01-17,Handshake extension,UX Designer,16,2,2,2,7,3,0
2026-01-17,LinkedIn extension,Data Analyst,10,3,1,1,4,2,0
2026-01-17,LinkedIn extension,Finance Analyst,10,2,4,1,3,0,0
2026-01-17,LinkedIn extension,Product Manager,10,2,1,3,4,1,0
2026-01-17,LinkedIn extension,Software Engineer,16,2,5,0,10,1,0
2026-01-17,LinkedIn extension,UX Designer,15,4,1,0,6,2,0
2026-01-17,Manual paste,Data Analyst,11,1,4,1,4,2,0
2026-01-17,Manual paste,Finance Analyst,6,2,1,0,2,0,1
2026-01-17,Manual paste,Product Manager,14,7,2,1,2,0,0
2026-01-17,Manual paste,Software Engineer,9,3,3,0,3,0,0
2026-01-17,Manual paste,UX Designer,12,3,1,1,6,2,0
2026-01-18,Company career site,Data Analyst,8,3,1,1,5,1,0
2026-01-18,Company career site,Finance Analyst,9,1,2,1,4,1,0
2026-01-18,Company career site,Product Manager,7,4,0,0,2,3,0
2026-01-18,Company career site,Software Engineer,12,2,0,2,5,7,0
2026-01-18,Company career site,UX Designer,9,4,2,0,2,0,0
2026-01-18,Handshake extension,Data Analyst,12,2,2,3,3,0,0
2026-01-18,Handshake extension,Finance Analyst,10,2,1,1,5,3,0
2026-01-18,Handshake extension,Product Manager,15,5,3,2,4,1,0
2026-01-18,Handshake extension,Software Engineer,13,3,2,1,1,1,0
2026-01-18,Handshake extension,UX Designer,17,3,3,0,10,0,0
2026-01-18,LinkedIn extension,Data Analyst,14,3,3,1,5,0,0
2026-01-18,LinkedIn extension,Finance Analyst,9,1,1,1,3,1,1
2026-01-18,LinkedIn extension,Product Manager,16,5,3,1,9,0,0
2026-01-18,LinkedIn extension,Software Engineer,17,5,1,0,7,3,0
2026-01-18,LinkedIn extension,UX Designer,13,3,2,2,6,1,0
2026-01-18,Manual paste,Data Analyst,13,3,3,1,3,2,0
2026-01-18,Manual paste,Finance Analyst,5,2,1,0,1,0,0
2026-01-18,Manual paste,Product Manager,6,1,1,0,2,0,0
2026-01-18,Manual paste,Software Engineer,12,1,4,2,3,2,0
2026-01-18,Manual paste,UX Designer,12,1,2,1,6,0,0
2026-01-19,Company career site,Data Analyst,9,1,2,1,8,0,0
2026-01-19,Company career site,Finance Analyst,11,2,1,1,5,1,0
2026-01-19,Company career site,Product Manager,6,0,2,0,5,2,0
2026-01-19,Company career site,Software Engineer,14,3,2,0,6,1,0
2026-01-19,Company career site,UX Designer,12,4,0,0,3,2,0
2026-01-19,Handshake extension,Data Analyst,12,1,1,2,9,2,0
2026-01-19,Handshake extension,Finance Analyst,12,2,2,1,7,1,0
2026-01-19,Handshake extension,Product Manager,10,2,4,1,1,1,0
2026-01-19,Handshake extension,Software Engineer,14,3,2,1,7,0,0
2026-01-19,Handshake extension,UX Designer,18,1,3,2,11,3,0
2026-01-19,LinkedIn extension,Data Analyst,11,3,2,0,3,0,0
2026-01-19,LinkedIn extension,Finance Analyst,11,2,2,0,6,0,0
2026-01-19,LinkedIn extension,Product Manager,14,2,1,1,10,2,0
2026-01-19,LinkedIn extension,Software Engineer,20,3,0,6,6,3,1
2026-01-19,LinkedIn extension,UX Designer,15,3,2,1,6,0,1
2026-01-19,Manual paste,Data Analyst,17,5,3,1,6,2,0
2026-01-19,Manual paste,Finance Analyst,7,4,1,0,2,0,0
2026-01-19,Manual paste,Product Manager,8,3,3,0,0,2,0
2026-01-19,Manual paste,Software Engineer,13,5,1,1,2,2,0
2026-01-19,Manual paste,UX Designer,10,4,0,1,3,1,0
2026-01-20,Company career site,Data Analyst,11,1,2,2,3,1,0
2026-01-20,Company career site,Finance Analyst,15,6,1,0,6,0,0
2026-01-20,Company career site,Product Manager,4,0,1,1,3,0,0
2026-01-20,Company career site,Software Engineer,11,1,1,3,4,2,0
2026-01-20,Company career site,UX Designer,8,0,2,0,3,0,0
2026-01-20,Handshake extension,Data Analyst,13,3,1,0,5,4,0
2026-01-20,Handshake extension,Finance Analyst,15,6,1,0,5,1,0
2026-01-20,Handshake extension,Product Manager,9,2,1,1,5,0,0
2026-01-20,Handshake extension,Software Engineer,16,2,4,1,4,2,0
2026-01-20,Handshake extension,UX Designer,17,1,1,2,10,3,0
2026-01-20,LinkedIn extension,Data Analyst,15,2,3,2,7,1,0
2026-01-20,LinkedIn extension,Finance Analyst,14,4,1,2,3,2,0
2026-01-20,LinkedIn extension,Product Manager,13,4,4,1,5,0,0
2026-01-20,LinkedIn extension,Software Engineer,21,5,3,0,15,4,0
2026-01-20,LinkedIn extension,UX Designer,17,3,3,1,8,0,0
2026-01-20,Manual paste,Data Analyst,13,1,2,1,4,1,0
2026-01-20,Manual paste,Finance Analyst,8,2,1,0,4,0,0
2026-01-20,Manual paste,Product Manager,14,3,1,3,3,0,0
2026-01-20,Manual paste,Software Engineer,16,5,1,2,5,0,0
2026-01-20,Manual paste,UX Designer,14,2,4,1,5,4,0
2026-01-21,Company career site,Data Analyst,11,2,3,0,7,2,0
2026-01-21,Company career site,Finance Analyst,6,0,0,1,4,1,0
2026-01-21,Company career site,Product Manager,5,0,2,0,7,0,0
2026-01-21,Company career site,Software Engineer,17,3,1,0,10,2,0
2026-01-21,Company career site,UX Designer,8,0,1,3,1,0,0
2026-01-21,Handshake extension,Data Analyst,10,1,1,0,7,3,0
2026-01-21,Handshake extension,Finance Analyst,7,1,1,0,2,0,0
2026-01-21,Handshake extension,Product Manager,11,4,1,2,4,0,0
2026-01-21,Handshake extension,Software Engineer,18,0,3,4,6,3,0
2026-01-21,Handshake extension,UX Designer,15,2,3,1,8,3,0
2026-01-21,LinkedIn extension,Data Analyst,11,0,1,1,10,1,0
2026-01-21,LinkedIn extension,Finance Analyst,16,5,3,2,6,0,0
2026-01-21,LinkedIn extension,Product Manager,16,4,2,2,8,0,0
2026-01-21,LinkedIn extension,Software Engineer,13,1,2,1,7,2,1
2026-01-21,LinkedIn extension,UX Designer,22,2,4,2,10,2,0
2026-01-21,Manual paste,Data Analyst,13,3,3,2,6,2,0
2026-01-21,Manual paste,Finance Analyst,10,5,1,0,1,0,0
2026-01-21,Manual paste,Product Manager,10,2,3,2,3,2,0
2026-01-21,Manual paste,Software Engineer,11,0,1,1,6,0,0
2026-01-21,Manual paste,UX Designer,13,3,1,3,4,0,0
2026-01-22,Company career site,Data Analyst,13,2,1,3,5,0,0
2026-01-22,Company career site,Finance Analyst,7,1,1,0,5,0,0
2026-01-22,Company career site,Product Manager,2,0,0,0,2,2,0
2026-01-22,Company career site,Software Engineer,14,4,1,0,7,2,0
2026-01-22,Company career site,UX Designer,11,5,2,1,9,0,1
2026-01-22,Handshake extension,Data Analyst,11,0,2,1,6,1,0
2026-01-22,Handshake extension,Finance Analyst,12,1,2,1,5,1,0
2026-01-22,Handshake extension,Product Manager,8,1,1,0,6,1,0
2026-01-22,Handshake extension,Software Engineer,17,2,1,2,10,4,0
2026-01-22,Handshake extension,UX Designer,23,3,5,1,8,4,0
2026-01-22,LinkedIn extension,Data Analyst,16,3,2,0,8,1,0
2026-01-22,LinkedIn extension,Finance Analyst,15,3,0,1,10,3,0
2026-01-22,LinkedIn extension,Product Manager,17,3,2,2,10,1,1
2026-01-22,LinkedIn extension,Software Engineer,17,4,1,2,12,2,0
2026-01-22,LinkedIn extension,UX Designer,25,3,7,4,8,2,0
2026-01-22,Manual paste,Data Analyst,14,3,2,2,5,2,1
2026-01-22,Manual paste,Finance Analyst,8,3,0,2,2,0,0
2026-01-22,Manual paste,Product Manager,16,6,3,1,6,0,0
2026-01-22,Manual paste,Software Engineer,17,5,2,1,5,2,1
2026-01-22,Manual paste,UX Designer,10,2,1,0,5,2,0
2026-01-23,Company career site,Data Analyst,13,3,2,0,5,1,0
2026-01-23,Company career site,Finance Analyst,12,4,2,0,3,0,0
2026-01-23,Company career site,Product Manager,5,3,1,0,2,0,0
2026-01-23,Company career site,Software Engineer,17,3,1,1,9,2,0
2026-01-23,Company career site,UX Designer,10,2,0,1,4,1,1
2026-01-23,Handshake extension,Data Analyst,14,2,3,2,7,3,1
2026-01-23,Handshake extension,Finance Analyst,12,1,5,1,8,2,0
2026-01-23,Handshake extension,Product Manager,11,2,3,1,3,1,0
2026-01-23,Handshake extension,Software Engineer,19,3,1,1,12,1,0
2026-01-23,Handshake extension,UX Designer,20,2,2,0,12,1,0
2026-01-23,LinkedIn extension,Data Analyst,17,2,5,3,6,2,0
2026-01-23,LinkedIn extension,Finance Analyst,13,3,3,1,10,2,1
2026-01-23,LinkedIn extension,Product Manager,17,3,2,0,9,1,0
2026-01-23,LinkedIn extension,Software Engineer,19,1,4,1,6,2,1
2026-01-23,LinkedIn extension,UX Designer,20,3,4,6,11,2,1
2026-01-23,Manual paste,Data Analyst,9,2,1,1,6,2,0
2026-01-23,Manual paste,Finance Analyst,7,3,2,1,0,0,0
2026-01-23,Manual paste,Product Manager,15,2,4,3,4,1,0
2026-01-23,Manual paste,Software Engineer,22,2,4,1,15,4,0
2026-01-23,Manual paste,UX Designer,11,0,2,1,6,2,0
2026-01-24,Company career site,Data Analyst,12,0,2,4,5,0,0
2026-01-24,Company career site,Finance Analyst,17,2,3,4,5,2,1
2026-01-24,Company career site,Product Manager,7,1,2,0,1,1,0
2026-01-24,Company career site,Software Engineer,15,1,3,3,3,4,0
2026-01-24,Company career site,UX Designer,10,0,3,0,3,1,0
2026-01-24,Handshake extension,Data Analyst,15,1,1,1,19,3,0
2026-01-24,Handshake extension,Finance Analyst,15,2,4,1,7,1,0
2026-01-24,Handshake extension,Product Manager,15,1,8,2,6,2,0
2026-01-24,Handshake extension,Software Engineer,16,3,0,0,11,4,0
2026-01-24,Handshake extension,UX Designer,19,0,0,6,11,1,1
2026-01-24,LinkedIn extension,Data Analyst,15,1,5,0,6,4,0
2026-01-24,LinkedIn extension,Finance Analyst,14,4,5,1,3,2,0
2026-01-24,LinkedIn extension,Product Manager,17,3,3,0,10,2,0
2026-01-24,LinkedIn extension,Software Engineer,19,6,2,1,6,0,0
2026-01-24,LinkedIn extension,UX Designer,22,4,5,0,12,2,0
2026-01-24,Manual paste,Data Analyst,14,3,2,0,7,0,0
2026-01-24,Manual paste,Finance Analyst,9,2,1,0,1,1,0
2026-01-24,Manual paste,Product Manager,17,3,2,0,7,1,0
2026-01-24,Manual paste,Software Engineer,14,2,1,2,16,3,1
2026-01-24,Manual paste,UX Designer,13,0,2,2,7,2,0
2026-01-25,Company career site,Data Analyst,14,1,1,1,9,1,1
2026-01-25,Company career site,Finance Analyst,11,1,1,0,4,2,0
2026-01-25,Company career site,Product Manager,8,4,2,0,1,0,0
2026-01-25,Company career site,Software Engineer,12,1,3,1,6,0,0
2026-01-25,Company career site,UX Designer,7,2,0,0,2,2,0
2026-01-25,Handshake extension,Data Analyst,13,1,2,0,7,2,0
2026-01-25,Handshake extension,Finance Analyst,17,3,4,3,8,0,0
2026-01-25,Handshake extension,Product Manager,14,2,5,1,7,0,0
2026-01-25,Handshake extension,Software Engineer,17,3,3,0,11,3,1
2026-01-25,Handshake extension,UX Designer,20,1,1,0,15,4,1
2026-01-25,LinkedIn extension,Data Analyst,17,2,0,5,9,2,0
2026-01-25,LinkedIn extension,Finance Analyst,15,3,3,1,4,3,0
2026-01-25,LinkedIn extension,Product Manager,19,5,2,4,6,3,0
2026-01-25,LinkedIn extension,Software Engineer,21,5,0,2,10,3,0
2026-01-25,LinkedIn extension,UX Designer,23,3,1,3,9,1,1
2026-01-25,Manual paste,Data Analyst,15,3,3,0,6,1,0
2026-01-25,Manual paste,Finance Analyst,10,1,3,2,2,1,0
2026-01-25,Manual paste,Product Manager,14,3,1,3,6,0,0
2026-01-25,Manual paste,Software Engineer,20,6,2,1,6,0,1
2026-01-25,Manual paste,UX Designer,14,2,2,1,3,1,0
2026-01-26,Company career site,Data Analyst,16,2,1,1,11,2,0
2026-01-26,Company career site,Finance Analyst,14,2,1,1,5,1,0
2026-01-26,Company career site,Product Manager,11,3,1,2,3,0,0
2026-01-26,Company career site,Software Engineer,18,2,2,2,12,3,0
2026-01-26,Company career site,UX Designer,14,4,1,1,2,2,1
2026-01-26,Handshake extension,Data Analyst,13,3,0,1,10,2,0
2026-01-26,Handshake extension,Finance Analyst,8,0,1,1,4,0,0
2026-01-26,Handshake extension,Product Manager,21,7,4,5,6,2,1
2026-01-26,Handshake extension,Software Engineer,11,3,0,0,6,2,0
2026-01-26,Handshake extension,UX Designer,21,2,4,0,10,2,0
2026-01-26,LinkedIn extension,Data Analyst,19,3,2,2,8,5,1
2026-01-26,LinkedIn extension,Finance Analyst,13,5,3,0,0,2,0
2026-01-26,LinkedIn extension,Product Manager,19,4,3,0,9,2,0
2026-01-26,LinkedIn extension,Software Engineer,21,2,2,1,11,2,0
2026-01-26,LinkedIn extension,UX Designer,25,5,5,3,10,4,0
2026-01-26,Manual paste,Data Analyst,8,0,1,1,4,1,0
2026-01-26,Manual paste,Finance Analyst,9,3,0,0,5,1,0
2026-01-26,Manual paste,Product Manager,18,2,4,1,4,3,0
2026-01-26,Manual paste,Software Engineer,19,1,2,1,13,3,1
2026-01-26,Manual paste,UX Designer,17,3,2,0,7,1,0
2026-01-27,Company career site,Data Analyst,12,1,1,1,8,0,0
2026-01-27,Company career site,Finance Analyst,12,1,3,1,4,2,0
2026-01-27,Company career site,Product Manager,7,0,2,3,5,2,0
2026-01-27,Company career site,Software Engineer,18,2,0,0,10,4,0
2026-01-27,Company career site,UX Designer,12,2,2,0,13,2,0
2026-01-27,Handshake extension,Data Analyst,13,0,0,2,4,3,0
2026-01-27,Handshake extension,Finance Analyst,21,4,0,5,11,3,0
2026-01-27,Handshake extension,Product Manager,19,2,0,5,9,1,1
2026-01-27,Handshake extension,Software Engineer,16,2,2,0,7,5,0
2026-01-27,Handshake extension,UX Designer,16,2,1,1,6,3,0
2026-01-27,LinkedIn extension,Data Analyst,19,2,2,2,7,1,1
2026-01-27,LinkedIn extension,Finance Analyst,17,4,4,2,9,6,0
2026-01-27,LinkedIn extension,Product Manager,24,4,6,4,13,6,0
2026-01-27,LinkedIn extension,Software Engineer,23,2,4,1,9,3,0
2026-01-27,LinkedIn extension,UX Designer,27,4,2,3,14,3,0
2026-01-27,Manual paste,Data Analyst,11,1,2,1,4,1,0
2026-01-27,Manual paste,Finance Analyst,11,4,1,0,1,1,0
2026-01-27,Manual paste,Product Manager,14,2,0,1,8,0,0
2026-01-27,Manual paste,Software Engineer,17,1,3,3,10,2,0
2026-01-27,Manual paste,UX Designer,14,4,0,3,4,1,0
2026-01-28,Company career site,Data Analyst,12,1,0,0,7,1,0
2026-01-28,Company career site,Finance Analyst,12,2,1,0,5,2,0
2026-01-28,Company career site,Product Manager,8,4,0,0,1,2,0
2026-01-28,Company career site,Software Engineer,13,0,3,0,5,1,0
2026-01-28,Company career site,UX Designer,10,3,0,0,2,1,0
2026-01-28,Handshake extension,Data Analyst,12,0,1,0,6,3,0
2026-01-28,Handshake extension,Finance Analyst,15,2,2,0,5,2,2
2026-01-28,Handshake extension,Product Manager,26,5,1,1,13,4,0
2026-01-28,Handshake extension,Software Engineer,19,1,5,2,9,2,0
2026-01-28,Handshake extension,UX Designer,21,3,1,2,8,4,0
2026-01-28,LinkedIn extension,Data Analyst,16,0,2,1,8,5,2
2026-01-28,LinkedIn extension,Finance Analyst,19,4,4,2,6,3,0
2026-01-28,LinkedIn extension,Product Manager,20,0,5,3,7,2,0
2026-01-28,LinkedIn extension,Software Engineer,20,3,2,3,8,2,0
2026-01-28,LinkedIn extension,UX Designer,24,1,1,0,17,3,2
2026-01-28,Manual paste,Data Analyst,8,1,0,1,9,0,0
2026-01-28,Manual paste,Finance Analyst,13,3,2,1,3,0,0
2026-01-28,Manual paste,Product Manager,22,5,1,1,10,1,0
2026-01-28,Manual paste,Software Engineer,15,2,1,0,6,1,0
2026-01-28,Manual paste,UX Designer,19,2,5,3,12,5,0
2026-01-29,Company career site,Data Analyst,18,2,2,1,8,2,0
2026-01-29,Company career site,Finance Analyst,10,1,0,1,6,1,0
2026-01-29,Company career site,Product Manager,9,1,2,1,1,0,0
2026-01-29,Company career site,Software Engineer,13,1,1,1,8,2,0
2026-01-29,Company career site,UX Designer,8,1,2,3,1,0,0
2026-01-29,Handshake extension,Data Analyst,20,3,3,0,5,4,1
2026-01-29,Handshake extension,Finance Analyst,16,1,6,0,8,4,0
2026-01-29,Handshake extension,Product Manager,24,4,5,1,13,1,0
2026-01-29,Handshake extension,Software Engineer,21,3,5,2,14,2,0
2026-01-29,Handshake extension,UX Designer,21,4,3,0,16,2,0
2026-01-29,LinkedIn extension,Data Analyst,20,6,0,1,13,2,0
2026-01-29,LinkedIn extension,Finance Analyst,19,5,2,2,6,3,1
2026-01-29,LinkedIn extension,Product Manager,23,6,2,3,9,3,0
2026-01-29,LinkedIn extension,Software Engineer,22,2,2,3,11,1,2
2026-01-29,LinkedIn extension,UX Designer,25,2,2,1,18,4,0
2026-01-29,Manual paste,Data Analyst,13,4,0,0,3,1,0
2026-01-29,Manual paste,Finance Analyst,10,3,1,1,4,1,0
2026-01-29,Manual paste,Product Manager,23,3,3,2,10,1,2
2026-01-29,Manual paste,Software Engineer,18,3,1,1,9,0,1
2026-01-29,Manual paste,UX Designer,14,2,3,0,13,1,1
2026-01-30,Company career site,Data Analyst,18,3,1,0,13,3,0
2026-01-30,Company career site,Finance Analyst,12,1,1,0,6,2,0
2026-01-30,Company career site,Product Manager,10,4,0,1,4,1,0
2026-01-30,Company career site,Software Engineer,13,1,0,1,7,3,1
2026-01-30,Company career site,UX Designer,11,2,1,2,6,1,0
2026-01-30,Handshake extension,Data Analyst,12,1,1,1,5,4,0
2026-01-30,Handshake extension,Finance Analyst,15,1,2,2,7,4,0
2026-01-30,Handshake extension,Product Manager,25,4,2,2,11,2,1
2026-01-30,Handshake extension,Software Engineer,21,5,2,4,10,3,0
2026-01-30,Handshake extension,UX Designer,11,0,0,1,10,1,1
2026-01-30,LinkedIn extension,Data Analyst,20,5,1,0,10,3,0
2026-01-30,LinkedIn extension,Finance Analyst,19,5,4,3,11,2,0
2026-01-30,LinkedIn extension,Product Manager,23,1,3,2,10,1,0
2026-01-30,LinkedIn extension,Software Engineer,21,3,2,0,9,1,0
2026-01-30,LinkedIn extension,UX Designer,28,5,3,2,17,6,1
2026-01-30,Manual paste,Data Analyst,12,2,4,1,6,0,0
2026-01-30,Manual paste,Finance Analyst,7,1,1,1,1,1,0
2026-01-30,Manual paste,Product Manager,25,4,3,1,5,7,0
2026-01-30,Manual paste,Software Engineer,14,2,1,1,3,3,0
2026-01-30,Manual paste,UX Designer,17,1,3,2,7,3,0
2026-01-31,Company career site,Data Analyst,16,4,1,2,7,1,0
2026-01-31,Company career site,Finance Analyst,11,2,1,1,5,2,0
2026-01-31,Company career site,Product Manager,9,3,0,1,2,2,0
2026-01-31,Company career site,Software Engineer,11,1,1,0,7,4,1
2026-01-31,Company career site,UX Designer,9,1,1,1,2,3,0
2026-01-31,Handshake extension,Data Analyst,10,4,1,0,6,2,0
2026-01-31,Handshake extension,Finance Analyst,19,3,3,3,8,1,0
2026-01-31,Handshake extension,Product Manager,22,3,2,2,13,3,1
2026-01-31,Handshake extension,Software Engineer,19,2,4,2,11,1,2
2026-01-31,Handshake extension,UX Designer,18,2,2,2,13,2,1
2026-01-31,LinkedIn extension,Data Analyst,21,3,2,1,10,3,0
2026-01-31,LinkedIn extension,Finance Analyst,20,5,1,4,9,3,0
2026-01-31,LinkedIn extension,Product Manager,29,8,5,3,14,5,0
2026-01-31,LinkedIn extension,Software Engineer,23,5,2,3,13,4,0
2026-01-31,LinkedIn extension,UX Designer,24,3,4,1,12,6,0
2026-01-31,Manual paste,Data Analyst,11,3,2,1,3,1,0
2026-01-31,Manual paste,Finance Analyst,13,3,1,0,4,3,0
2026-01-31,Manual paste,Product Manager,19,2,3,1,8,1,0
2026-01-31,Manual paste,Software Engineer,20,6,1,2,7,1,0
2026-01-31,Manual paste,UX Designer,15,4,2,0,7,0,0
2026-02-01,Company career site,Data Analyst,11,1,2,1,7,1,0
2026-02-01,Company career site,Finance Analyst,11,0,2,1,6,4,1
2026-02-01,Company career site,Product Manager,8,1,1,0,4,1,0
2026-02-01,Company career site,Software Engineer,8,1,1,0,4,1,0
2026-02-01,Company career site,UX Designer,12,1,3,1,1,2,0
2026-02-01,Handshake extension,Data Analyst,13,3,4,1,2,2,0
2026-02-01,Handshake extension,Finance Analyst,20,3,5,2,8,2,0
2026-02-01,Handshake extension,Product Manager,27,4,4,0,11,4,0
2026-02-01,Handshake extension,Software Engineer,17,3,4,1,10,2,0
2026-02-01,Handshake extension,UX Designer,17,2,4,2,5,2,0
2026-02-01,LinkedIn extension,Data Analyst,20,2,3,1,17,3,2
2026-02-01,LinkedIn extension,Finance Analyst,21,2,3,1,8,4,0
2026-02-01,LinkedIn extension,Product Manager,26,4,3,3,14,6,0
2026-02-01,LinkedIn extension,Software Engineer,25,4,8,0,11,2,1
2026-02-01,LinkedIn extension,UX Designer,21,0,2,2,13,7,1
2026-02-01,Manual paste,Data Analyst,10,1,1,0,2,1,0
2026-02-01,Manual paste,Finance Analyst,14,3,1,2,3,3,0
2026-02-01,Manual paste,Product Manager,11,0,1,1,1,3,0
2026-02-01,Manual paste,Software Engineer,14,2,1,0,8,3,0
2026-02-01,Manual paste,UX Designer,14,1,3,1,8,0,0
2026-02-02,Company career site,Data Analyst,16,1,4,1,7,2,0
2026-02-02,Company career site,Finance Analyst,13,0,4,0,9,1,0
2026-02-02,Company career site,Product Manager,8,0,3,0,4,2,0
2026-02-02,Company career site,Software Engineer,11,4,0,0,6,2,0
2026-02-02,Company career site,UX Designer,11,0,0,2,5,2,1
2026-02-02,Handshake extension,Data Analyst,11,3,1,1,5,0,0
2026-02-02,Handshake extension,Finance Analyst,20,3,2,4,13,0,0
2026-02-02,Handshake extension,Product Manager,26,6,2,3,10,3,1
2026-02-02,Handshake extension,Software Engineer,17,0,3,2,9,2,0
2026-02-02,Handshake extension,UX Designer,17,3,1,1,7,5,0
2026-02-02,LinkedIn extension,Data Analyst,15,0,5,2,6,0,1
2026-02-02,LinkedIn extension,Finance Analyst,23,2,5,1,13,2,1
2026-02-02,LinkedIn extension,Product Manager,25,4,2,4,14,6,0
2026-02-02,LinkedIn extension,Software Engineer,15,3,2,3,5,0,1
2026-02-02,LinkedIn extension,UX Designer,21,3,4,3,10,6,0
2026-02-02,Manual paste,Data Analyst,10,3,1,0,3,1,0
2026-02-02,Manual paste,Finance Analyst,11,1,3,0,2,2,0
2026-02-02,Manual paste,Product Manager,25,3,3,5,19,4,1
2026-02-02,Manual paste,Software Engineer,13,5,2,1,3,0,0
2026-02-02,Manual paste,UX Designer,13,0,1,1,2,2,0
2026-02-03,Company career site,Data Analyst,12,1,0,2,6,3,0
2026-02-03,Company career site,Finance Analyst,12,2,1,1,8,2,0
2026-02-03,Company career site,Product Manager,11,1,1,2,4,0,1
2026-02-03,Company career site,Software Engineer,8,0,0,1,6,0,0
2026-02-03,Company career site,UX Designer,15,0,5,2,6,1,0
2026-02-03,Handshake extension,Data Analyst,14,2,2,2,2,1,0
2026-02-03,Handshake extension,Finance Analyst,23,6,3,1,10,4,0
2026-02-03,Handshake extension,Product Manager,31,5,4,4,15,7,3
2026-02-03,Handshake extension,Software Engineer,20,4,1,5,10,3,0
2026-02-03,Handshake extension,UX Designer,18,4,1,1,10,2,0
2026-02-03,LinkedIn extension,Data Analyst,19,4,2,4,11,3,0
2026-02-03,LinkedIn extension,Finance Analyst,20,2,2,4,11,1,0
2026-02-03,LinkedIn extension,Product Manager,27,4,2,1,17,6,1
2026-02-03,LinkedIn extension,Software Engineer,28,6,4,5,9,3,1
2026-02-03,LinkedIn extension,UX Designer,27,3,5,4,20,3,0
2026-02-03,Manual paste,Data Analyst,10,1,4,2,4,0,0
2026-02-03,Manual paste,Finance Analyst,8,2,1,2,1,3,0
2026-02-03,Manual paste,Product Manager,22,3,1,0,11,1,0
2026-02-03,Manual paste,Software Engineer,18,0,3,1,6,4,0
2026-02-03,Manual paste,UX Designer,15,2,2,2,7,1,0
2026-02-04,Company career site,Data Analyst,13,0,2,2,8,2,0
2026-02-04,Company career site,Finance Analyst,13,3,0,3,5,2,0
2026-02-04,Company career site,Product Manager,12,4,0,1,7,1,0
2026-02-04,Company career site,Software Engineer,14,5,0,1,4,2,1
2026-02-04,Company career site,UX Designer,18,4,2,2,9,1,0
2026-02-04,Handshake extension,Data Analyst,16,1,3,3,6,3,1
2026-02-04,Handshake extension,Finance Analyst,20,1,1,0,12,5,1
2026-02-04,Handshake extension,Product Manager,24,1,4,2,12,3,0
2026-02-04,Handshake extension,Software Engineer,20,2,2,1,14,4,0
2026-02-04,Handshake extension,UX Designer,21,5,3,2,8,2,0
2026-02-04,LinkedIn extension,Data Analyst,18,2,1,2,9,0,0
2026-02-04,LinkedIn extension,Finance Analyst,21,2,1,3,11,3,1
2026-02-04,LinkedIn extension,Product Manager,25,0,3,1,16,0,1
2026-02-04,LinkedIn extension,Software Engineer,23,4,1,3,15,1,1
2026-02-04,LinkedIn extension,UX Designer,24,5,3,2,11,3,0
2026-02-04,Manual paste,Data Analyst,11,1,3,1,2,1,0
2026-02-04,Manual paste,Finance Analyst,9,1,2,0,5,1,0
2026-02-04,Manual paste,Product Manager,20,1,1,2,10,2,1
2026-02-04,Manual paste,Software Engineer,12,0,3,0,7,2,0
2026-02-04,Manual paste,UX Designer,18,1,2,3,8,3,0
2026-02-05,Company career site,Data Analyst,17,3,2,2,11,1,0
2026-02-05,Company career site,Finance Analyst,16,2,3,0,6,0,0
2026-02-05,Company career site,Product Manager,12,1,1,0,2,5,0
2026-02-05,Company career site,Software Engineer,15,3,6,1,2,1,0
2026-02-05,Company career site,UX Designer,14,0,1,1,13,3,1
2026-02-05,Handshake extension,Data Analyst,10,0,3,0,6,1,0
2026-02-05,Handshake extension,Finance Analyst,16,0,1,0,12,2,0
2026-02-05,Handshake extension,Product Manager,27,1,8,0,14,4,0
2026-02-05,Handshake extension,Software Engineer,17,1,3,3,11,1,1
2026-02-05,Handshake extension,UX Designer,16,3,0,3,9,3,1
2026-02-05,LinkedIn extension,Data Analyst,18,3,3,1,7,5,0
2026-02-05,LinkedIn extension,Finance Analyst,23,1,3,3,12,3,0
2026-02-05,LinkedIn extension,Product Manager,23,5,1,1,10,4,1
2026-02-05,LinkedIn extension,Software Engineer,27,1,6,4,16,2,0
2026-02-05,LinkedIn extension,UX Designer,26,2,3,1,11,2,1
2026-02-05,Manual paste,Data Analyst,10,2,3,0,4,1,0
2026-02-05,Manual paste,Finance Analyst,8,1,0,0,3,3,0
2026-02-05,Manual paste,Product Manager,21,1,2,1,4,2,0
2026-02-05,Manual paste,Software Engineer,16,4,3,1,8,3,0
2026-02-05,Manual paste,UX Designer,15,2,2,0,9,1,0
2026-02-06,Company career site,Data Analyst,15,1,0,0,7,3,0
2026-02-06,Company career site,Finance Analyst,14,3,2,0,12,0,0
2026-02-06,Company career site,Product Manager,10,2,3,0,3,0,0
2026-02-06,Company career site,Software Engineer,12,3,0,0,4,3,0
2026-02-06,Company career site,UX Designer,15,1,3,1,8,1,0
2026-02-06,Handshake extension,Data Analyst,21,4,4,2,5,3,1
2026-02-06,Handshake extension,Finance Analyst,18,3,1,0,16,1,0
2026-02-06,Handshake extension,Product Manager,28,2,3,3,12,3,1
2026-02-06,Handshake extension,Software Engineer,18,1,3,1,9,4,1
2026-02-06,Handshake extension,UX Designer,16,1,0,0,11,4,1
2026-02-06,LinkedIn extension,Data Analyst,19,3,2,2,9,2,1
2026-02-06,LinkedIn extension,Finance Analyst,26,2,2,0,11,2,0
2026-02-06,LinkedIn extension,Product Manager,24,3,0,3,13,7,1
2026-02-06,LinkedIn extension,Software Engineer,22,2,3,3,15,3,0
2026-02-06,LinkedIn extension,UX Designer,21,3,2,2,10,3,0
2026-02-06,Manual paste,Data Analyst,13,2,2,1,5,1,0
2026-02-06,Manual paste,Finance Analyst,10,2,1,0,3,2,1
2026-02-06,Manual paste,Product Manager,15,2,0,0,10,1,1
2026-02-06,Manual paste,Software Engineer,14,1,3,3,6,1,0
2026-02-06,Manual paste,UX Designer,16,1,0,3,5,3,0
2026-02-07,Company career site,Data Analyst,16,1,3,2,8,2,1
2026-02-07,Company career site,Finance Analyst,15,4,2,0,5,0,0
2026-02-07,Company career site,Product Manager,5,0,3,1,4,1,0
2026-02-07,Company career site,Software Engineer,13,2,2,2,7,0,0
2026-02-07,Company career site,UX Designer,9,1,0,0,4,2,0
2026-02-07,Handshake extension,Data Analyst,18,3,3,4,7,3,0
2026-02-07,Handshake extension,Finance Analyst,21,1,3,2,14,5,0
2026-02-07,Handshake extension,Product Manager,28,5,2,3,12,4,0
2026-02-07,Handshake extension,Software Engineer,20,2,0,3,20,6,1
2026-02-07,Handshake extension,UX Designer,20,2,2,1,12,4,1
2026-02-07,LinkedIn extension,Data Analyst,22,4,2,2,10,2,0
2026-02-07,LinkedIn extension,Finance Analyst,28,5,2,0,14,4,1
2026-02-07,LinkedIn extension,Product Manager,20,1,1,0,12,6,0
2026-02-07,LinkedIn extension,Software Engineer,24,1,4,1,20,4,0
2026-02-07,LinkedIn extension,UX Designer,29,7,5,0,14,10,0
2026-02-07,Manual paste,Data Analyst,16,1,1,2,6,1,0
2026-02-07,Manual paste,Finance Analyst,8,1,1,0,2,0,1
2026-02-07,Manual paste,Product Manager,22,3,3,2,14,3,0
2026-02-07,Manual paste,Software Engineer,17,1,0,2,8,6,1
2026-02-07,Manual paste,UX Designer,12,1,1,0,6,1,0
2026-02-08,Company career site,Data Analyst,17,2,2,1,4,1,0
2026-02-08,Company career site,Finance Analyst,11,1,0,1,3,1,0
2026-02-08,Company career site,Product Manager,12,3,1,1,6,1,0
2026-02-08,Company career site,Software Engineer,13,2,1,2,5,0,0
2026-02-08,Company career site,UX Designer,15,3,3,0,5,0,0
2026-02-08,Handshake extension,Data Analyst,14,0,0,0,5,4,1
2026-02-08,Handshake extension,Finance Analyst,20,2,2,0,13,2,0
2026-02-08,Handshake extension,Product Manager,30,1,3,2,11,4,0
2026-02-08,Handshake extension,Software Engineer,19,2,0,0,16,4,1
2026-02-08,Handshake extension,UX Designer,17,0,1,0,15,4,0
2026-02-08,LinkedIn extension,Data Analyst,20,1,3,0,8,3,0
2026-02-08,LinkedIn extension,Finance Analyst,29,9,0,1,9,4,1
2026-02-08,LinkedIn extension,Product Manager,23,5,1,0,11,2,1
2026-02-08,LinkedIn extension,Software Engineer,23,1,3,3,10,5,0
2026-02-08,LinkedIn extension,UX Designer,19,4,4,2,8,3,1
2026-02-08,Manual paste,Data Analyst,11,0,3,1,6,1,0
2026-02-08,Manual paste,Finance Analyst,9,2,1,1,3,2,0
2026-02-08,Manual paste,Product Manager,15,1,1,0,6,1,0
2026-02-08,Manual paste,Software Engineer,10,1,1,3,7,1,0
2026-02-08,Manual paste,UX Designer,16,1,1,0,7,3,0
2026-02-09,Company career site,Data Analyst,16,2,1,2,6,2,0
2026-02-09,Company career site,Finance Analyst,9,3,1,0,3,1,0
2026-02-09,Company career site,Product Manager,6,0,0,0,2,0,0
2026-02-09,Company career site,Software Engineer,11,1,2,1,4,0,0
2026-02-09,Company career site,UX Designer,12,1,2,1,7,3,0
2026-02-09,Handshake extension,Data Analyst,20,3,6,1,7,4,0
2026-02-09,Handshake extension,Finance Analyst,19,2,2,3,5,5,1
2026-02-09,Handshake extension,Product Manager,28,0,3,4,11,8,0
2026-02-09,Handshake extension,Software Engineer,17,2,5,1,6,2,0
2026-02-09,Handshake extension,UX Designer,17,1,6,2,7,3,0
2026-02-09,LinkedIn extension,Data Analyst,21,1,1,2,16,2,1
2026-02-09,LinkedIn extension,Finance Analyst,25,1,3,3,4,7,0
2026-02-09,LinkedIn extension,Product Manager,27,5,1,0,11,3,0
2026-02-09,LinkedIn extension,Software Engineer,27,3,2,1,14,7,0
2026-02-09,LinkedIn extension,UX Designer,25,4,3,3,6,2,1
2026-02-09,Manual paste,Data Analyst,9,1,0,0,6,1,0
2026-02-09,Manual paste,Finance Analyst,10,0,3,1,4,4,0
2026-02-09,Manual paste,Product Manager,15,1,3,0,9,4,0
2026-02-09,Manual paste,Software Engineer,16,3,3,0,5,0,0
2026-02-09,Manual paste,UX Designer,16,3,0,0,5,1,1
2026-02-10,Company career site,Data Analyst,13,3,1,1,8,0,0
2026-02-10,Company career site,Finance Analyst,16,3,2,1,3,0,0
2026-02-10,Company career site,Product Manager,10,1,3,2,2,2,0
2026-02-10,Company career site,Software Engineer,10,1,2,0,6,0,0
2026-02-10,Company career site,UX Designer,14,0,3,1,9,1,1
2026-02-10,Handshake extension,Data Analyst,21,1,2,3,7,1,1
2026-02-10,Handshake extension,Finance Analyst,24,2,2,2,11,3,0
2026-02-10,Handshake extension,Product Manager,25,4,2,0,15,2,1
2026-02-10,Handshake extension,Software Engineer,17,2,1,1,3,4,0
2026-02-10,Handshake extension,UX Designer,16,1,1,1,10,1,2
2026-02-10,LinkedIn extension,Data Analyst,20,1,0,0,10,2,0
2026-02-10,LinkedIn extension,Finance Analyst,27,3,2,0,12,4,0
2026-02-10,LinkedIn extension,Product Manager,24,3,3,0,12,4,0
2026-02-10,LinkedIn extension,Software Engineer,22,3,2,0,13,3,1
2026-02-10,LinkedIn extension,UX Designer,27,3,7,2,11,3,1
2026-02-10,Manual paste,Data Analyst,12,3,1,1,5,1,0
2026-02-10,Manual paste,Finance Analyst,7,0,0,0,2,1,0
2026-02-10,Manual paste,Product Manager,18,3,0,2,9,0,0
2026-02-10,Manual paste,Software Engineer,15,1,2,1,10,3,0
2026-02-10,Manual paste,UX Designer,10,0,2,0,8,1,0
2026-02-11,Company career site,Data Analyst,11,2,0,0,9,1,0
2026-02-11,Company career site,Finance Analyst,12,4,0,1,2,1,0
2026-02-11,Company career site,Product Manager,12,1,2,1,8,0,1
2026-02-11,Company career site,Software Engineer,12,2,0,2,5,1,0
2026-02-11,Company career site,UX Designer,11,2,1,2,4,2,0
2026-02-11,Handshake extension,Data Analyst,18,1,2,3,14,4,0
2026-02-11,Handshake extension,Finance Analyst,18,1,2,1,14,3,0
2026-02-11,Handshake extension,Product Manager,26,2,3,3,14,8,1
2026-02-11,Handshake extension,Software Engineer,22,1,3,1,9,3,0
2026-02-11,Handshake extension,UX Designer,17,2,1,2,10,4,0
2026-02-11,LinkedIn extension,Data Analyst,22,3,5,1,13,2,1
2026-02-11,LinkedIn extension,Finance Analyst,20,3,3,1,7,5,2
2026-02-11,LinkedIn extension,Product Manager,22,3,0,1,13,1,2
2026-02-11,LinkedIn extension,Software Engineer,19,3,2,2,19,3,0
2026-02-11,LinkedIn extension,UX Designer,22,0,3,2,15,3,0
2026-02-11,Manual paste,Data Analyst,12,1,1,1,3,3,0
2026-02-11,Manual paste,Finance Analyst,7,1,0,0,1,1,0
2026-02-11,Manual paste,Product Manager,14,2,2,0,7,1,1
2026-02-11,Manual paste,Software Engineer,15,1,2,2,5,2,1
2026-02-11,Manual paste,UX Designer,11,1,1,0,8,0,0
2026-02-12,Company career site,Data Analyst,12,1,2,0,14,1,0
2026-02-12,Company career site,Finance Analyst,10,0,1,1,7,0,1
2026-02-12,Company career site,Product Manager,9,1,0,0,3,0,0
2026-02-12,Company career site,Software Engineer,12,1,2,1,7,0,1
2026-02-12,Company career site,UX Designer,15,2,1,1,9,4,0
2026-02-12,Handshake extension,Data Analyst,19,2,0,2,9,3,0
2026-02-12,Handshake extension,Finance Analyst,18,0,3,1,6,3,0
2026-02-12,Handshake extension,Product Manager,22,3,3,2,12,4,0
2026-02-12,Handshake extension,Software Engineer,20,3,2,2,10,2,0
2026-02-12,Handshake extension,UX Designer,17,2,2,1,11,3,0
2026-02-12,LinkedIn extension,Data Analyst,27,7,5,1,7,2,2
2026-02-12,LinkedIn extension,Finance Analyst,27,4,6,3,9,8,1
2026-02-12,LinkedIn extension,Product Manager,20,5,2,1,5,4,0
2026-02-12,LinkedIn extension,Software Engineer,25,4,4,2,17,4,0
2026-02-12,LinkedIn extension,UX Designer,22,1,1,5,9,4,2
2026-02-12,Manual paste,Data Analyst,11,2,1,1,2,0,0
2026-02-12,Manual paste,Finance Analyst,10,3,1,1,1,2,0
2026-02-12,Manual paste,Product Manager,12,4,0,0,5,1,0
2026-02-12,Manual paste,Software Engineer,16,3,1,1,7,1,0
2026-02-12,Manual paste,UX Designer,7,0,1,1,2,3,0
2026-02-13,Company career site,Data Analyst,15,1,3,2,4,2,0
2026-02-13,Company career site,Finance Analyst,10,1,0,0,3,3,1
2026-02-13,Company career site,Product Manager,10,0,2,1,5,3,1
2026-02-13,Company career site,Software Engineer,11,0,2,1,6,0,0
2026-02-13,Company career site,UX Designer,11,1,1,1,5,1,0
2026-02-13,Handshake extension,Data Analyst,19,3,1,1,12,4,1
2026-02-13,Handshake extension,Finance Analyst,21,3,3,3,13,1,0
2026-02-13,Handshake extension,Product Manager,28,1,3,2,10,7,1
2026-02-13,Handshake extension,Software Engineer,19,1,3,2,16,6,0
2026-02-13,Handshake extension,UX Designer,17,1,4,3,6,2,0
2026-02-13,LinkedIn extension,Data Analyst,18,2,2,3,14,4,2
2026-02-13,LinkedIn extension,Finance Analyst,24,3,2,1,14,2,1
2026-02-13,LinkedIn extension,Product Manager,17,4,3,0,4,3,0
2026-02-13,LinkedIn extension,Software Engineer,23,1,1,1,11,1,1
2026-02-13,LinkedIn extension,UX Designer,22,3,2,3,11,2,0
2026-02-13,Manual paste,Data Analyst,6,0,0,0,6,1,0
2026-02-13,Manual paste,Finance Analyst,7,2,1,2,2,1,0
2026-02-13,Manual paste,Product Manager,9,1,2,1,3,3,0
2026-02-13,Manual paste,Software Engineer,16,3,0,1,5,2,1
2026-02-13,Manual paste,UX Designer,13,1,3,0,4,1,0
2026-02-14,Company career site,Data Analyst,12,2,2,0,2,1,0
2026-02-14,Company career site,Finance Analyst,8,1,1,0,3,2,0
2026-02-14,Company career site,Product Manager,9,1,0,0,5,1,0
2026-02-14,Company career site,Software Engineer,15,1,3,0,7,3,0
2026-02-14,Company career site,UX Designer,12,1,1,1,6,1,0
2026-02-14,Handshake extension,Data Analyst,14,3,0,0,14,4,0
2026-02-14,Handshake extension,Finance Analyst,24,5,3,2,9,2,1
2026-02-14,Handshake extension,Product Manager,31,3,4,3,18,4,1
2026-02-14,Handshake extension,Software Engineer,22,2,4,3,13,0,0
2026-02-14,Handshake extension,UX Designer,16,2,3,2,12,3,0
2026-02-14,LinkedIn extension,Data Analyst,21,2,0,4,10,1,0
2026-02-14,LinkedIn extension,Finance Analyst,20,3,2,0,6,6,0
2026-02-14,LinkedIn extension,Product Manager,19,3,3,3,3,2,0
2026-02-14,LinkedIn extension,Software Engineer,26,3,4,4,14,5,2
2026-02-14,LinkedIn extension,UX Designer,25,2,6,1,7,7,0
2026-02-14,Manual paste,Data Analyst,8,1,0,0,7,0,0
2026-02-14,Manual paste,Finance Analyst,11,1,3,2,4,1,0
2026-02-14,Manual paste,Product Manager,13,2,0,0,5,0,0
2026-02-14,Manual paste,Software Engineer,19,7,3,0,4,2,0
2026-02-14,Manual paste,UX Designer,13,3,3,1,3,1,0
2026-02-15,Company career site,Data Analyst,12,1,0,0,9,1,0
2026-02-15,Company career site,Finance Analyst,10,2,1,1,3,0,0
2026-02-15,Company career site,Product Manager,11,0,1,0,3,3,0
2026-02-15,Company career site,Software Engineer,17,2,3,3,13,0,1
2026-02-15,Company career site,UX Designer,9,0,1,0,6,2,0
2026-02-15,Handshake extension,Data Analyst,21,4,2,0,12,5,1
2026-02-15,Handshake extension,Finance Analyst,21,2,3,4,8,1,0
2026-02-15,Handshake extension,Product Manager,25,3,2,2,16,4,0
2026-02-15,Handshake extension,Software Engineer,21,4,1,2,7,0,0
2026-02-15,Handshake extension,UX Designer,17,2,2,2,8,3,1
2026-02-15,LinkedIn extension,Data Analyst,21,1,2,3,7,2,0
2026-02-15,LinkedIn extension,Finance Analyst,21,5,2,1,11,1,0
2026-02-15,LinkedIn extension,Product Manager,17,4,2,0,7,1,0
2026-02-15,LinkedIn extension,Software Engineer,24,3,0,0,15,1,0
2026-02-15,LinkedIn extension,UX Designer,34,6,4,2,19,5,1
2026-02-15,Manual paste,Data Analyst,7,3,1,0,0,0,0
2026-02-15,Manual paste,Finance Analyst,11,2,3,2,3,0,0
2026-02-15,Manual paste,Product Manager,11,2,1,0,5,1,0
2026-02-15,Manual paste,Software Engineer,18,1,4,1,5,2,0
2026-02-15,Manual paste,UX Designer,12,3,1,1,5,0,1
2026-02-16,Company career site,Data Analyst,14,2,3,3,4,0,0
2026-02-16,Company career site,Finance Analyst,8,2,1,1,2,0,0
2026-02-16,Company career site,Product Manager,11,2,3,0,3,1,0
2026-02-16,Company career site,Software Engineer,11,0,1,1,9,0,0
2026-02-16,Company career site,UX Designer,8,0,0,0,4,1,0
2026-02-16,Handshake extension,Data Analyst,20,3,5,2,6,1,2
2026-02-16,Handshake extension,Finance Analyst,16,1,1,0,12,3,0
2026-02-16,Handshake extension,Product Manager,31,3,2,3,11,5,0
2026-02-16,Handshake extension,Software Engineer,18,1,2,0,10,3,0
2026-02-16,Handshake extension,UX Designer,16,0,0,3,10,2,0
2026-02-16,LinkedIn extension,Data Analyst,25,3,5,1,10,1,0
2026-02-16,LinkedIn extension,Finance Analyst,30,7,6,5,7,3,1
2026-02-16,LinkedIn extension,Product Manager,16,2,3,2,8,1,0
2026-02-16,LinkedIn extension,Software Engineer,26,4,3,2,11,7,0
2026-02-16,LinkedIn extension,UX Designer,26,1,3,2,10,5,0
2026-02-16,Manual paste,Data Analyst,12,3,2,0,3,1,0
2026-02-16,Manual paste,Finance Analyst,12,2,2,0,2,5,0
2026-02-16,Manual paste,Product Manager,9,1,3,0,2,0,0
2026-02-16,Manual paste,Software Engineer,12,1,0,0,3,2,0
2026-02-16,Manual paste,UX Designer,8,1,2,1,2,0,0
2026-02-17,Company career site,Data Analyst,16,4,0,0,8,2,2
2026-02-17,Company career site,Finance Analyst,8,1,0,1,5,1,0
2026-02-17,Company career site,Product Manager,11,2,0,2,2,2,0
2026-02-17,Company career site,Software Engineer,9,0,0,1,6,1,1
2026-02-17,Company career site,UX Designer,10,2,0,1,8,2,0
2026-02-17,Handshake extension,Data Analyst,20,1,1,4,13,3,1
2026-02-17,Handshake extension,Finance Analyst,18,2,3,2,9,3,1
2026-02-17,Handshake extension,Product Manager,23,3,0,2,12,3,1
2026-02-17,Handshake extension,Software Engineer,14,0,0,2,11,2,1
2026-02-17,Handshake extension,UX Designer,15,0,0,1,9,1,0
2026-02-17,LinkedIn extension,Data Analyst,20,1,4,4,11,2,1
2026-02-17,LinkedIn extension,Finance Analyst,28,4,1,2,12,4,1
2026-02-17,LinkedIn extension,Product Manager,18,2,5,1,6,3,0
2026-02-17,LinkedIn extension,Software Engineer,23,5,2,1,10,3,1
2026-02-17,LinkedIn extension,UX Designer,23,0,2,1,9,6,1
2026-02-17,Manual paste,Data Analyst,10,1,3,2,1,0,0
2026-02-17,Manual paste,Finance Analyst,11,2,0,0,4,0,1
2026-02-17,Manual paste,Product Manager,6,2,0,0,4,1,0
2026-02-17,Manual paste,Software Engineer,20,1,1,3,9,1,0
2026-02-17,Manual paste,UX Designer,12,2,2,2,4,2,0
2026-02-18,Company career site,Data Analyst,15,2,1,2,4,5,0
2026-02-18,Company career site,Finance Analyst,10,1,2,0,4,0,0
2026-02-18,Company career site,Product Manager,11,2,1,0,3,1,2
2026-02-18,Company career site,Software Engineer,10,1,1,1,6,1,0
2026-02-18,Company career site,UX Designer,12,2,1,0,2,3,0
2026-02-18,Handshake extension,Data Analyst,22,0,5,0,11,4,0
2026-02-18,Handshake extension,Finance Analyst,18,1,2,2,11,1,0
2026-02-18,Handshake extension,Product Manager,23,2,0,1,16,5,1
2026-02-18,Handshake extension,Software Engineer,18,2,3,1,6,1,0
2026-02-18,Handshake extension,UX Designer,16,1,2,1,14,0,0
2026-02-18,LinkedIn extension,Data Analyst,21,2,1,3,17,2,0
2026-02-18,LinkedIn extension,Finance Analyst,22,0,2,2,10,5,0
2026-02-18,LinkedIn extension,Product Manager,20,1,3,6,6,3,1
2026-02-18,LinkedIn extension,Software Engineer,22,3,5,2,9,3,2
2026-02-18,LinkedIn extension,UX Designer,28,2,6,3,15,2,0
2026-02-18,Manual paste,Data Analyst,12,5,0,1,2,0,1
2026-02-18,Manual paste,Finance Analyst,12,0,3,1,7,3,0
2026-02-18,Manual paste,Product Manager,9,2,3,0,3,0,0
2026-02-18,Manual paste,Software Engineer,18,1,4,0,12,4,0
2026-02-18,Manual paste,UX Designer,15,1,0,2,5,0,1
2026-02-19,Company career site,Data Analyst,15,4,4,0,3,1,0
2026-02-19,Company career site,Finance Analyst,10,0,2,0,5,4,2
2026-02-19,Company career site,Product Manager,8,1,0,0,4,3,0
2026-02-19,Company career site,Software Engineer,13,2,1,1,8,4,1
2026-02-19,Company career site,UX Designer,14,1,1,1,2,2,0
2026-02-19,Handshake extension,Data Analyst,18,3,3,2,10,0,0
2026-02-19,Handshake extension,Finance Analyst,18,2,1,1,9,5,0
2026-02-19,Handshake extension,Product Manager,23,2,5,1,17,2,0
2026-02-19,Handshake extension,Software Engineer,20,3,0,2,9,0,1
2026-02-19,Handshake extension,UX Designer,19,2,4,2,9,6,0
2026-02-19,LinkedIn extension,Data Analyst,22,5,1,1,13,1,0
2026-02-19,LinkedIn extension,Finance Analyst,24,6,3,1,12,3,0
2026-02-19,LinkedIn extension,Product Manager,17,1,2,3,5,0,0
2026-02-19,LinkedIn extension,Software Engineer,25,2,3,3,11,3,0
2026-02-19,LinkedIn extension,UX Designer,31,4,3,2,18,4,0
2026-02-19,Manual paste,Data Analyst,7,1,0,0,5,1,0
2026-02-19,Manual paste,Finance Analyst,10,2,1,2,3,0,0
2026-02-19,Manual paste,Product Manager,6,2,1,2,0,0,0
2026-02-19,Manual paste,Software Engineer,15,1,2,2,7,2,0
2026-02-19,Manual paste,UX Designer,11,3,0,0,5,1,0
2026-02-20,Company career site,Data Analyst,16,2,1,1,7,2,0
2026-02-20,Company career site,Finance Analyst,10,2,1,2,6,3,1
2026-02-20,Company career site,Product Manager,10,3,0,1,7,1,1
2026-02-20,Company career site,Software Engineer,11,1,1,0,4,3,0
2026-02-20,Company career site,UX Designer,14,3,2,0,2,1,0
2026-02-20,Handshake extension,Data Analyst,18,3,3,3,7,4,0
2026-02-20,Handshake extension,Finance Analyst,18,2,2,1,17,6,0
2026-02-20,Handshake extension,Product Manager,24,1,2,3,11,6,0
2026-02-20,Handshake extension,Software Engineer,19,3,2,1,8,2,0
2026-02-20,Handshake extension,UX Designer,15,1,1,0,8,5,0
2026-02-20,LinkedIn extension,Data Analyst,21,3,0,0,10,4,0
2026-02-20,LinkedIn extension,Finance Analyst,29,4,6,0,7,4,0
2026-02-20,LinkedIn extension,Product Manager,23,4,2,1,12,3,0
2026-02-20,LinkedIn extension,Software Engineer,25,5,1,1,9,5,1
2026-02-20,LinkedIn extension,UX Designer,31,2,3,4,18,9,0
2026-02-20,Manual paste,Data Analyst,8,1,1,0,3,0,0
2026-02-20,Manual paste,Finance Analyst,14,4,0,1,4,2,0
2026-02-20,Manual paste,Product Manager,8,4,1,1,2,1,0
2026-02-20,Manual paste,Software Engineer,14,1,2,0,3,2,1
2026-02-20,Manual paste,UX Designer,11,0,1,0,5,1,0
2026-02-21,Company career site,Data Analyst,12,0,1,2,9,1,0
2026-02-21,Company career site,Finance Analyst,10,2,0,1,1,0,0
2026-02-21,Company career site,Product Manager,7,3,1,0,2,1,0
2026-02-21,Company career site,Software Engineer,12,2,1,1,4,2,0
2026-02-21,Company career site,UX Designer,12,3,1,2,4,1,0
2026-02-21,Handshake extension,Data Analyst,19,2,3,4,9,8,1
2026-02-21,Handshake extension,Finance Analyst,22,2,4,3,19,6,0
2026-02-21,Handshake extension,Product Manager,23,1,2,1,24,7,1
2026-02-21,Handshake extension,Software Engineer,22,4,3,0,9,2,0
2026-02-21,Handshake extension,UX Designer,22,4,3,1,15,1,0
2026-02-21,LinkedIn extension,Data Analyst,22,2,1,0,12,3,0
2026-02-21,LinkedIn extension,Finance Analyst,22,1,4,2,7,4,0
2026-02-21,LinkedIn extension,Product Manager,19,2,4,0,12,2,1
2026-02-21,LinkedIn extension,Software Engineer,20,1,2,4,8,4,0
2026-02-21,LinkedIn extension,UX Designer,35,5,3,5,16,10,0
2026-02-21,Manual paste,Data Analyst,5,2,1,1,1,0,0
2026-02-21,Manual paste,Finance Analyst,17,4,3,0,6,2,0
2026-02-21,Manual paste,Product Manager,12,4,2,1,3,0,0
2026-02-21,Manual paste,Software Engineer,13,2,0,0,4,3,1
2026-02-21,Manual paste,UX Designer,10,2,1,0,8,2,0
2026-02-22,Company career site,Data Analyst,10,2,1,0,6,1,1
2026-02-22,Company career site,Finance Analyst,9,0,2,1,3,2,0
2026-02-22,Company career site,Product Manager,11,3,2,0,3,2,0
2026-02-22,Company career site,Software Engineer,13,2,1,0,7,1,0
2026-02-22,Company career site,UX Designer,12,0,0,0,6,0,0
2026-02-22,Handshake extension,Data Analyst,15,1,1,0,13,2,1
2026-02-22,Handshake extension,Finance Analyst,25,2,1,1,15,1,1
2026-02-22,Handshake extension,Product Manager,20,5,2,1,6,3,0
2026-02-22,Handshake extension,Software Engineer,19,2,2,3,8,1,0
2026-02-22,Handshake extension,UX Designer,20,1,2,2,11,3,0
2026-02-22,LinkedIn extension,Data Analyst,17,2,0,0,10,3,1
2026-02-22,LinkedIn extension,Finance Analyst,27,5,5,1,10,7,0
2026-02-22,LinkedIn extension,Product Manager,21,0,0,3,9,3,1
2026-02-22,LinkedIn extension,Software Engineer,23,2,4,2,8,2,1
2026-02-22,LinkedIn extension,UX Designer,29,3,2,1,16,3,1
2026-02-22,Manual paste,Data Analyst,5,1,2,0,1,0,0
2026-02-22,Manual paste,Finance Analyst,16,2,0,0,5,1,0
2026-02-22,Manual paste,Product Manager,6,2,1,0,2,0,0
2026-02-22,Manual paste,Software Engineer,9,0,0,1,6,3,0
2026-02-22,Manual paste,UX Designer,10,4,2,0,2,0,0
2026-02-23,Company career site,Data Analyst,20,5,4,2,4,2,0
2026-02-23,Company career site,Finance Analyst,19,3,1,1,2,5,0
2026-02-23,Company career site,Product Manager,9,2,1,0,4,0,0
2026-02-23,Company career site,Software Engineer,8,2,2,1,3,0,0
2026-02-23,Company career site,UX Designer,8,0,2,0,6,5,0
2026-02-23,Handshake extension,Data Analyst,20,1,3,4,9,3,1
2026-02-23,Handshake extension,Finance Analyst,17,0,1,0,7,5,0
2026-02-23,Handshake extension,Product Manager,24,0,5,0,11,5,0
2026-02-23,Handshake extension,Software Engineer,21,2,2,0,9,2,1
2026-02-23,Handshake extension,UX Designer,20,3,0,1,15,1,2
2026-02-23,LinkedIn extension,Data Analyst,24,3,3,2,15,2,0
2026-02-23,LinkedIn extension,Finance Analyst,28,3,4,4,14,1,1
2026-02-23,LinkedIn extension,Product Manager,17,1,3,1,8,4,1
2026-02-23,LinkedIn extension,Software Engineer,29,7,2,0,11,4,1
2026-02-23,LinkedIn extension,UX Designer,24,0,1,3,15,2,2
2026-02-23,Manual paste,Data Analyst,6,0,1,1,2,2,0
2026-02-23,Manual paste,Finance Analyst,13,4,0,3,3,1,0
2026-02-23,Manual paste,Product Manager,7,3,2,0,2,0,0
2026-02-23,Manual paste,Software Engineer,13,2,2,0,5,4,1
2026-02-23,Manual paste,UX Designer,13,1,1,1,4,0,0
2026-02-24,Company career site,Data Analyst,9,0,1,1,3,1,0
2026-02-24,Company career site,Finance Analyst,9,1,0,0,4,1,0
2026-02-24,Company career site,Product Manager,8,2,0,1,5,0,0
2026-02-24,Company career site,Software Engineer,13,3,1,0,2,2,1
2026-02-24,Company career site,UX Designer,9,1,1,1,3,1,0
2026-02-24,Handshake extension,Data Analyst,22,3,4,1,16,2,0
2026-02-24,Handshake extension,Finance Analyst,19,0,1,0,11,5,1
2026-02-24,Handshake extension,Product Manager,24,1,3,2,12,7,2
2026-02-24,Handshake extension,Software Engineer,21,2,3,2,10,2,2
2026-02-24,Handshake extension,UX Designer,16,2,1,0,13,1,0
2026-02-24,LinkedIn extension,Data Analyst,24,0,3,3,13,8,1
2026-02-24,LinkedIn extension,Finance Analyst,26,2,3,2,9,3,0
2026-02-24,LinkedIn extension,Product Manager,23,3,5,2,9,2,0
2026-02-24,LinkedIn extension,Software Engineer,17,2,4,2,7,0,1
2026-02-24,LinkedIn extension,UX Designer,23,1,0,0,14,7,2
2026-02-24,Manual paste,Data Analyst,7,0,1,0,4,0,0
2026-02-24,Manual paste,Finance Analyst,11,1,0,0,6,4,0
2026-02-24,Manual paste,Product Manager,8,1,3,0,3,1,0
2026-02-24,Manual paste,Software Engineer,11,0,3,2,3,1,0
2026-02-24,Manual paste,UX Designer,13,1,2,0,5,1,0
2026-02-25,Company career site,Data Analyst,22,4,5,2,8,2,0
2026-02-25,Company career site,Finance Analyst,9,1,1,1,3,0,1
2026-02-25,Company career site,Product Manager,9,2,0,0,2,1,0
2026-02-25,Company career site,Software Engineer,10,0,0,1,3,4,0
2026-02-25,Company career site,UX Designer,8,0,1,1,5,0,0
2026-02-25,Handshake extension,Data Analyst,22,1,4,3,9,5,0
2026-02-25,Handshake extension,Finance Analyst,17,5,2,0,7,3,0
2026-02-25,Handshake extension,Product Manager,21,1,3,3,8,5,1
2026-02-25,Handshake extension,Software Engineer,30,1,4,2,12,0,0
2026-02-25,Handshake extension,UX Designer,13,1,0,1,8,3,0
2026-02-25,LinkedIn extension,Data Analyst,21,2,4,1,14,3,0
2026-02-25,LinkedIn extension,Finance Analyst,28,7,2,4,12,3,4
2026-02-25,LinkedIn extension,Product Manager,28,3,3,2,14,5,0
2026-02-25,LinkedIn extension,Software Engineer,29,3,4,4,12,4,0
2026-02-25,LinkedIn extension,UX Designer,32,4,4,2,23,4,0
2026-02-25,Manual paste,Data Analyst,8,1,1,0,2,1,0
2026-02-25,Manual paste,Finance Analyst,17,5,4,1,4,2,1
2026-02-25,Manual paste,Product Manager,10,1,2,4,0,2,0
2026-02-25,Manual paste,Software Engineer,13,0,1,2,6,2,0
2026-02-25,Manual paste,UX Designer,8,0,2,0,4,1,0
2026-02-26,Company career site,Data Analyst,15,0,1,1,8,2,0
2026-02-26,Company career site,Finance Analyst,13,4,1,0,4,1,0
2026-02-26,Company career site,Product Manager,7,1,1,0,2,2,0
2026-02-26,Company career site,Software Engineer,11,3,2,1,3,2,0
2026-02-26,Company career site,UX Designer,6,1,0,0,2,0,0
2026-02-26,Handshake extension,Data Analyst,24,3,1,2,17,2,0
2026-02-26,Handshake extension,Finance Analyst,12,0,1,1,7,2,0
2026-02-26,Handshake extension,Product Manager,20,1,1,1,12,5,0
2026-02-26,Handshake extension,Software Engineer,19,2,0,2,11,3,0
2026-02-26,Handshake extension,UX Designer,14,1,1,0,3,2,1
2026-02-26,LinkedIn extension,Data Analyst,25,5,4,2,10,4,1
2026-02-26,LinkedIn extension,Finance Analyst,25,1,3,1,13,2,1
2026-02-26,LinkedIn extension,Product Manager,23,4,4,3,7,3,0
2026-02-26,LinkedIn extension,Software Engineer,24,6,4,2,5,3,0
2026-02-26,LinkedIn extension,UX Designer,29,4,1,1,14,3,1
2026-02-26,Manual paste,Data Analyst,8,4,1,0,1,0,0
2026-02-26,Manual paste,Finance Analyst,14,1,1,1,5,1,0
2026-02-26,Manual paste,Product Manager,11,2,3,0,7,2,0
2026-02-26,Manual paste,Software Engineer,15,6,1,0,4,0,0
2026-02-26,Manual paste,UX Designer,7,2,0,0,2,1,0
2026-02-27,Company career site,Data Analyst,14,1,1,2,9,2,1
2026-02-27,Company career site,Finance Analyst,8,0,1,0,4,1,0
2026-02-27,Company career site,Product Manager,7,1,1,1,4,0,0
2026-02-27,Company career site,Software Engineer,11,0,3,0,2,4,0
2026-02-27,Company career site,UX Designer,5,1,0,0,1,0,1
2026-02-27,Handshake extension,Data Analyst,19,1,1,2,15,2,0
2026-02-27,Handshake extension,Finance Analyst,18,3,2,1,6,4,1
2026-02-27,Handshake extension,Product Manager,15,2,1,2,7,2,0
2026-02-27,Handshake extension,Software Engineer,21,3,3,1,11,5,0
2026-02-27,Handshake extension,UX Designer,14,3,1,1,8,3,1
2026-02-27,LinkedIn extension,Data Analyst,24,3,4,2,8,3,2
2026-02-27,LinkedIn extension,Finance Analyst,22,5,2,2,10,1,0
2026-02-27,LinkedIn extension,Product Manager,22,3,0,5,13,4,2
2026-02-27,LinkedIn extension,Software Engineer,24,3,5,2,10,4,0
2026-02-27,LinkedIn extension,UX Designer,24,3,2,2,13,4,1
2026-02-27,Manual paste,Data Analyst,11,3,3,0,1,0,0
2026-02-27,Manual paste,Finance Analyst,22,2,3,2,7,0,1
2026-02-27,Manual paste,Product Manager,10,2,0,2,3,1,0
2026-02-27,Manual paste,Software Engineer,14,5,1,2,3,3,0
2026-02-27,Manual paste,UX Designer,11,1,4,2,2,0,0
2026-02-28,Company career site,Data Analyst,17,1,2,1,6,4,0
2026-02-28,Company career site,Finance Analyst,13,2,1,1,3,2,0
2026-02-28,Company career site,Product Manager,8,2,2,1,1,2,0
2026-02-28,Company career site,Software Engineer,7,2,1,1,1,0,0
2026-02-28,Company career site,UX Designer,6,0,1,0,2,1,0
2026-02-28,Handshake extension,Data Analyst,23,3,1,1,19,5,0
2026-02-28,Handshake extension,Finance Analyst,17,5,1,1,10,0,2
2026-02-28,Handshake extension,Product Manager,20,2,3,0,9,4,1
2026-02-28,Handshake extension,Software Engineer,17,2,3,0,10,0,1
2026-02-28,Handshake extension,UX Designer,15,2,1,0,8,0,0
2026-02-28,LinkedIn extension,Data Analyst,25,3,3,1,14,4,0
2026-02-28,LinkedIn extension,Finance Analyst,33,7,5,3,17,3,2
2026-02-28,LinkedIn extension,Product Manager,24,3,2,0,11,3,0
2026-02-28,LinkedIn extension,Software Engineer,26,3,3,6,16,7,0
2026-02-28,LinkedIn extension,UX Designer,27,2,5,2,14,5,1
2026-02-28,Manual paste,Data Analyst,6,1,1,2,3,2,0
2026-02-28,Manual paste,Finance Analyst,8,3,1,0,3,0,0
2026-02-28,Manual paste,Product Manager,15,4,0,1,5,5,0
2026-02-28,Manual paste,Software Engineer,12,0,0,0,2,2,0
2026-02-28,Manual paste,UX Designer,6,1,1,0,0,1,0
2026-03-01,Company career site,Data Analyst,18,4,3,1,3,5,0
2026-03-01,Company career site,Finance Analyst,8,1,0,1,5,1,0
2026-03-01,Company career site,Product Manager,9,0,2,0,1,1,0
2026-03-01,Company career site,Software Engineer,9,0,1,0,4,3,0
2026-03-01,Company career site,UX Designer,7,2,1,0,1,0,0
2026-03-01,Handshake extension,Data Analyst,24,3,3,1,9,8,1
2026-03-01,Handshake extension,Finance Analyst,15,2,3,0,3,2,1
2026-03-01,Handshake extension,Product Manager,14,2,1,1,6,2,1
2026-03-01,Handshake extension,Software Engineer,17,1,0,0,9,4,0
2026-03-01,Handshake extension,UX Designer,10,3,1,0,4,4,0
2026-03-01,LinkedIn extension,Data Analyst,26,3,5,2,12,3,0
2026-03-01,LinkedIn extension,Finance Analyst,29,3,4,5,12,5,0
2026-03-01,LinkedIn extension,Product Manager,26,5,4,0,12,5,0
2026-03-01,LinkedIn extension,Software Engineer,33,5,4,3,16,5,1
2026-03-01,LinkedIn extension,UX Designer,27,7,3,2,15,3,0
2026-03-01,Manual paste,Data Analyst,7,2,1,0,4,1,0
2026-03-01,Manual paste,Finance Analyst,14,1,2,1,7,2,0
2026-03-01,Manual paste,Product Manager,11,0,2,0,3,1,2
2026-03-01,Manual paste,Software Engineer,8,1,1,0,3,2,0
2026-03-01,Manual paste,UX Designer,13,5,2,1,2,0,0
2026-03-02,Company career site,Data Analyst,15,1,0,0,8,2,1
2026-03-02,Company career site,Finance Analyst,11,2,1,0,5,2,0
2026-03-02,Company career site,Product Manager,13,3,2,2,2,0,0
2026-03-02,Company career site,Software Engineer,15,2,3,2,0,3,0
2026-03-02,Company career site,UX Designer,8,3,1,0,2,1,0
2026-03-02,Handshake extension,Data Analyst,20,1,5,1,12,5,0
2026-03-02,Handshake extension,Finance Analyst,17,2,4,2,6,2,0
2026-03-02,Handshake extension,Product Manager,17,3,3,2,7,2,0
2026-03-02,Handshake extension,Software Engineer,21,5,3,3,5,1,0
2026-03-02,Handshake extension,UX Designer,16,3,2,1,7,1,0
2026-03-02,LinkedIn extension,Data Analyst,22,5,4,1,7,3,0
2026-03-02,LinkedIn extension,Finance Analyst,29,3,6,3,17,3,1
2026-03-02,LinkedIn extension,Product Manager,28,2,5,2,14,3,0
2026-03-02,LinkedIn extension,Software Engineer,32,2,2,2,19,2,1
2026-03-02,LinkedIn extension,UX Designer,24,5,3,0,9,3,0
2026-03-02,Manual paste,Data Analyst,3,0,0,0,3,0,0
2026-03-02,Manual paste,Finance Analyst,12,3,1,0,7,2,0
2026-03-02,Manual paste,Product Manager,10,2,1,0,4,4,0
2026-03-02,Manual paste,Software Engineer,10,0,1,2,5,1,0
2026-03-02,Manual paste,UX Designer,7,1,2,1,1,1,0
2026-03-03,Company career site,Data Analyst,11,1,0,0,18,3,0
2026-03-03,Company career site,Finance Analyst,10,1,2,0,7,0,0
2026-03-03,Company career site,Product Manager,12,1,2,1,5,1,0
2026-03-03,Company career site,Software Engineer,12,4,2,0,3,4,0
2026-03-03,Company career site,UX Designer,11,1,1,3,8,0,0
2026-03-03,Handshake extension,Data Analyst,26,2,4,4,17,3,0
2026-03-03,Handshake extension,Finance Analyst,14,0,2,3,7,2,0
2026-03-03,Handshake extension,Product Manager,16,1,4,0,7,4,1
2026-03-03,Handshake extension,Software Engineer,20,2,1,0,8,4,0
2026-03-03,Handshake extension,UX Designer,12,0,1,3,6,2,0
2026-03-03,LinkedIn extension,Data Analyst,21,3,1,3,10,2,1
2026-03-03,LinkedIn extension,Finance Analyst,27,2,2,2,17,3,0
2026-03-03,LinkedIn extension,Product Manager,21,3,2,3,7,5,1
2026-03-03,LinkedIn extension,Software Engineer,32,2,2,3,21,4,1
2026-03-03,LinkedIn extension,UX Designer,26,4,5,3,10,4,1
2026-03-03,Manual paste,Data Analyst,4,1,1,0,0,1,0
2026-03-03,Manual paste,Finance Analyst,17,1,2,1,5,1,1
2026-03-03,Manual paste,Product Manager,10,2,0,1,2,2,0
2026-03-03,Manual paste,Software Engineer,10,4,0,0,6,2,0
2026-03-03,Manual paste,UX Designer,11,4,2,1,4,0,0
2026-03-04,Company career site,Data Analyst,9,1,0,1,6,0,1
2026-03-04,Company career site,Finance Analyst,6,0,1,0,1,1,0
2026-03-04,Company career site,Product Manager,10,1,2,2,5,1,0
2026-03-04,Company career site,Software Engineer,12,0,1,1,2,5,0
2026-03-04,Company career site,UX Designer,9,3,1,0,5,0,0
2026-03-04,Handshake extension,Data Analyst,24,1,2,1,15,1,1
2026-03-04,Handshake extension,Finance Analyst,15,2,4,2,4,1,0
2026-03-04,Handshake extension,Product Manager,16,2,0,3,6,2,0
2026-03-04,Handshake extension,Software Engineer,14,0,2,1,4,2,0
2026-03-04,Handshake extension,UX Designer,15,4,0,0,6,0,0
2026-03-04,LinkedIn extension,Data Analyst,20,2,2,0,13,3,0
2026-03-04,LinkedIn extension,Finance Analyst,30,4,4,1,15,6,1
2026-03-04,LinkedIn extension,Product Manager,28,4,1,2,14,4,0
2026-03-04,LinkedIn extension,Software Engineer,34,3,5,5,15,2,2
2026-03-04,LinkedIn extension,UX Designer,27,7,1,3,15,6,0
2026-03-04,Manual paste,Data Analyst,9,5,1,0,0,1,0
2026-03-04,Manual paste,Finance Analyst,13,2,3,1,4,1,0
2026-03-04,Manual paste,Product Manager,10,1,3,0,3,0,1
2026-03-04,Manual paste,Software Engineer,11,4,1,0,7,2,0
2026-03-04,Manual paste,UX Designer,10,2,3,0,4,1,0
2026-03-05,Company career site,Data Analyst,15,2,2,0,4,1,0
2026-03-05,Company career site,Finance Analyst,6,1,0,1,2,0,0
2026-03-05,Company career site,Product Manager,8,1,1,1,1,2,0
2026-03-05,Company career site,Software Engineer,11,1,4,2,3,2,0
2026-03-05,Company career site,UX Designer,12,7,0,0,4,0,0
2026-03-05,Handshake extension,Data Analyst,25,2,0,1,15,5,0
2026-03-05,Handshake extension,Finance Analyst,13,1,2,1,5,3,0
2026-03-05,Handshake extension,Product Manager,19,1,4,2,13,5,0
2026-03-05,Handshake extension,Software Engineer,15,2,2,4,6,0,0
2026-03-05,Handshake extension,UX Designer,18,5,3,2,8,0,0
2026-03-05,LinkedIn extension,Data Analyst,24,6,0,2,10,1,0
2026-03-05,LinkedIn extension,Finance Analyst,29,3,2,4,16,2,1
2026-03-05,LinkedIn extension,Product Manager,22,2,0,1,16,4,0
2026-03-05,LinkedIn extension,Software Engineer,31,2,3,1,14,6,0
2026-03-05,LinkedIn extension,UX Designer,25,1,3,2,11,5,1
2026-03-05,Manual paste,Data Analyst,7,3,0,0,2,0,0
2026-03-05,Manual paste,Finance Analyst,12,4,0,0,4,2,0
2026-03-05,Manual paste,Product Manager,8,2,2,2,5,0,1
2026-03-05,Manual paste,Software Engineer,13,3,0,0,2,1,1
2026-03-05,Manual paste,UX Designer,14,4,3,1,6,1,1
2026-03-06,Company career site,Data Analyst,12,3,0,1,3,1,0
2026-03-06,Company career site,Finance Analyst,10,1,3,1,4,2,0
2026-03-06,Company career site,Product Manager,9,2,0,0,4,2,0
2026-03-06,Company career site,Software Engineer,12,2,0,1,2,3,0
2026-03-06,Company career site,UX Designer,8,0,1,0,2,2,0
2026-03-06,Handshake extension,Data Analyst,21,1,1,4,19,5,2
2026-03-06,Handshake extension,Finance Analyst,17,3,2,5,5,2,0
2026-03-06,Handshake extension,Product Manager,17,1,4,3,8,2,0
2026-03-06,Handshake extension,Software Engineer,19,2,1,0,10,3,1
2026-03-06,Handshake extension,UX Designer,12,0,2,2,7,0,1
2026-03-06,LinkedIn extension,Data Analyst,19,3,3,1,8,1,1
2026-03-06,LinkedIn extension,Finance Analyst,34,2,5,3,18,7,0
2026-03-06,LinkedIn extension,Product Manager,26,5,1,1,11,2,0
2026-03-06,LinkedIn extension,Software Engineer,33,2,3,2,17,6,1
2026-03-06,LinkedIn extension,UX Designer,26,2,4,2,14,7,0
2026-03-06,Manual paste,Data Analyst,10,1,3,0,3,0,0
2026-03-06,Manual paste,Finance Analyst,10,1,2,1,4,3,0
2026-03-06,Manual paste,Product Manager,17,4,2,0,3,0,0
2026-03-06,Manual paste,Software Engineer,10,1,3,0,6,1,1
2026-03-06,Manual paste,UX Designer,14,2,0,2,4,2,0
2026-03-07,Company career site,Data Analyst,19,6,1,1,9,1,0
2026-03-07,Company career site,Finance Analyst,7,1,1,0,2,0,0
2026-03-07,Company career site,Product Manager,8,1,1,0,4,3,0
2026-03-07,Company career site,Software Engineer,12,0,0,0,7,4,0
2026-03-07,Company career site,UX Designer,8,2,0,0,4,0,1
2026-03-07,Handshake extension,Data Analyst,19,0,3,1,14,1,0
2026-03-07,Handshake extension,Finance Analyst,19,2,5,0,6,2,0
2026-03-07,Handshake extension,Product Manager,16,0,2,1,6,1,0
2026-03-07,Handshake extension,Software Engineer,18,3,3,0,10,1,1
2026-03-07,Handshake extension,UX Designer,17,3,1,2,6,4,0
2026-03-07,LinkedIn extension,Data Analyst,18,0,4,2,7,2,0
2026-03-07,LinkedIn extension,Finance Analyst,33,6,4,4,17,4,0
2026-03-07,LinkedIn extension,Product Manager,28,5,3,1,8,6,0
2026-03-07,LinkedIn extension,Software Engineer,29,3,3,2,14,5,0
2026-03-07,LinkedIn extension,UX Designer,24,4,3,2,9,2,1
2026-03-07,Manual paste,Data Analyst,8,2,2,1,5,0,0
2026-03-07,Manual paste,Finance Analyst,11,1,2,1,4,2,1
2026-03-07,Manual paste,Product Manager,8,2,0,1,4,0,0
2026-03-07,Manual paste,Software Engineer,16,3,2,1,3,0,1
2026-03-07,Manual paste,UX Designer,13,2,2,0,6,2,0
2026-03-08,Company career site,Data Analyst,13,2,1,1,6,2,1
2026-03-08,Company career site,Finance Analyst,6,0,0,1,3,1,0
2026-03-08,Company career site,Product Manager,8,0,3,0,3,3,0
2026-03-08,Company career site,Software Engineer,11,1,1,0,5,2,0
2026-03-08,Company career site,UX Designer,7,3,1,1,3,0,0
2026-03-08,Handshake extension,Data Analyst,16,1,1,0,9,3,0
2026-03-08,Handshake extension,Finance Analyst,24,1,4,2,14,1,0
2026-03-08,Handshake extension,Product Manager,20,1,0,3,12,1,0
2026-03-08,Handshake extension,Software Engineer,26,2,7,3,7,2,0
2026-03-08,Handshake extension,UX Designer,13,2,1,0,7,0,0
2026-03-08,LinkedIn extension,Data Analyst,19,3,1,1,10,2,0
2026-03-08,LinkedIn extension,Finance Analyst,34,5,1,1,20,7,0
2026-03-08,LinkedIn extension,Product Manager,22,4,2,0,8,1,0
2026-03-08,LinkedIn extension,Software Engineer,26,3,1,0,19,5,1
2026-03-08,LinkedIn extension,UX Designer,24,2,5,4,11,5,1
2026-03-08,Manual paste,Data Analyst,12,4,2,2,1,1,0
2026-03-08,Manual paste,Finance Analyst,18,2,4,0,5,3,0
2026-03-08,Manual paste,Product Manager,8,0,1,0,3,0,0
2026-03-08,Manual paste,Software Engineer,5,0,1,1,1,0,0
2026-03-08,Manual paste,UX Designer,10,1,2,1,3,1,1
2026-03-09,Company career site,Data Analyst,12,1,1,0,5,2,0
2026-03-09,Company career site,Finance Analyst,7,1,1,1,4,0,0
2026-03-09,Company career site,Product Manager,7,2,1,1,3,0,3
2026-03-09,Company career site,Software Engineer,12,2,1,1,2,3,0
2026-03-09,Company career site,UX Designer,12,3,2,1,6,0,0
2026-03-09,Handshake extension,Data Analyst,20,3,0,1,10,4,0
2026-03-09,Handshake extension,Finance Analyst,19,3,1,4,5,4,0
2026-03-09,Handshake extension,Product Manager,18,3,1,3,8,2,0
2026-03-09,Handshake extension,Software Engineer,23,4,0,3,9,4,0
2026-03-09,Handshake extension,UX Designer,14,1,4,1,7,1,0
2026-03-09,LinkedIn extension,Data Analyst,25,6,2,2,13,0,0
2026-03-09,LinkedIn extension,Finance Analyst,30,0,7,1,20,2,1
2026-03-09,LinkedIn extension,Product Manager,19,2,4,3,9,6,0
2026-03-09,LinkedIn extension,Software Engineer,28,1,3,2,14,3,0
2026-03-09,LinkedIn extension,UX Designer,22,2,4,2,6,4,0
2026-03-09,Manual paste,Data Analyst,9,1,2,2,3,0,0
2026-03-09,Manual paste,Finance Analyst,13,1,0,4,4,4,2
2026-03-09,Manual paste,Product Manager,7,1,0,0,4,2,0
2026-03-09,Manual paste,Software Engineer,9,1,1,2,5,1,0
2026-03-09,Manual paste,UX Designer,10,0,3,3,6,0,0
2026-03-10,Company career site,Data Analyst,13,0,4,1,8,1,0
2026-03-10,Company career site,Finance Analyst,9,1,1,1,5,0,0
2026-03-10,Company career site,Product Manager,10,2,1,1,3,1,1
2026-03-10,Company career site,Software Engineer,12,0,0,1,6,0,2
2026-03-10,Company career site,UX Designer,10,1,2,0,3,1,0
2026-03-10,Handshake extension,Data Analyst,27,5,4,0,9,3,2
2026-03-10,Handshake extension,Finance Analyst,18,2,1,3,15,2,1
2026-03-10,Handshake extension,Product Manager,20,0,0,0,15,4,2
2026-03-10,Handshake extension,Software Engineer,21,4,1,4,10,2,0
2026-03-10,Handshake extension,UX Designer,12,4,0,2,8,1,0
2026-03-10,LinkedIn extension,Data Analyst,23,4,4,0,7,5,2
2026-03-10,LinkedIn extension,Finance Analyst,33,7,2,3,16,6,1
2026-03-10,LinkedIn extension,Product Manager,26,2,2,4,11,1,0
2026-03-10,LinkedIn extension,Software Engineer,24,2,4,1,12,6,0
2026-03-10,LinkedIn extension,UX Designer,23,0,4,3,13,4,0
2026-03-10,Manual paste,Data Analyst,7,1,3,0,3,1,0
2026-03-10,Manual paste,Finance Analyst,15,1,3,1,3,1,0
2026-03-10,Manual paste,Product Manager,8,2,1,0,4,2,0
2026-03-10,Manual paste,Software Engineer,15,4,2,1,5,1,0
2026-03-10,Manual paste,UX Designer,16,3,5,1,3,1,0
2026-03-11,Company career site,Data Analyst,10,1,0,2,4,2,0
2026-03-11,Company career site,Finance Analyst,3,0,0,0,4,0,0
2026-03-11,Company career site,Product Manager,8,1,0,1,3,2,0
2026-03-11,Company career site,Software Engineer,15,1,0,0,4,2,0
2026-03-11,Company career site,UX Designer,10,0,3,3,3,0,0
2026-03-11,Handshake extension,Data Analyst,27,5,1,2,8,3,0
2026-03-11,Handshake extension,Finance Analyst,22,2,2,0,12,2,2
2026-03-11,Handshake extension,Product Manager,25,2,3,1,10,4,0
2026-03-11,Handshake extension,Software Engineer,18,2,3,1,8,6,0
2026-03-11,Handshake extension,UX Designer,16,0,2,2,8,1,0
2026-03-11,LinkedIn extension,Data Analyst,22,3,4,2,4,2,1
2026-03-11,LinkedIn extension,Finance Analyst,30,2,4,2,19,3,0
2026-03-11,LinkedIn extension,Product Manager,25,3,1,2,9,4,1
2026-03-11,LinkedIn extension,Software Engineer,30,3,4,2,14,2,0
2026-03-11,LinkedIn extension,UX Designer,22,5,2,0,15,1,0
2026-03-11,Manual paste,Data Analyst,14,5,0,3,1,2,0
2026-03-11,Manual paste,Finance Analyst,14,3,2,0,2,0,0
2026-03-11,Manual paste,Product Manager,7,1,0,0,1,1,0
2026-03-11,Manual paste,Software Engineer,14,3,1,2,3,0,0
2026-03-11,Manual paste,UX Designer,19,4,3,3,6,4,0
2026-03-12,Company career site,Data Analyst,10,1,1,1,5,0,0
2026-03-12,Company career site,Finance Analyst,9,2,2,0,1,1,0
2026-03-12,Company career site,Product Manager,15,4,2,0,7,1,0
2026-03-12,Company career site,Software Engineer,13,3,1,0,7,1,0
2026-03-12,Company career site,UX Designer,14,2,0,0,2,1,0
2026-03-12,Handshake extension,Data Analyst,21,3,3,3,7,1,1
2026-03-12,Handshake extension,Finance Analyst,26,2,3,0,15,4,0
2026-03-12,Handshake extension,Product Manager,20,1,1,1,10,2,1
2026-03-12,Handshake extension,Software Engineer,19,1,3,1,12,1,0
2026-03-12,Handshake extension,UX Designer,13,1,0,0,8,1,0
2026-03-12,LinkedIn extension,Data Analyst,21,3,1,1,7,1,0
2026-03-12,LinkedIn extension,Finance Analyst,25,2,3,1,18,4,1
2026-03-12,LinkedIn extension,Product Manager,24,3,3,1,8,6,1
2026-03-12,LinkedIn extension,Software Engineer,31,7,2,6,17,4,1
2026-03-12,LinkedIn extension,UX Designer,26,2,4,3,13,2,1
2026-03-12,Manual paste,Data Analyst,13,2,2,0,5,1,0
2026-03-12,Manual paste,Finance Analyst,14,2,0,2,2,3,0
2026-03-12,Manual paste,Product Manager,8,2,1,1,3,0,0
2026-03-12,Manual paste,Software Engineer,10,0,2,0,3,1,0
2026-03-12,Manual paste,UX Designer,16,2,0,1,6,2,0
2026-03-13,Company career site,Data Analyst,13,2,1,1,5,2,0
2026-03-13,Company career site,Finance Analyst,8,3,1,0,4,2,0
2026-03-13,Company career site,Product Manager,7,0,1,0,4,1,0
2026-03-13,Company career site,Software Engineer,6,1,0,1,4,0,1
2026-03-13,Company career site,UX Designer,9,2,2,0,2,1,0
2026-03-13,Handshake extension,Data Analyst,23,5,5,3,7,2,1
2026-03-13,Handshake extension,Finance Analyst,24,2,3,3,11,4,2
2026-03-13,Handshake extension,Product Manager,17,1,0,1,10,4,0
2026-03-13,Handshake extension,Software Engineer,29,4,5,5,12,4,2
2026-03-13,Handshake extension,UX Designer,18,2,2,1,12,0,0
2026-03-13,LinkedIn extension,Data Analyst,21,3,5,1,7,3,1
2026-03-13,LinkedIn extension,Finance Analyst,29,3,5,4,14,7,1
2026-03-13,LinkedIn extension,Product Manager,20,2,2,0,10,5,1
2026-03-13,LinkedIn extension,Software Engineer,24,2,4,0,9,3,1
2026-03-13,LinkedIn extension,UX Designer,27,0,9,3,11,4,0
2026-03-13,Manual paste,Data Analyst,14,4,3,1,3,0,0
2026-03-13,Manual paste,Finance Analyst,15,1,1,0,9,0,0
2026-03-13,Manual paste,Product Manager,16,4,3,0,1,2,0
2026-03-13,Manual paste,Software Engineer,11,2,2,0,7,0,0
2026-03-13,Manual paste,UX Designer,17,0,1,2,11,2,1
2026-03-14,Company career site,Data Analyst,13,1,2,0,4,1,0
2026-03-14,Company career site,Finance Analyst,7,0,2,1,2,2,0
2026-03-14,Company career site,Product Manager,4,0,1,0,2,0,0
2026-03-14,Company career site,Software Engineer,12,4,1,0,3,1,0
2026-03-14,Company career site,UX Designer,7,2,1,2,1,0,0
2026-03-14,Handshake extension,Data Analyst,24,2,5,1,9,3,2
2026-03-14,Handshake extension,Finance Analyst,22,3,1,2,21,3,1
2026-03-14,Handshake extension,Product Manager,21,3,1,1,8,1,0
2026-03-14,Handshake extension,Software Engineer,20,1,1,1,16,1,0
2026-03-14,Handshake extension,UX Designer,13,0,4,0,5,0,0
2026-03-14,LinkedIn extension,Data Analyst,21,4,2,2,7,3,0
2026-03-14,LinkedIn extension,Finance Analyst,27,4,2,1,17,2,1
2026-03-14,LinkedIn extension,Product Manager,23,3,1,2,11,2,1
2026-03-14,LinkedIn extension,Software Engineer,25,2,4,1,11,5,1
2026-03-14,LinkedIn extension,UX Designer,31,5,3,3,13,5,0
2026-03-14,Manual paste,Data Analyst,18,6,1,1,5,3,1
2026-03-14,Manual paste,Finance Analyst,10,1,0,0,3,4,0
2026-03-14,Manual paste,Product Manager,9,1,2,1,1,0,0
2026-03-14,Manual paste,Software Engineer,12,3,2,1,2,2,0
2026-03-14,Manual paste,UX Designer,17,2,3,1,7,1,0
2026-03-15,Company career site,Data Analyst,13,3,2,2,6,1,0
2026-03-15,Company career site,Finance Analyst,13,4,1,1,4,0,0
2026-03-15,Company career site,Product Manager,9,3,0,0,3,1,0
2026-03-15,Company career site,Software Engineer,6,0,0,0,4,1,0
2026-03-15,Company career site,UX Designer,15,2,1,0,3,0,0
2026-03-15,Handshake extension,Data Analyst,22,1,2,3,9,3,0
2026-03-15,Handshake extension,Finance Analyst,21,2,1,1,16,2,0
2026-03-15,Handshake extension,Product Manager,18,2,0,0,6,3,3
2026-03-15,Handshake extension,Software Engineer,25,2,1,3,17,2,0
2026-03-15,Handshake extension,UX Designer,20,3,6,1,9,1,0
2026-03-15,LinkedIn extension,Data Analyst,24,3,3,1,5,5,0
2026-03-15,LinkedIn extension,Finance Analyst,27,1,4,2,12,9,1
2026-03-15,LinkedIn extension,Product Manager,19,6,2,0,10,1,0
2026-03-15,LinkedIn extension,Software Engineer,34,4,1,3,13,4,2
2026-03-15,LinkedIn extension,UX Designer,32,5,4,2,22,2,0
2026-03-15,Manual paste,Data Analyst,14,2,1,2,4,2,1
2026-03-15,Manual paste,Finance Analyst,15,1,3,0,7,0,1
2026-03-15,Manual paste,Product Manager,9,1,3,3,4,1,0
2026-03-15,Manual paste,Software Engineer,12,1,4,0,3,0,0
2026-03-15,Manual paste,UX Designer,19,5,1,0,3,4,0
2026-03-16,Company career site,Data Analyst,19,5,2,0,5,0,0
2026-03-16,Company career site,Finance Analyst,13,2,3,0,3,2,0
2026-03-16,Company career site,Product Manager,6,1,1,0,2,0,0
2026-03-16,Company career site,Software Engineer,11,3,3,1,0,0,0
2026-03-16,Company career site,UX Designer,11,1,0,1,5,0,0
2026-03-16,Handshake extension,Data Analyst,16,2,1,1,7,5,0
2026-03-16,Handshake extension,Finance Analyst,18,3,1,0,15,3,0
2026-03-16,Handshake extension,Product Manager,17,3,5,0,2,2,1
2026-03-16,Handshake extension,Software Engineer,30,3,4,3,14,6,1
2026-03-16,Handshake extension,UX Designer,25,1,2,5,11,2,0
2026-03-16,LinkedIn extension,Data Analyst,21,4,3,3,9,1,0
2026-03-16,LinkedIn extension,Finance Analyst,27,1,3,3,16,7,0
2026-03-16,LinkedIn extension,Product Manager,21,3,1,0,7,5,0
2026-03-16,LinkedIn extension,Software Engineer,29,4,3,3,15,10,1
2026-03-16,LinkedIn extension,UX Designer,32,4,2,1,9,5,3
2026-03-16,Manual paste,Data Analyst,16,0,2,1,5,0,0
2026-03-16,Manual paste,Finance Analyst,13,2,1,1,5,2,0
2026-03-16,Manual paste,Product Manager,12,2,1,0,3,3,0
2026-03-16,Manual paste,Software Engineer,13,3,2,4,2,0,0
2026-03-16,Manual paste,UX Designer,19,2,0,1,9,3,0
2026-03-17,Company career site,Data Analyst,15,1,2,1,5,0,1
2026-03-17,Company career site,Finance Analyst,12,1,2,3,4,1,0
2026-03-17,Company career site,Product Manager,10,1,1,1,1,2,0
2026-03-17,Company career site,Software Engineer,6,3,1,0,1,1,0
2026-03-17,Company career site,UX Designer,11,3,0,0,8,1,1
2026-03-17,Handshake extension,Data Analyst,23,3,2,2,13,3,0
2026-03-17,Handshake extension,Finance Analyst,14,2,2,0,5,3,0
2026-03-17,Handshake extension,Product Manager,15,0,1,4,9,3,0
2026-03-17,Handshake extension,Software Engineer,28,3,1,2,16,3,0
2026-03-17,Handshake extension,UX Designer,20,0,1,2,12,4,1
2026-03-17,LinkedIn extension,Data Analyst,19,3,3,1,6,3,0
2026-03-17,LinkedIn extension,Finance Analyst,25,5,4,0,13,2,0
2026-03-17,LinkedIn extension,Product Manager,22,4,0,2,10,1,1
2026-03-17,LinkedIn extension,Software Engineer,28,1,2,2,9,7,0
2026-03-17,LinkedIn extension,UX Designer,28,5,1,4,12,7,0
2026-03-17,Manual paste,Data Analyst,15,3,0,0,7,2,0
2026-03-17,Manual paste,Finance Analyst,19,5,0,1,6,1,0
2026-03-17,Manual paste,Product Manager,6,0,0,1,2,0,0
2026-03-17,Manual paste,Software Engineer,15,4,1,1,4,1,0
2026-03-17,Manual paste,UX Designer,18,1,4,1,12,4,0
2026-03-18,Company career site,Data Analyst,13,1,1,1,8,2,0
2026-03-18,Company career site,Finance Analyst,9,1,1,1,4,1,1
2026-03-18,Company career site,Product Manager,8,1,3,0,4,1,1
2026-03-18,Company career site,Software Engineer,10,1,2,2,1,1,0
2026-03-18,Company career site,UX Designer,11,4,2,0,4,0,0
2026-03-18,Handshake extension,Data Analyst,21,1,1,2,13,7,2
2026-03-18,Handshake extension,Finance Analyst,18,0,1,0,8,3,0
2026-03-18,Handshake extension,Product Manager,23,2,1,2,12,2,1
2026-03-18,Handshake extension,Software Engineer,25,4,2,2,12,4,0
2026-03-18,Handshake extension,UX Designer,22,4,0,3,9,1,2
2026-03-18,LinkedIn extension,Data Analyst,26,6,1,1,10,0,0
2026-03-18,LinkedIn extension,Finance Analyst,26,1,1,2,12,3,2
2026-03-18,LinkedIn extension,Product Manager,17,3,3,0,4,5,0
2026-03-18,LinkedIn extension,Software Engineer,22,1,3,0,11,2,0
2026-03-18,LinkedIn extension,UX Designer,25,4,1,0,12,5,1
2026-03-18,Manual paste,Data Analyst,13,2,1,0,8,1,0
2026-03-18,Manual paste,Finance Analyst,17,5,1,0,5,3,0
2026-03-18,Manual paste,Product Manager,3,0,0,0,2,0,0
2026-03-18,Manual paste,Software Engineer,9,2,2,0,4,0,0
2026-03-18,Manual paste,UX Designer,14,1,1,2,6,2,1
2026-03-19,Company career site,Data Analyst,18,1,2,2,11,0,1
2026-03-19,Company career site,Finance Analyst,13,3,0,1,6,1,0
2026-03-19,Company career site,Product Manager,6,0,2,0,3,0,0
2026-03-19,Company career site,Software Engineer,10,2,1,3,3,1,0
2026-03-19,Company career site,UX Designer,13,6,2,0,1,1,0
2026-03-19,Handshake extension,Data Analyst,24,4,6,2,9,2,1
2026-03-19,Handshake extension,Finance Analyst,18,2,3,1,6,2,1
2026-03-19,Handshake extension,Product Manager,18,3,1,1,10,3,0
2026-03-19,Handshake extension,Software Engineer,27,0,3,2,19,5,1
2026-03-19,Handshake extension,UX Designer,16,2,2,2,6,3,0
2026-03-19,LinkedIn extension,Data Analyst,22,4,2,2,14,3,0
2026-03-19,LinkedIn extension,Finance Analyst,32,5,3,2,18,5,2
2026-03-19,LinkedIn extension,Product Manager,16,2,1,0,8,2,0
2026-03-19,LinkedIn extension,Software Engineer,24,3,2,1,16,9,0
2026-03-19,LinkedIn extension,UX Designer,25,2,4,2,13,5,1
2026-03-19,Manual paste,Data Analyst,15,2,3,1,7,1,0
2026-03-19,Manual paste,Finance Analyst,13,1,2,0,7,2,0
2026-03-19,Manual paste,Product Manager,7,1,1,0,4,0,0
2026-03-19,Manual paste,Software Engineer,10,2,1,0,5,2,1
2026-03-19,Manual paste,UX Designer,22,4,2,1,5,0,1
2026-03-20,Company career site,Data Analyst,12,1,2,2,7,1,0
2026-03-20,Company career site,Finance Analyst,10,3,0,0,4,3,0
2026-03-20,Company career site,Product Manager,3,0,0,1,2,0,0
2026-03-20,Company career site,Software Engineer,7,2,0,0,2,0,0
2026-03-20,Company career site,UX Designer,12,0,4,0,1,0,0
2026-03-20,Handshake extension,Data Analyst,24,3,3,0,14,5,1
2026-03-20,Handshake extension,Finance Analyst,13,1,2,3,6,2,0
2026-03-20,Handshake extension,Product Manager,19,3,4,0,16,3,1
2026-03-20,Handshake extension,Software Engineer,26,2,2,1,18,3,1
2026-03-20,Handshake extension,UX Designer,23,5,3,1,13,5,0
2026-03-20,LinkedIn extension,Data Analyst,26,4,4,4,13,1,0
2026-03-20,LinkedIn extension,Finance Analyst,27,2,3,3,15,3,0
2026-03-20,LinkedIn extension,Product Manager,20,4,4,1,5,3,0
2026-03-20,LinkedIn extension,Software Engineer,29,0,4,2,12,4,0
2026-03-20,LinkedIn extension,UX Designer,21,3,2,1,7,3,0
2026-03-20,Manual paste,Data Analyst,11,1,3,1,3,2,0
2026-03-20,Manual paste,Finance Analyst,12,1,1,3,3,0,1
2026-03-20,Manual paste,Product Manager,11,4,1,0,5,0,0
2026-03-20,Manual paste,Software Engineer,12,3,0,0,3,0,1
2026-03-20,Manual paste,UX Designer,18,3,2,0,6,5,0
2026-03-21,Company career site,Data Analyst,11,1,3,1,6,3,0
2026-03-21,Company career site,Finance Analyst,10,2,2,0,4,1,0
2026-03-21,Company career site,Product Manager,6,0,2,1,1,1,0
2026-03-21,Company career site,Software Engineer,10,0,2,0,2,0,1
2026-03-21,Company career site,UX Designer,9,1,2,0,9,1,0
2026-03-21,Handshake extension,Data Analyst,22,1,2,3,11,4,0
2026-03-21,Handshake extension,Finance Analyst,21,2,2,3,6,3,0
2026-03-21,Handshake extension,Product Manager,15,4,0,0,6,0,0
2026-03-21,Handshake extension,Software Engineer,19,1,1,1,15,6,0
2026-03-21,Handshake extension,UX Designer,14,1,0,0,7,3,0
2026-03-21,LinkedIn extension,Data Analyst,21,3,0,2,9,2,0
2026-03-21,LinkedIn extension,Finance Analyst,26,4,3,1,5,5,1
2026-03-21,LinkedIn extension,Product Manager,23,4,3,3,6,0,0
2026-03-21,LinkedIn extension,Software Engineer,24,7,1,1,7,3,0
2026-03-21,LinkedIn extension,UX Designer,26,4,1,1,13,2,0
2026-03-21,Manual paste,Data Analyst,10,0,1,2,3,0,0
2026-03-21,Manual paste,Finance Analyst,15,3,2,1,6,4,0
2026-03-21,Manual paste,Product Manager,9,1,1,0,6,0,0
2026-03-21,Manual paste,Software Engineer,13,3,2,0,6,0,0
2026-03-21,Manual paste,UX Designer,15,1,2,0,6,3,0
2026-03-22,Company career site,Data Analyst,14,5,0,1,9,0,0
2026-03-22,Company career site,Finance Analyst,11,3,1,1,4,0,0
2026-03-22,Company career site,Product Manager,5,1,0,1,3,0,1
2026-03-22,Company career site,Software Engineer,14,1,3,1,3,2,0
2026-03-22,Company career site,UX Designer,10,2,1,3,3,1,0
2026-03-22,Handshake extension,Data Analyst,22,3,2,5,8,6,0
2026-03-22,Handshake extension,Finance Analyst,21,2,5,1,11,0,1
2026-03-22,Handshake extension,Product Manager,21,2,5,4,7,4,0
2026-03-22,Handshake extension,Software Engineer,17,1,3,0,10,2,0
2026-03-22,Handshake extension,UX Designer,18,3,2,0,12,2,0
2026-03-22,LinkedIn extension,Data Analyst,21,1,6,2,7,3,0
2026-03-22,LinkedIn extension,Finance Analyst,23,5,0,2,9,3,1
2026-03-22,LinkedIn extension,Product Manager,19,3,2,1,7,3,0
2026-03-22,LinkedIn extension,Software Engineer,25,2,2,0,10,6,0
2026-03-22,LinkedIn extension,UX Designer,26,2,4,2,8,2,0
2026-03-22,Manual paste,Data Analyst,17,6,1,1,7,1,1
2026-03-22,Manual paste,Finance Analyst,15,7,3,2,1,0,0
2026-03-22,Manual paste,Product Manager,4,2,0,0,6,2,0
2026-03-22,Manual paste,Software Engineer,12,4,2,2,4,0,0
2026-03-22,Manual paste,UX Designer,15,1,3,1,5,2,0
2026-03-23,Company career site,Data Analyst,17,0,4,0,7,3,0
2026-03-23,Company career site,Finance Analyst,7,0,0,1,5,0,0
2026-03-23,Company career site,Product Manager,5,2,0,0,4,0,0
2026-03-23,Company career site,Software Engineer,14,2,1,1,1,1,0
2026-03-23,Company career site,UX Designer,11,1,2,0,2,1,0
2026-03-23,Handshake extension,Data Analyst,23,1,3,2,15,5,0
2026-03-23,Handshake extension,Finance Analyst,18,3,4,3,8,4,1
2026-03-23,Handshake extension,Product Manager,21,3,1,1,9,3,1
2026-03-23,Handshake extension,Software Engineer,28,2,5,4,17,3,1
2026-03-23,Handshake extension,UX Designer,20,3,2,1,12,1,1
2026-03-23,LinkedIn extension,Data Analyst,20,3,2,1,11,1,0
2026-03-23,LinkedIn extension,Finance Analyst,25,5,2,2,10,0,0
2026-03-23,LinkedIn extension,Product Manager,28,6,4,2,8,3,0
2026-03-23,LinkedIn extension,Software Engineer,25,2,4,1,7,3,1
2026-03-23,LinkedIn extension,UX Designer,33,2,2,0,14,2,0
2026-03-23,Manual paste,Data Analyst,15,4,2,1,5,0,0
2026-03-23,Manual paste,Finance Analyst,18,3,4,0,3,0,0
2026-03-23,Manual paste,Product Manager,7,2,1,0,2,1,1
2026-03-23,Manual paste,Software Engineer,17,4,2,1,8,2,0
2026-03-23,Manual paste,UX Designer,10,2,1,0,4,1,0
2026-03-24,Company career site,Data Analyst,13,1,2,3,6,1,0
2026-03-24,Company career site,Finance Analyst,18,4,3,1,6,0,0
2026-03-24,Company career site,Product Manager,7,3,0,0,5,0,0
2026-03-24,Company career site,Software Engineer,12,3,0,1,7,2,0
2026-03-24,Company career site,UX Designer,7,0,2,0,3,1,0
2026-03-24,Handshake extension,Data Analyst,30,2,6,2,17,5,0
2026-03-24,Handshake extension,Finance Analyst,21,2,1,3,9,2,0
2026-03-24,Handshake extension,Product Manager,17,4,6,4,6,1,0
2026-03-24,Handshake extension,Software Engineer,23,3,0,0,7,4,2
2026-03-24,Handshake extension,UX Designer,20,1,1,1,8,3,0
2026-03-24,LinkedIn extension,Data Analyst,24,4,1,3,12,2,1
2026-03-24,LinkedIn extension,Finance Analyst,26,4,2,2,10,1,0
2026-03-24,LinkedIn extension,Product Manager,19,3,4,1,8,0,1
2026-03-24,LinkedIn extension,Software Engineer,22,3,4,2,4,4,0
2026-03-24,LinkedIn extension,UX Designer,22,3,1,2,12,4,2
2026-03-24,Manual paste,Data Analyst,18,3,3,2,3,1,0
2026-03-24,Manual paste,Finance Analyst,14,3,2,0,4,1,0
2026-03-24,Manual paste,Product Manager,7,3,0,1,2,0,0
2026-03-24,Manual paste,Software Engineer,12,3,1,1,5,1,1
2026-03-24,Manual paste,UX Designer,13,1,0,0,2,1,0
2026-03-25,Company career site,Data Analyst,13,2,2,1,7,2,0
2026-03-25,Company career site,Finance Analyst,11,4,2,1,3,2,0
2026-03-25,Company career site,Product Manager,8,4,2,0,0,1,0
2026-03-25,Company career site,Software Engineer,8,1,0,0,5,1,0
2026-03-25,Company career site,UX Designer,8,2,2,1,1,0,0
2026-03-25,Handshake extension,Data Analyst,23,0,1,1,10,6,1
2026-03-25,Handshake extension,Finance Analyst,23,4,3,3,10,2,0
2026-03-25,Handshake extension,Product Manager,22,6,2,1,11,1,0
2026-03-25,Handshake extension,Software Engineer,22,2,3,3,10,4,1
2026-03-25,Handshake extension,UX Designer,21,5,2,1,7,2,0
2026-03-25,LinkedIn extension,Data Analyst,23,2,3,0,9,3,0
2026-03-25,LinkedIn extension,Finance Analyst,26,3,1,2,21,2,0
2026-03-25,LinkedIn extension,Product Manager,19,3,1,2,10,3,0
2026-03-25,LinkedIn extension,Software Engineer,21,2,0,2,11,1,0
2026-03-25,LinkedIn extension,UX Designer,23,3,2,0,11,0,0
2026-03-25,Manual paste,Data Analyst,25,5,3,2,6,2,1
2026-03-25,Manual paste,Finance Analyst,14,3,3,2,5,0,0
2026-03-25,Manual paste,Product Manager,7,1,2,0,1,0,0
2026-03-25,Manual paste,Software Engineer,17,2,1,1,6,1,0
2026-03-25,Manual paste,UX Designer,11,3,0,1,5,0,0
2026-03-26,Company career site,Data Analyst,16,1,1,0,11,4,0
2026-03-26,Company career site,Finance Analyst,9,2,3,1,4,2,0
2026-03-26,Company career site,Product Manager,13,4,1,1,2,1,1
2026-03-26,Company career site,Software Engineer,12,0,1,1,9,3,0
2026-03-26,Company career site,UX Designer,14,2,3,2,3,2,0
2026-03-26,Handshake extension,Data Analyst,20,2,3,2,9,4,0
2026-03-26,Handshake extension,Finance Analyst,22,2,3,4,9,6,0
2026-03-26,Handshake extension,Product Manager,17,2,1,1,10,2,0
2026-03-26,Handshake extension,Software Engineer,22,4,2,0,6,5,1
2026-03-26,Handshake extension,UX Designer,17,0,2,2,14,5,0
2026-03-26,LinkedIn extension,Data Analyst,23,1,4,2,9,3,0
2026-03-26,LinkedIn extension,Finance Analyst,28,5,6,0,11,3,0
2026-03-26,LinkedIn extension,Product Manager,18,4,3,0,4,1,0
2026-03-26,LinkedIn extension,Software Engineer,19,2,4,0,4,2,1
2026-03-26,LinkedIn extension,UX Designer,16,1,2,3,5,1,1
2026-03-26,Manual paste,Data Analyst,17,1,2,3,4,1,0
2026-03-26,Manual paste,Finance Analyst,16,4,1,3,6,3,0
2026-03-26,Manual paste,Product Manager,11,1,2,0,2,1,0
2026-03-26,Manual paste,Software Engineer,12,3,0,1,4,0,0
2026-03-26,Manual paste,UX Designer,17,2,1,0,8,1,1
2026-03-27,Company career site,Data Analyst,12,0,4,2,4,1,0
2026-03-27,Company career site,Finance Analyst,8,0,1,1,8,1,0
2026-03-27,Company career site,Product Manager,9,0,2,1,2,0,0
2026-03-27,Company career site,Software Engineer,14,3,0,0,7,1,0
2026-03-27,Company career site,UX Designer,12,1,1,1,5,1,0
2026-03-27,Handshake extension,Data Analyst,22,2,0,0,17,4,0
2026-03-27,Handshake extension,Finance Analyst,22,4,4,0,10,4,0
2026-03-27,Handshake extension,Product Manager,18,3,0,1,4,2,0
2026-03-27,Handshake extension,Software Engineer,18,2,0,1,10,7,0
2026-03-27,Handshake extension,UX Designer,16,2,3,2,13,3,0
2026-03-27,LinkedIn extension,Data Analyst,22,3,1,2,17,6,1
2026-03-27,LinkedIn extension,Finance Analyst,30,4,7,3,10,2,1
2026-03-27,LinkedIn extension,Product Manager,18,3,2,2,7,1,0
2026-03-27,LinkedIn extension,Software Engineer,18,3,1,1,9,1,0
2026-03-27,LinkedIn extension,UX Designer,28,6,5,1,7,4,0
2026-03-27,Manual paste,Data Analyst,15,1,0,0,6,3,0
2026-03-27,Manual paste,Finance Analyst,12,3,2,0,6,0,0
2026-03-27,Manual paste,Product Manager,7,1,0,2,1,0,0
2026-03-27,Manual paste,Software Engineer,11,4,1,0,3,2,0
2026-03-27,Manual paste,UX Designer,13,3,3,0,1,1,0
2026-03-28,Company career site,Data Analyst,11,1,0,2,6,1,1
2026-03-28,Company career site,Finance Analyst,14,3,2,4,4,2,0
2026-03-28,Company career site,Product Manager,10,2,2,1,1,2,0
2026-03-28,Company career site,Software Engineer,9,2,0,1,2,0,1
2026-03-28,Company career site,UX Designer,15,3,0,2,5,2,0
2026-03-28,Handshake extension,Data Analyst,22,1,4,1,23,2,1
2026-03-28,Handshake extension,Finance Analyst,22,2,1,0,12,5,0
2026-03-28,Handshake extension,Product Manager,19,3,3,1,8,2,0
2026-03-28,Handshake extension,Software Engineer,13,0,1,0,7,3,1
2026-03-28,Handshake extension,UX Designer,12,1,0,0,9,0,1
2026-03-28,LinkedIn extension,Data Analyst,24,2,5,0,6,3,0
2026-03-28,LinkedIn extension,Finance Analyst,31,3,4,4,13,2,0
2026-03-28,LinkedIn extension,Product Manager,17,1,5,1,10,4,0
2026-03-28,LinkedIn extension,Software Engineer,21,4,1,2,9,5,0
2026-03-28,LinkedIn extension,UX Designer,31,4,4,1,7,4,0
2026-03-28,Manual paste,Data Analyst,15,2,1,1,5,1,0
2026-03-28,Manual paste,Finance Analyst,11,0,0,0,7,0,0
2026-03-28,Manual paste,Product Manager,10,2,2,1,2,0,0
2026-03-28,Manual paste,Software Engineer,15,1,0,0,2,2,0
2026-03-28,Manual paste,UX Designer,14,1,3,4,3,1,0
2026-03-29,Company career site,Data Analyst,14,1,2,1,5,0,1
2026-03-29,Company career site,Finance Analyst,9,1,1,0,3,0,0
2026-03-29,Company career site,Product Manager,8,1,2,0,4,2,0
2026-03-29,Company career site,Software Engineer,10,2,0,0,5,1,0
2026-03-29,Company career site,UX Designer,13,0,2,2,8,2,1
2026-03-29,Handshake extension,Data Analyst,19,2,3,3,7,2,1
2026-03-29,Handshake extension,Finance Analyst,21,4,4,3,11,5,0
2026-03-29,Handshake extension,Product Manager,17,1,2,1,9,2,0
2026-03-29,Handshake extension,Software Engineer,18,3,2,0,5,1,2
2026-03-29,Handshake extension,UX Designer,19,4,0,2,5,3,2
2026-03-29,LinkedIn extension,Data Analyst,25,3,5,0,7,4,0
2026-03-29,LinkedIn extension,Finance Analyst,30,1,5,5,12,0,1
2026-03-29,LinkedIn extension,Product Manager,22,4,3,2,9,3,0
2026-03-29,LinkedIn extension,Software Engineer,16,2,1,0,9,1,1
2026-03-29,LinkedIn extension,UX Designer,31,5,4,4,11,2,0
2026-03-29,Manual paste,Data Analyst,15,0,3,0,7,0,1
2026-03-29,Manual paste,Finance Analyst,15,2,2,1,5,2,1
2026-03-29,Manual paste,Product Manager,17,4,3,1,1,0,0
2026-03-29,Manual paste,Software Engineer,13,3,2,0,3,2,0
2026-03-29,Manual paste,UX Designer,11,2,1,0,4,0,0
2026-03-30,Company career site,Data Analyst,13,2,2,1,7,1,0
2026-03-30,Company career site,Finance Analyst,15,2,2,2,7,2,0
2026-03-30,Company career site,Product Manager,15,2,2,4,3,2,0
2026-03-30,Company career site,Software Engineer,13,3,1,0,2,1,1
2026-03-30,Company career site,UX Designer,14,2,3,1,10,2,0
2026-03-30,Handshake extension,Data Analyst,27,3,1,3,9,0,1
2026-03-30,Handshake extension,Finance Analyst,21,1,1,3,12,5,0
2026-03-30,Handshake extension,Product Manager,22,2,3,6,8,2,0
2026-03-30,Handshake extension,Software Engineer,16,1,1,0,8,1,1
2026-03-30,Handshake extension,UX Designer,13,1,1,0,2,2,1
2026-03-30,LinkedIn extension,Data Analyst,30,8,4,3,10,3,0
2026-03-30,LinkedIn extension,Finance Analyst,38,5,4,3,15,4,0
2026-03-30,LinkedIn extension,Product Manager,28,2,6,3,6,5,0
2026-03-30,LinkedIn extension,Software Engineer,17,5,3,0,6,1,0
2026-03-30,LinkedIn extension,UX Designer,29,3,3,4,11,0,0
2026-03-30,Manual paste,Data Analyst,14,1,4,0,6,2,0
2026-03-30,Manual paste,Finance Analyst,22,4,5,4,3,2,0
2026-03-30,Manual paste,Product Manager,13,4,2,0,1,0,0
2026-03-30,Manual paste,Software Engineer,16,5,1,2,5,0,0
2026-03-30,Manual paste,UX Designer,10,0,1,0,3,0,0
2026-03-31,Company career site,Data Analyst,10,1,1,1,2,0,1
2026-03-31,Company career site,Finance Analyst,13,0,4,1,6,1,1
2026-03-31,Company career site,Product Manager,9,0,1,0,5,1,0
2026-03-31,Company career site,Software Engineer,5,1,0,0,2,0,0
2026-03-31,Company career site,UX Designer,7,1,0,0,4,0,0
2026-03-31,Handshake extension,Data Analyst,18,1,1,2,13,3,0
2026-03-31,Handshake extension,Finance Analyst,22,3,2,1,13,4,2
2026-03-31,Handshake extension,Product Manager,25,2,2,1,12,4,0
2026-03-31,Handshake extension,Software Engineer,15,0,0,2,6,5,1
2026-03-31,Handshake extension,UX Designer,18,1,3,1,9,3,0
2026-03-31,LinkedIn extension,Data Analyst,25,2,5,5,12,6,1
2026-03-31,LinkedIn extension,Finance Analyst,31,5,4,3,12,4,0
2026-03-31,LinkedIn extension,Product Manager,24,4,3,4,10,4,0
2026-03-31,LinkedIn extension,Software Engineer,15,1,2,2,6,2,0
2026-03-31,LinkedIn extension,UX Designer,31,6,2,1,13,2,1
2026-03-31,Manual paste,Data Analyst,17,4,1,2,7,2,0
2026-03-31,Manual paste,Finance Analyst,21,6,1,1,5,0,0
2026-03-31,Manual paste,Product Manager,10,3,1,1,2,1,0
2026-03-31,Manual paste,Software Engineer,16,3,2,0,2,0,0
2026-03-31,Manual paste,UX Designer,16,4,2,1,6,1,0
2026-04-01,Company career site,Data Analyst,12,2,2,0,7,1,0
2026-04-01,Company career site,Finance Analyst,14,2,0,1,6,1,0
2026-04-01,Company career site,Product Manager,10,1,0,3,5,2,0
2026-04-01,Company career site,Software Engineer,10,3,3,0,3,0,0
2026-04-01,Company career site,UX Designer,16,1,2,2,10,6,0
2026-04-01,Handshake extension,Data Analyst,17,1,0,1,17,2,0
2026-04-01,Handshake extension,Finance Analyst,22,3,0,1,15,7,1
2026-04-01,Handshake extension,Product Manager,29,3,1,1,13,4,0
2026-04-01,Handshake extension,Software Engineer,18,2,5,1,3,2,0
2026-04-01,Handshake extension,UX Designer,18,1,1,0,7,1,0
2026-04-01,LinkedIn extension,Data Analyst,26,3,4,3,9,5,0
2026-04-01,LinkedIn extension,Finance Analyst,27,2,1,2,15,3,0
2026-04-01,LinkedIn extension,Product Manager,23,0,2,6,16,1,1
2026-04-01,LinkedIn extension,Software Engineer,22,2,2,1,5,2,0
2026-04-01,LinkedIn extension,UX Designer,31,7,3,1,14,3,0
2026-04-01,Manual paste,Data Analyst,21,1,3,3,5,2,0
2026-04-01,Manual paste,Finance Analyst,23,3,6,0,6,0,0
2026-04-01,Manual paste,Product Manager,10,2,2,1,1,0,0
2026-04-01,Manual paste,Software Engineer,13,0,3,0,2,1,0
2026-04-01,Manual paste,UX Designer,9,3,0,0,1,0,0
2026-04-02,Company career site,Data Analyst,10,0,0,0,8,0,0
2026-04-02,Company career site,Finance Analyst,12,2,0,2,2,2,0
2026-04-02,Company career site,Product Manager,9,1,0,0,4,1,0
2026-04-02,Company career site,Software Engineer,10,1,0,2,1,1,0
2026-04-02,Company career site,UX Designer,13,1,4,1,10,2,1
2026-04-02,Handshake extension,Data Analyst,24,4,1,1,7,7,2
2026-04-02,Handshake extension,Finance Analyst,22,0,5,2,13,3,1
2026-04-02,Handshake extension,Product Manager,24,4,4,0,13,1,0
2026-04-02,Handshake extension,Software Engineer,12,2,1,1,5,1,0
2026-04-02,Handshake extension,UX Designer,18,2,3,1,5,1,0
2026-04-02,LinkedIn extension,Data Analyst,27,5,2,2,13,3,1
2026-04-02,LinkedIn extension,Finance Analyst,29,4,3,0,18,4,0
2026-04-02,LinkedIn extension,Product Manager,20,1,5,3,11,3,0
2026-04-02,LinkedIn extension,Software Engineer,16,1,2,1,5,2,0
2026-04-02,LinkedIn extension,UX Designer,28,2,1,3,9,1,0
2026-04-02,Manual paste,Data Analyst,18,3,4,1,10,0,0
2026-04-02,Manual paste,Finance Analyst,18,1,3,1,6,4,0
2026-04-02,Manual paste,Product Manager,15,2,6,1,5,0,0
2026-04-02,Manual paste,Software Engineer,14,4,1,2,1,1,1
2026-04-02,Manual paste,UX Designer,12,2,1,2,6,1,0
2026-04-03,Company career site,Data Analyst,15,1,1,3,6,2,0
2026-04-03,Company career site,Finance Analyst,17,2,4,0,9,2,0
2026-04-03,Company career site,Product Manager,15,3,3,0,5,1,0
2026-04-03,Company career site,Software Engineer,8,2,1,2,2,0,0
2026-04-03,Company career site,UX Designer,13,4,0,1,10,0,1
2026-04-03,Handshake extension,Data Analyst,18,4,2,0,7,3,1
2026-04-03,Handshake extension,Finance Analyst,25,4,3,2,12,5,0
2026-04-03,Handshake extension,Product Manager,20,1,2,0,9,3,0
2026-04-03,Handshake extension,Software Engineer,20,5,2,1,2,2,0
2026-04-03,Handshake extension,UX Designer,16,3,2,1,6,3,0
2026-04-03,LinkedIn extension,Data Analyst,21,2,3,3,11,2,1
2026-04-03,LinkedIn extension,Finance Analyst,31,4,2,3,14,5,0
2026-04-03,LinkedIn extension,Product Manager,26,4,3,2,15,2,0
2026-04-03,LinkedIn extension,Software Engineer,21,4,5,3,12,3,0
2026-04-03,LinkedIn extension,UX Designer,29,7,1,0,12,4,0
2026-04-03,Manual paste,Data Analyst,16,3,1,1,4,4,0
2026-04-03,Manual paste,Finance Analyst,19,2,2,3,8,1,0
2026-04-03,Manual paste,Product Manager,10,1,1,1,5,0,0
2026-04-03,Manual paste,Software Engineer,12,4,2,0,1,0,0
2026-04-03,Manual paste,UX Designer,14,5,2,0,2,0,0
2026-04-04,Company career site,Data Analyst,15,3,2,1,15,0,0
2026-04-04,Company career site,Finance Analyst,13,0,0,0,12,1,0
2026-04-04,Company career site,Product Manager,13,3,0,2,1,3,0
2026-04-04,Company career site,Software Engineer,9,0,3,1,3,2,0
2026-04-04,Company career site,UX Designer,10,1,3,2,6,1,0
2026-04-04,Handshake extension,Data Analyst,21,1,0,0,11,3,1
2026-04-04,Handshake extension,Finance Analyst,26,3,4,3,13,4,0
2026-04-04,Handshake extension,Product Manager,19,1,1,4,15,2,0
2026-04-04,Handshake extension,Software Engineer,20,5,6,2,5,0,0
2026-04-04,Handshake extension,UX Designer,12,1,1,1,3,1,0
2026-04-04,LinkedIn extension,Data Analyst,24,1,3,1,10,2,1
2026-04-04,LinkedIn extension,Finance Analyst,22,1,5,1,12,1,1
2026-04-04,LinkedIn extension,Product Manager,33,4,5,5,15,2,1
2026-04-04,LinkedIn extension,Software Engineer,25,4,4,1,9,1,0
2026-04-04,LinkedIn extension,UX Designer,28,3,3,0,13,2,0
2026-04-04,Manual paste,Data Analyst,19,4,1,0,4,1,0
2026-04-04,Manual paste,Finance Analyst,25,5,6,2,8,3,0
2026-04-04,Manual paste,Product Manager,11,3,2,1,5,1,0
2026-04-04,Manual paste,Software Engineer,12,3,3,2,2,3,0
2026-04-04,Manual paste,UX Designer,13,2,1,2,4,1,0
2026-04-05,Company career site,Data Analyst,14,1,2,1,6,1,1
2026-04-05,Company career site,Finance Analyst,13,2,1,1,4,1,0
2026-04-05,Company career site,Product Manager,11,2,2,0,6,1,0
2026-04-05,Company career site,Software Engineer,10,0,3,1,4,2,0
2026-04-05,Company career site,UX Designer,12,1,3,1,2,2,0
2026-04-05,Handshake extension,Data Analyst,24,5,3,0,9,2,0
2026-04-05,Handshake extension,Finance Analyst,26,3,1,2,12,2,0
2026-04-05,Handshake extension,Product Manager,28,4,5,2,10,2,2
2026-04-05,Handshake extension,Software Engineer,21,5,4,4,3,1,0
2026-04-05,Handshake extension,UX Designer,15,1,3,1,6,3,0
2026-04-05,LinkedIn extension,Data Analyst,22,3,2,1,14,1,0
2026-04-05,LinkedIn extension,Finance Analyst,28,1,5,2,14,3,0
2026-04-05,LinkedIn extension,Product Manager,32,4,4,1,14,2,0
2026-04-05,LinkedIn extension,Software Engineer,23,3,2,3,8,7,0
2026-04-05,LinkedIn extension,UX Designer,26,5,6,2,14,1,0
2026-04-05,Manual paste,Data Analyst,16,1,4,1,3,0,0
2026-04-05,Manual paste,Finance Analyst,18,2,1,3,9,0,0
2026-04-05,Manual paste,Product Manager,9,0,0,0,3,0,0
2026-04-05,Manual paste,Software Engineer,14,7,0,1,3,0,0
2026-04-05,Manual paste,UX Designer,15,1,3,1,7,1,0
2026-04-06,Company career site,Data Analyst,17,1,5,1,4,1,0
2026-04-06,Company career site,Finance Analyst,15,2,3,1,4,2,1
2026-04-06,Company career site,Product Manager,13,1,5,2,3,0,1
2026-04-06,Company career site,Software Engineer,12,3,2,1,4,0,0
2026-04-06,Company career site,UX Designer,12,0,0,0,5,3,0
2026-04-06,Handshake extension,Data Analyst,14,0,0,3,9,0,1
2026-04-06,Handshake extension,Finance Analyst,19,2,1,0,11,3,0
2026-04-06,Handshake extension,Product Manager,27,6,4,1,13,4,0
2026-04-06,Handshake extension,Software Engineer,30,3,4,3,7,1,0
2026-04-06,Handshake extension,UX Designer,11,3,2,2,3,0,1
2026-04-06,LinkedIn extension,Data Analyst,21,2,2,1,12,5,0
2026-04-06,LinkedIn extension,Finance Analyst,27,1,3,2,21,2,1
2026-04-06,LinkedIn extension,Product Manager,37,3,3,4,21,5,0
2026-04-06,LinkedIn extension,Software Engineer,20,5,2,1,4,2,1
2026-04-06,LinkedIn extension,UX Designer,22,0,2,3,8,2,2
2026-04-06,Manual paste,Data Analyst,10,0,1,1,7,1,0
2026-04-06,Manual paste,Finance Analyst,21,1,4,2,13,3,1
2026-04-06,Manual paste,Product Manager,14,4,1,0,6,0,0
2026-04-06,Manual paste,Software Engineer,11,2,3,1,2,2,0
2026-04-06,Manual paste,UX Designer,16,4,1,1,3,1,0
2026-04-07,Company career site,Data Analyst,20,0,2,4,7,0,0
2026-04-07,Company career site,Finance Analyst,16,2,2,0,8,4,0
2026-04-07,Company career site,Product Manager,16,1,0,1,3,4,0
2026-04-07,Company career site,Software Engineer,12,1,0,3,5,1,0
2026-04-07,Company career site,UX Designer,11,1,0,1,7,2,0
2026-04-07,Handshake extension,Data Analyst,20,3,2,0,7,8,1
2026-04-07,Handshake extension,Finance Analyst,21,1,3,3,13,5,1
2026-04-07,Handshake extension,Product Manager,23,0,1,4,12,1,0
2026-04-07,Handshake extension,Software Engineer,15,2,1,1,9,3,0
2026-04-07,Handshake extension,UX Designer,13,4,0,0,2,3,0
2026-04-07,LinkedIn extension,Data Analyst,24,4,3,2,13,2,0
2026-04-07,LinkedIn extension,Finance Analyst,23,2,2,2,17,3,0
2026-04-07,LinkedIn extension,Product Manager,33,2,3,1,20,2,3
2026-04-07,LinkedIn extension,Software Engineer,25,4,3,2,7,4,0
2026-04-07,LinkedIn extension,UX Designer,29,6,3,3,9,3,0
2026-04-07,Manual paste,Data Analyst,16,2,1,2,6,2,0
2026-04-07,Manual paste,Finance Analyst,22,1,4,3,9,2,0
2026-04-07,Manual paste,Product Manager,8,0,0,1,2,2,0
2026-04-07,Manual paste,Software Engineer,10,0,0,1,2,1,1
2026-04-07,Manual paste,UX Designer,20,2,6,1,7,0,0
2026-04-08,Company career site,Data Analyst,11,0,0,0,9,3,0
2026-04-08,Company career site,Finance Analyst,12,2,1,2,6,3,0
2026-04-08,Company career site,Product Manager,12,2,0,0,5,4,0
2026-04-08,Company career site,Software Engineer,10,2,2,0,10,0,0
2026-04-08,Company career site,UX Designer,15,3,1,0,6,3,2
2026-04-08,Handshake extension,Data Analyst,16,1,0,1,11,2,1
2026-04-08,Handshake extension,Finance Analyst,26,2,3,1,14,3,0
2026-04-08,Handshake extension,Product Manager,21,0,4,4,11,4,1
2026-04-08,Handshake extension,Software Engineer,17,4,0,2,9,0,2
2026-04-08,Handshake extension,UX Designer,15,3,3,0,8,2,0
2026-04-08,LinkedIn extension,Data Analyst,27,2,5,3,7,7,1
2026-04-08,LinkedIn extension,Finance Analyst,28,4,2,2,10,6,0
2026-04-08,LinkedIn extension,Product Manager,34,4,3,1,15,8,2
2026-04-08,LinkedIn extension,Software Engineer,23,6,2,2,7,1,0
2026-04-08,LinkedIn extension,UX Designer,32,2,2,1,8,3,1
2026-04-08,Manual paste,Data Analyst,16,2,2,1,6,5,0
2026-04-08,Manual paste,Finance Analyst,26,3,5,1,7,1,1
2026-04-08,Manual paste,Product Manager,10,1,3,0,4,1,0
2026-04-08,Manual paste,Software Engineer,11,1,2,0,5,2,0
2026-04-08,Manual paste,UX Designer,20,5,0,3,6,2,0
2026-04-09,Company career site,Data Analyst,16,3,0,0,8,1,1
2026-04-09,Company career site,Finance Analyst,11,3,0,0,3,2,0
2026-04-09,Company career site,Product Manager,14,0,2,1,7,2,0
2026-04-09,Company career site,Software Engineer,11,3,1,0,4,2,0
2026-04-09,Company career site,UX Designer,9,2,0,0,4,1,0
2026-04-09,Handshake extension,Data Analyst,24,5,8,0,12,2,1
2026-04-09,Handshake extension,Finance Analyst,22,5,4,2,11,0,0
2026-04-09,Handshake extension,Product Manager,29,3,5,1,11,7,1
2026-04-09,Handshake extension,Software Engineer,21,2,5,0,7,6,0
2026-04-09,Handshake extension,UX Designer,20,6,1,1,8,1,0
2026-04-09,LinkedIn extension,Data Analyst,31,3,3,3,17,4,0
2026-04-09,LinkedIn extension,Finance Analyst,27,3,1,0,13,1,1
2026-04-09,LinkedIn extension,Product Manager,24,0,2,1,21,3,2
2026-04-09,LinkedIn extension,Software Engineer,28,5,4,2,13,2,0
2026-04-09,LinkedIn extension,UX Designer,19,3,2,2,14,2,0
2026-04-09,Manual paste,Data Analyst,14,1,1,0,3,0,1
2026-04-09,Manual paste,Finance Analyst,23,4,0,3,10,4,1
2026-04-09,Manual paste,Product Manager,12,3,2,1,5,0,0
2026-04-09,Manual paste,Software Engineer,9,1,0,1,4,3,0
2026-04-09,Manual paste,UX Designer,13,0,0,2,5,1,0
2026-04-10,Company career site,Data Analyst,15,3,1,0,7,2,1
2026-04-10,Company career site,Finance Analyst,11,1,1,2,5,1,0
2026-04-10,Company career site,Product Manager,15,1,1,1,5,2,0
2026-04-10,Company career site,Software Engineer,7,1,0,0,1,2,0
2026-04-10,Company career site,UX Designer,8,0,0,0,4,3,1
2026-04-10,Handshake extension,Data Analyst,16,5,2,1,3,2,0
2026-04-10,Handshake extension,Finance Analyst,20,1,3,3,12,0,0
2026-04-10,Handshake extension,Product Manager,23,5,3,1,15,3,0
2026-04-10,Handshake extension,Software Engineer,25,2,6,1,15,0,0
2026-04-10,Handshake extension,UX Designer,10,2,2,2,4,0,0
2026-04-10,LinkedIn extension,Data Analyst,22,4,0,3,9,1,0
2026-04-10,LinkedIn extension,Finance Analyst,28,2,5,3,11,3,0
2026-04-10,LinkedIn extension,Product Manager,34,3,3,5,17,4,0
2026-04-10,LinkedIn extension,Software Engineer,23,1,2,2,7,4,0
2026-04-10,LinkedIn extension,UX Designer,25,2,5,1,12,2,0
2026-04-10,Manual paste,Data Analyst,15,1,3,0,7,1,0
2026-04-10,Manual paste,Finance Analyst,25,3,3,3,11,2,0
2026-04-10,Manual paste,Product Manager,12,3,2,2,3,1,0
2026-04-10,Manual paste,Software Engineer,15,5,1,0,6,2,0
2026-04-10,Manual paste,UX Designer,13,1,1,0,10,0,0
2026-04-11,Company career site,Data Analyst,14,1,0,0,7,2,1
2026-04-11,Company career site,Finance Analyst,12,1,3,1,6,3,0
2026-04-11,Company career site,Product Manager,11,2,0,0,4,2,1
2026-04-11,Company career site,Software Engineer,9,1,1,2,3,0,0
2026-04-11,Company career site,UX Designer,13,3,0,1,5,1,0
2026-04-11,Handshake extension,Data Analyst,17,3,1,6,3,2,0
2026-04-11,Handshake extension,Finance Analyst,24,3,6,4,14,4,0
2026-04-11,Handshake extension,Product Manager,22,2,0,2,16,6,0
2026-04-11,Handshake extension,Software Engineer,20,2,5,2,10,4,1
2026-04-11,Handshake extension,UX Designer,15,1,0,1,7,1,0
2026-04-11,LinkedIn extension,Data Analyst,28,6,3,0,11,5,0
2026-04-11,LinkedIn extension,Finance Analyst,19,2,1,1,13,1,0
2026-04-11,LinkedIn extension,Product Manager,26,3,2,2,18,4,0
2026-04-11,LinkedIn extension,Software Engineer,22,4,1,1,9,2,1
2026-04-11,LinkedIn extension,UX Designer,21,2,3,2,10,3,0
2026-04-11,Manual paste,Data Analyst,11,3,1,0,5,2,1
2026-04-11,Manual paste,Finance Analyst,24,1,1,1,14,5,0
2026-04-11,Manual paste,Product Manager,13,1,3,3,6,0,0
2026-04-11,Manual paste,Software Engineer,16,3,3,0,3,2,0
2026-04-11,Manual paste,UX Designer,14,2,1,1,5,2,0
2026-04-12,Company career site,Data Analyst,9,2,0,0,3,1,0
2026-04-12,Company career site,Finance Analyst,12,0,1,1,7,3,0
2026-04-12,Company career site,Product Manager,13,0,0,0,13,4,1
2026-04-12,Company career site,Software Engineer,13,2,1,0,7,0,0
2026-04-12,Company career site,UX Designer,10,2,1,0,5,1,0
2026-04-12,Handshake extension,Data Analyst,19,6,3,2,5,3,1
2026-04-12,Handshake extension,Finance Analyst,28,2,3,4,18,2,0
2026-04-12,Handshake extension,Product Manager,20,1,3,3,10,3,1
2026-04-12,Handshake extension,Software Engineer,20,3,3,2,15,4,1
2026-04-12,Handshake extension,UX Designer,14,2,2,1,2,2,0
2026-04-12,LinkedIn extension,Data Analyst,27,4,4,2,12,2,1
2026-04-12,LinkedIn extension,Finance Analyst,24,0,2,3,13,2,0
2026-04-12,LinkedIn extension,Product Manager,24,3,1,1,10,2,1
2026-04-12,LinkedIn extension,Software Engineer,20,2,2,3,8,3,0
2026-04-12,LinkedIn extension,UX Designer,26,4,4,1,9,3,1
2026-04-12,Manual paste,Data Analyst,12,2,1,2,5,3,1
2026-04-12,Manual paste,Finance Analyst,19,1,2,0,8,4,0
2026-04-12,Manual paste,Product Manager,17,5,1,0,5,2,0
2026-04-12,Manual paste,Software Engineer,17,5,3,2,3,0,0
2026-04-12,Manual paste,UX Designer,15,1,2,0,10,2,0
2026-04-13,Company career site,Data Analyst,17,1,3,0,7,0,0
2026-04-13,Company career site,Finance Analyst,9,0,0,1,4,2,0
2026-04-13,Company career site,Product Manager,13,1,1,0,6,1,0
2026-04-13,Company career site,Software Engineer,11,0,0,2,10,2,1
2026-04-13,Company career site,UX Designer,11,2,1,0,3,1,1
2026-04-13,Handshake extension,Data Analyst,21,2,3,0,7,4,0
2026-04-13,Handshake extension,Finance Analyst,23,4,2,3,13,3,2
2026-04-13,Handshake extension,Product Manager,25,0,1,2,20,2,1
2026-04-13,Handshake extension,Software Engineer,23,2,1,2,13,3,0
2026-04-13,Handshake extension,UX Designer,15,2,3,0,6,1,0
2026-04-13,LinkedIn extension,Data Analyst,24,2,1,2,10,7,2
2026-04-13,LinkedIn extension,Finance Analyst,23,2,1,0,11,1,1
2026-04-13,LinkedIn extension,Product Manager,25,4,1,1,11,6,0
2026-04-13,LinkedIn extension,Software Engineer,26,3,0,2,16,2,0
2026-04-13,LinkedIn extension,UX Designer,30,2,3,3,13,2,1
2026-04-13,Manual paste,Data Analyst,13,3,1,1,5,0,0
2026-04-13,Manual paste,Finance Analyst,23,3,0,3,14,1,0
2026-04-13,Manual paste,Product Manager,19,4,4,3,4,1,0
2026-04-13,Manual paste,Software Engineer,14,2,4,2,9,2,0
2026-04-13,Manual paste,UX Designer,15,3,1,0,6,2,0
2026-04-14,Company career site,Data Analyst,12,1,0,0,4,0,0
2026-04-14,Company career site,Finance Analyst,14,3,2,0,5,2,0
2026-04-14,Company career site,Product Manager,11,2,1,0,5,2,0
2026-04-14,Company career site,Software Engineer,9,0,0,0,7,2,0
2026-04-14,Company career site,UX Designer,9,2,1,0,2,2,0
2026-04-14,Handshake extension,Data Analyst,20,3,4,3,6,3,1
2026-04-14,Handshake extension,Finance Analyst,21,1,5,0,10,4,0
2026-04-14,Handshake extension,Product Manager,23,3,1,0,12,5,1
2026-04-14,Handshake extension,Software Engineer,24,3,1,3,10,3,0
2026-04-14,Handshake extension,UX Designer,18,5,3,1,11,1,0
2026-04-14,LinkedIn extension,Data Analyst,28,3,4,4,15,5,1
2026-04-14,LinkedIn extension,Finance Analyst,27,2,3,4,14,7,0
2026-04-14,LinkedIn extension,Product Manager,26,5,0,1,16,2,2
2026-04-14,LinkedIn extension,Software Engineer,24,3,4,3,10,3,0
2026-04-14,LinkedIn extension,UX Designer,22,2,1,3,12,4,0
2026-04-14,Manual paste,Data Analyst,15,2,3,0,2,1,0
2026-04-14,Manual paste,Finance Analyst,25,1,3,0,10,6,2
2026-04-14,Manual paste,Product Manager,13,1,1,1,4,1,0
2026-04-14,Manual paste,Software Engineer,11,1,1,1,8,0,0
2026-04-14,Manual paste,UX Designer,14,3,0,1,5,2,0
2026-04-15,Company career site,Data Analyst,15,3,1,2,3,2,1
2026-04-15,Company career site,Finance Analyst,12,1,0,2,6,2,1
2026-04-15,Company career site,Product Manager,12,1,4,1,2,2,0
2026-04-15,Company career site,Software Engineer,12,2,2,0,6,1,0
2026-04-15,Company career site,UX Designer,7,1,1,0,2,0,0
2026-04-15,Handshake extension,Data Analyst,26,1,4,2,10,1,1
2026-04-15,Handshake extension,Finance Analyst,27,3,3,1,11,6,1
2026-04-15,Handshake extension,Product Manager,17,2,1,1,7,2,0
2026-04-15,Handshake extension,Software Engineer,22,2,5,2,6,1,3
2026-04-15,Handshake extension,UX Designer,13,1,1,3,4,0,0
2026-04-15,LinkedIn extension,Data Analyst,27,4,3,0,17,2,0
2026-04-15,LinkedIn extension,Finance Analyst,25,3,3,1,14,1,0
2026-04-15,LinkedIn extension,Product Manager,26,2,4,0,6,8,0
2026-04-15,LinkedIn extension,Software Engineer,28,2,2,0,13,5,1
2026-04-15,LinkedIn extension,UX Designer,29,1,3,4,20,1,1
2026-04-15,Manual paste,Data Analyst,11,1,1,0,2,0,0
2026-04-15,Manual paste,Finance Analyst,22,2,2,0,17,2,0
2026-04-15,Manual paste,Product Manager,13,0,1,1,10,1,0
2026-04-15,Manual paste,Software Engineer,13,4,0,0,3,1,0
2026-04-15,Manual paste,UX Designer,11,2,0,1,4,1,1
2026-04-16,Company career site,Data Analyst,9,2,1,0,4,0,0
2026-04-16,Company career site,Finance Analyst,15,2,1,0,4,1,1
2026-04-16,Company career site,Product Manager,9,2,1,3,1,1,0
2026-04-16,Company career site,Software Engineer,11,0,3,0,6,3,2
2026-04-16,Company career site,UX Designer,9,1,2,1,2,0,1
2026-04-16,Handshake extension,Data Analyst,18,4,3,4,9,1,0
2026-04-16,Handshake extension,Finance Analyst,24,0,2,4,17,3,1
2026-04-16,Handshake extension,Product Manager,21,4,2,1,13,3,1
2026-04-16,Handshake extension,Software Engineer,16,1,2,0,9,2,0
2026-04-16,Handshake extension,UX Designer,17,3,2,0,6,5,0
2026-04-16,LinkedIn extension,Data Analyst,23,2,2,1,6,6,1
2026-04-16,LinkedIn extension,Finance Analyst,20,5,1,1,10,2,0
2026-04-16,LinkedIn extension,Product Manager,21,2,1,1,6,2,0
2026-04-16,LinkedIn extension,Software Engineer,21,5,3,0,8,3,0
2026-04-16,LinkedIn extension,UX Designer,33,3,7,2,10,4,0
2026-04-16,Manual paste,Data Analyst,9,1,0,1,4,3,0
2026-04-16,Manual paste,Finance Analyst,25,3,1,3,5,4,0
2026-04-16,Manual paste,Product Manager,14,2,1,1,10,0,0
2026-04-16,Manual paste,Software Engineer,14,3,2,2,4,2,1
2026-04-16,Manual paste,UX Designer,15,5,2,1,3,1,1
2026-04-17,Company career site,Data Analyst,5,0,1,0,2,0,0
2026-04-17,Company career site,Finance Analyst,8,2,0,0,2,1,0
2026-04-17,Company career site,Product Manager,9,0,1,2,4,1,0
2026-04-17,Company career site,Software Engineer,12,0,3,2,6,1,0
2026-04-17,Company career site,UX Designer,11,4,0,0,3,0,0
2026-04-17,Handshake extension,Data Analyst,19,0,3,1,10,4,2
2026-04-17,Handshake extension,Finance Analyst,24,3,2,2,14,6,1
2026-04-17,Handshake extension,Product Manager,19,0,3,3,11,3,0
2026-04-17,Handshake extension,Software Engineer,20,1,4,3,9,1,0
2026-04-17,Handshake extension,UX Designer,16,3,1,1,6,0,0
2026-04-17,LinkedIn extension,Data Analyst,29,5,5,3,15,4,1
2026-04-17,LinkedIn extension,Finance Analyst,25,1,2,1,12,3,0
2026-04-17,LinkedIn extension,Product Manager,33,8,4,1,10,4,1
2026-04-17,LinkedIn extension,Software Engineer,26,2,4,1,10,4,1
2026-04-17,LinkedIn extension,UX Designer,26,3,3,0,14,5,0
2026-04-17,Manual paste,Data Analyst,13,5,1,1,3,1,1
2026-04-17,Manual paste,Finance Analyst,24,3,1,0,12,1,1
2026-04-17,Manual paste,Product Manager,14,3,2,0,6,3,0
2026-04-17,Manual paste,Software Engineer,14,2,2,0,4,1,0
2026-04-17,Manual paste,UX Designer,10,1,2,0,7,2,0
2026-04-18,Company career site,Data Analyst,8,3,0,1,1,2,0
2026-04-18,Company career site,Finance Analyst,9,0,2,1,3,1,0
2026-04-18,Company career site,Product Manager,14,4,0,2,6,1,1
2026-04-18,Company career site,Software Engineer,10,0,0,2,6,3,0
2026-04-18,Company career site,UX Designer,9,1,3,1,2,0,0
2026-04-18,Handshake extension,Data Analyst,24,0,2,3,7,3,1
2026-04-18,Handshake extension,Finance Analyst,23,2,0,1,18,4,0
2026-04-18,Handshake extension,Product Manager,20,2,4,3,8,3,0
2026-04-18,Handshake extension,Software Engineer,23,0,2,2,7,4,0
2026-04-18,Handshake extension,UX Designer,18,0,2,2,11,6,0
2026-04-18,LinkedIn extension,Data Analyst,25,2,1,1,8,2,0
2026-04-18,LinkedIn extension,Finance Analyst,22,2,0,3,18,6,0
2026-04-18,LinkedIn extension,Product Manager,23,4,1,0,15,2,1
2026-04-18,LinkedIn extension,Software Engineer,20,0,3,3,15,0,0
2026-04-18,LinkedIn extension,UX Designer,30,1,2,5,8,2,1
2026-04-18,Manual paste,Data Analyst,13,4,1,1,7,1,0
2026-04-18,Manual paste,Finance Analyst,21,5,2,1,4,4,0
2026-04-18,Manual paste,Product Manager,12,1,0,1,6,0,0
2026-04-18,Manual paste,Software Engineer,13,3,1,2,4,2,0
2026-04-18,Manual paste,UX Designer,12,2,1,2,7,3,0
2026-04-19,Company career site,Data Analyst,8,1,2,0,2,0,0
2026-04-19,Company career site,Finance Analyst,12,3,2,0,3,0,0
2026-04-19,Company career site,Product Manager,12,2,0,0,5,1,0
2026-04-19,Company career site,Software Engineer,12,3,0,0,5,3,1
2026-04-19,Company career site,UX Designer,8,1,2,1,5,1,0
2026-04-19,Handshake extension,Data Analyst,22,0,1,3,12,4,0
2026-04-19,Handshake extension,Finance Analyst,25,3,1,2,9,4,2
2026-04-19,Handshake extension,Product Manager,27,6,2,2,9,1,0
2026-04-19,Handshake extension,Software Engineer,27,3,4,3,13,3,0
2026-04-19,Handshake extension,UX Designer,17,3,4,0,6,3,0
2026-04-19,LinkedIn extension,Data Analyst,25,4,5,2,10,3,1
2026-04-19,LinkedIn extension,Finance Analyst,24,2,2,1,7,2,1
2026-04-19,LinkedIn extension,Product Manager,16,2,1,2,7,1,1
2026-04-19,LinkedIn extension,Software Engineer,29,5,4,1,13,6,0
2026-04-19,LinkedIn extension,UX Designer,30,3,5,8,14,4,0
2026-04-19,Manual paste,Data Analyst,13,3,0,0,7,2,1
2026-04-19,Manual paste,Finance Analyst,18,4,1,0,4,3,0
2026-04-19,Manual paste,Product Manager,11,0,1,0,6,0,0
2026-04-19,Manual paste,Software Engineer,15,1,2,0,4,1,1
2026-04-19,Manual paste,UX Designer,17,5,3,3,8,2,0
2026-04-20,Company career site,Data Analyst,10,3,1,0,2,0,0
2026-04-20,Company career site,Finance Analyst,12,4,0,0,3,1,0
2026-04-20,Company career site,Product Manager,8,1,0,0,6,1,0
2026-04-20,Company career site,Software Engineer,7,2,1,0,4,0,0
2026-04-20,Company career site,UX Designer,12,2,4,2,2,0,0
2026-04-20,Handshake extension,Data Analyst,24,1,2,1,16,1,0
2026-04-20,Handshake extension,Finance Analyst,24,5,1,0,13,2,2
2026-04-20,Handshake extension,Product Manager,20,1,1,1,13,5,0
2026-04-20,Handshake extension,Software Engineer,27,2,5,2,11,2,0
2026-04-20,Handshake extension,UX Designer,17,1,2,3,5,1,0
2026-04-20,LinkedIn extension,Data Analyst,26,5,0,3,10,3,0
2026-04-20,LinkedIn extension,Finance Analyst,30,6,2,0,8,0,1
2026-04-20,LinkedIn extension,Product Manager,23,5,1,2,10,2,0
2026-04-20,LinkedIn extension,Software Engineer,25,3,3,2,7,3,1
2026-04-20,LinkedIn extension,UX Designer,28,0,3,0,11,9,0
2026-04-20,Manual paste,Data Analyst,11,0,2,1,5,1,0
2026-04-20,Manual paste,Finance Analyst,17,3,3,0,7,3,0
2026-04-20,Manual paste,Product Manager,10,1,1,0,13,0,0
2026-04-20,Manual paste,Software Engineer,17,4,3,0,5,3,0
2026-04-20,Manual paste,UX Designer,14,1,4,2,7,1,0
2026-04-21,Company career site,Data Analyst,6,1,0,0,2,0,0
2026-04-21,Company career site,Finance Analyst,9,0,1,1,6,0,0
2026-04-21,Company career site,Product Manager,5,0,0,0,5,0,0
2026-04-21,Company career site,Software Engineer,10,3,3,1,3,1,0
2026-04-21,Company career site,UX Designer,12,4,0,1,3,1,0
2026-04-21,Handshake extension,Data Analyst,27,0,2,1,15,4,0
2026-04-21,Handshake extension,Finance Analyst,19,1,4,1,9,5,2
2026-04-21,Handshake extension,Product Manager,19,0,0,0,10,2,1
2026-04-21,Handshake extension,Software Engineer,29,1,1,3,14,6,0
2026-04-21,Handshake extension,UX Designer,17,1,2,1,9,0,0
2026-04-21,LinkedIn extension,Data Analyst,27,1,6,2,10,5,0
2026-04-21,LinkedIn extension,Finance Analyst,20,4,2,1,11,1,0
2026-04-21,LinkedIn extension,Product Manager,17,3,1,0,7,0,0
2026-04-21,LinkedIn extension,Software Engineer,21,1,1,2,11,4,0
2026-04-21,LinkedIn extension,UX Designer,31,3,2,1,18,5,1
2026-04-21,Manual paste,Data Analyst,9,1,2,0,5,0,0
2026-04-21,Manual paste,Finance Analyst,21,2,3,1,7,2,0
2026-04-21,Manual paste,Product Manager,12,1,1,0,6,2,1
2026-04-21,Manual paste,Software Engineer,14,2,3,1,5,2,0
2026-04-21,Manual paste,UX Designer,17,3,0,1,8,1,0
2026-04-22,Company career site,Data Analyst,10,0,4,2,5,2,1
2026-04-22,Company career site,Finance Analyst,13,6,2,0,6,0,0
2026-04-22,Company career site,Product Manager,13,4,3,0,7,0,0
2026-04-22,Company career site,Software Engineer,7,0,0,2,1,3,1
2026-04-22,Company career site,UX Designer,9,2,1,0,3,0,0
2026-04-22,Handshake extension,Data Analyst,29,5,3,3,18,5,1
2026-04-22,Handshake extension,Finance Analyst,20,1,4,2,6,4,0
2026-04-22,Handshake extension,Product Manager,18,2,1,1,6,4,1
2026-04-22,Handshake extension,Software Engineer,30,3,3,3,10,4,0
2026-04-22,Handshake extension,UX Designer,16,3,2,2,5,3,0
2026-04-22,LinkedIn extension,Data Analyst,28,3,7,1,10,1,1
2026-04-22,LinkedIn extension,Finance Analyst,24,5,2,0,9,3,0
2026-04-22,LinkedIn extension,Product Manager,20,1,2,1,10,2,0
2026-04-22,LinkedIn extension,Software Engineer,23,4,4,2,8,3,1
2026-04-22,LinkedIn extension,UX Designer,25,1,1,3,16,2,0
2026-04-22,Manual paste,Data Analyst,6,1,1,3,2,0,0
2026-04-22,Manual paste,Finance Analyst,23,5,3,4,7,0,1
2026-04-22,Manual paste,Product Manager,8,0,1,0,4,1,0
2026-04-22,Manual paste,Software Engineer,16,4,4,1,3,2,0
2026-04-22,Manual paste,UX Designer,16,4,3,0,7,1,0
2026-04-23,Company career site,Data Analyst,9,1,0,2,4,0,0
2026-04-23,Company career site,Finance Analyst,7,1,0,1,2,0,0
2026-04-23,Company career site,Product Manager,11,2,2,1,6,0,0
2026-04-23,Company career site,Software Engineer,13,3,1,0,8,1,1
2026-04-23,Company career site,UX Designer,8,3,1,0,3,2,0
2026-04-23,Handshake extension,Data Analyst,22,2,3,1,13,6,1
2026-04-23,Handshake extension,Finance Analyst,20,2,5,2,13,1,0
2026-04-23,Handshake extension,Product Manager,22,2,4,1,8,3,0
2026-04-23,Handshake extension,Software Engineer,34,5,1,2,20,1,0
2026-04-23,Handshake extension,UX Designer,20,3,6,1,9,3,0
2026-04-23,LinkedIn extension,Data Analyst,18,0,1,2,11,5,0
2026-04-23,LinkedIn extension,Finance Analyst,23,6,2,2,10,2,0
2026-04-23,LinkedIn extension,Product Manager,23,1,5,2,8,5,0
2026-04-23,LinkedIn extension,Software Engineer,27,5,1,3,7,4,1
2026-04-23,LinkedIn extension,UX Designer,28,2,2,3,20,4,2
2026-04-23,Manual paste,Data Analyst,10,1,1,1,3,2,0
2026-04-23,Manual paste,Finance Analyst,20,3,1,4,9,2,0
2026-04-23,Manual paste,Product Manager,13,2,2,0,7,0,0
2026-04-23,Manual paste,Software Engineer,13,0,3,4,4,1,0
2026-04-23,Manual paste,UX Designer,16,4,0,2,4,2,0
2026-04-24,Company career site,Data Analyst,8,1,1,0,2,1,0
2026-04-24,Company career site,Finance Analyst,10,2,0,1,3,1,0
2026-04-24,Company career site,Product Manager,13,3,1,2,4,1,0
2026-04-24,Company career site,Software Engineer,11,2,0,0,5,2,0
2026-04-24,Company career site,UX Designer,7,0,1,0,0,1,0
2026-04-24,Handshake extension,Data Analyst,23,4,2,2,13,2,1
2026-04-24,Handshake extension,Finance Analyst,26,4,1,5,15,3,0
2026-04-24,Handshake extension,Product Manager,19,3,0,3,10,2,0
2026-04-24,Handshake extension,Software Engineer,26,1,1,0,14,5,0
2026-04-24,Handshake extension,UX Designer,17,2,2,2,8,0,1
2026-04-24,LinkedIn extension,Data Analyst,27,7,3,2,8,2,0
2026-04-24,LinkedIn extension,Finance Analyst,20,3,2,2,8,1,1
2026-04-24,LinkedIn extension,Product Manager,22,2,6,2,5,4,1
2026-04-24,LinkedIn extension,Software Engineer,30,7,6,1,10,1,0
2026-04-24,LinkedIn extension,UX Designer,23,2,2,0,11,3,0
2026-04-24,Manual paste,Data Analyst,9,0,2,0,4,0,0
2026-04-24,Manual paste,Finance Analyst,20,2,2,0,7,2,0
2026-04-24,Manual paste,Product Manager,11,2,2,1,2,1,0
2026-04-24,Manual paste,Software Engineer,15,1,3,1,8,2,0
2026-04-24,Manual paste,UX Designer,18,1,3,1,10,2,0
2026-04-25,Company career site,Data Analyst,9,1,2,0,3,0,0
2026-04-25,Company career site,Finance Analyst,6,0,1,0,1,1,0
2026-04-25,Company career site,Product Manager,9,1,0,0,4,1,0
2026-04-25,Company career site,Software Engineer,8,0,2,1,3,1,0
2026-04-25,Company career site,UX Designer,9,1,1,1,8,0,1
2026-04-25,Handshake extension,Data Analyst,17,2,2,0,7,5,0
2026-04-25,Handshake extension,Finance Analyst,17,1,1,0,12,6,0
2026-04-25,Handshake extension,Product Manager,21,0,2,0,6,5,1
2026-04-25,Handshake extension,Software Engineer,20,4,3,2,10,1,0
2026-04-25,Handshake extension,UX Designer,19,4,0,3,6,3,0
2026-04-25,LinkedIn extension,Data Analyst,34,3,6,2,10,3,0
2026-04-25,LinkedIn extension,Finance Analyst,26,2,4,2,9,2,0
2026-04-25,LinkedIn extension,Product Manager,14,2,0,0,4,2,0
2026-04-25,LinkedIn extension,Software Engineer,26,4,2,4,23,1,1
2026-04-25,LinkedIn extension,UX Designer,32,2,2,2,14,7,0
2026-04-25,Manual paste,Data Analyst,16,5,4,2,1,1,0
2026-04-25,Manual paste,Finance Analyst,19,1,2,2,5,2,0
2026-04-25,Manual paste,Product Manager,11,1,0,1,4,1,0
2026-04-25,Manual paste,Software Engineer,21,7,1,2,4,3,0
2026-04-25,Manual paste,UX Designer,19,3,1,0,10,7,1
2026-04-26,Company career site,Data Analyst,7,2,0,0,3,1,0
2026-04-26,Company career site,Finance Analyst,9,3,1,0,8,0,0
2026-04-26,Company career site,Product Manager,8,3,1,0,1,1,0
2026-04-26,Company career site,Software Engineer,9,3,0,1,3,1,0
2026-04-26,Company career site,UX Designer,7,1,2,0,2,1,1
2026-04-26,Handshake extension,Data Analyst,25,3,3,1,18,1,0
2026-04-26,Handshake extension,Finance Analyst,21,1,4,3,6,9,1
2026-04-26,Handshake extension,Product Manager,19,4,1,1,10,2,0
2026-04-26,Handshake extension,Software Engineer,27,5,3,0,9,2,0
2026-04-26,Handshake extension,UX Designer,26,4,6,2,13,1,0
2026-04-26,LinkedIn extension,Data Analyst,30,2,5,3,15,2,0
2026-04-26,LinkedIn extension,Finance Analyst,16,5,1,0,5,4,0
2026-04-26,LinkedIn extension,Product Manager,20,5,4,2,4,4,0
2026-04-26,LinkedIn extension,Software Engineer,24,2,4,1,9,1,0
2026-04-26,LinkedIn extension,UX Designer,29,3,1,2,12,5,0
2026-04-26,Manual paste,Data Analyst,16,2,5,2,8,1,1
2026-04-26,Manual paste,Finance Analyst,24,5,3,1,3,3,0
2026-04-26,Manual paste,Product Manager,11,1,0,1,4,1,0
2026-04-26,Manual paste,Software Engineer,17,2,0,1,7,0,0
2026-04-26,Manual paste,UX Designer,14,4,1,1,5,1,0
2026-04-27,Company career site,Data Analyst,9,1,0,1,1,0,1
2026-04-27,Company career site,Finance Analyst,11,0,1,1,1,0,0
2026-04-27,Company career site,Product Manager,13,2,1,1,6,1,0
2026-04-27,Company career site,Software Engineer,12,2,1,1,4,1,0
2026-04-27,Company career site,UX Designer,12,3,2,0,5,2,0
2026-04-27,Handshake extension,Data Analyst,20,3,3,3,15,3,0
2026-04-27,Handshake extension,Finance Analyst,27,3,3,3,14,1,1
2026-04-27,Handshake extension,Product Manager,19,3,4,1,10,1,0
2026-04-27,Handshake extension,Software Engineer,21,1,1,1,9,2,0
2026-04-27,Handshake extension,UX Designer,20,1,2,3,10,3,1
2026-04-27,LinkedIn extension,Data Analyst,37,4,8,6,15,6,2
2026-04-27,LinkedIn extension,Finance Analyst,19,2,2,5,6,1,0
2026-04-27,LinkedIn extension,Product Manager,22,3,2,3,9,3,0
2026-04-27,LinkedIn extension,Software Engineer,22,1,2,1,10,5,0
2026-04-27,LinkedIn extension,UX Designer,27,0,0,0,20,1,1
2026-04-27,Manual paste,Data Analyst,20,2,2,3,6,2,0
2026-04-27,Manual paste,Finance Analyst,22,3,1,2,9,0,1
2026-04-27,Manual paste,Product Manager,7,0,1,0,4,1,0
2026-04-27,Manual paste,Software Engineer,21,4,2,0,8,4,0
2026-04-27,Manual paste,UX Designer,16,2,3,0,7,3,0
2026-04-28,Company career site,Data Analyst,9,3,1,0,0,1,0
2026-04-28,Company career site,Finance Analyst,8,2,1,0,1,1,0
2026-04-28,Company career site,Product Manager,8,1,0,0,2,3,0
2026-04-28,Company career site,Software Engineer,10,0,0,1,7,0,0
2026-04-28,Company career site,UX Designer,14,5,0,2,3,1,0
2026-04-28,Handshake extension,Data Analyst,24,0,7,4,12,0,0
2026-04-28,Handshake extension,Finance Analyst,21,3,1,0,15,4,0
2026-04-28,Handshake extension,Product Manager,17,0,2,2,9,2,0
2026-04-28,Handshake extension,Software Engineer,29,2,3,1,12,2,1
2026-04-28,Handshake extension,UX Designer,24,1,1,1,10,1,1
2026-04-28,LinkedIn extension,Data Analyst,34,2,5,4,19,8,0
2026-04-28,LinkedIn extension,Finance Analyst,26,3,5,0,15,1,1
2026-04-28,LinkedIn extension,Product Manager,21,3,4,0,10,3,0
2026-04-28,LinkedIn extension,Software Engineer,23,2,4,0,11,5,0
2026-04-28,LinkedIn extension,UX Designer,25,5,0,0,9,4,2
2026-04-28,Manual paste,Data Analyst,17,4,3,0,5,3,0
2026-04-28,Manual paste,Finance Analyst,15,0,4,2,8,2,0
2026-04-28,Manual paste,Product Manager,9,2,2,1,2,1,0
2026-04-28,Manual paste,Software Engineer,13,1,1,1,7,2,0
2026-04-28,Manual paste,UX Designer,17,2,4,3,6,1,0
2026-04-29,Company career site,Data Analyst,9,3,0,0,3,0,0
2026-04-29,Company career site,Finance Analyst,13,1,4,2,2,2,1
2026-04-29,Company career site,Product Manager,9,1,2,0,2,0,0
2026-04-29,Company career site,Software Engineer,8,0,0,0,7,3,0
2026-04-29,Company career site,UX Designer,11,3,1,0,2,1,0
2026-04-29,Handshake extension,Data Analyst,26,2,3,3,17,2,1
2026-04-29,Handshake extension,Finance Analyst,29,7,1,1,9,3,0
2026-04-29,Handshake extension,Product Manager,20,4,0,1,10,1,0
2026-04-29,Handshake extension,Software Engineer,21,1,3,2,13,3,1
2026-04-29,Handshake extension,UX Designer,25,0,2,1,11,3,1
2026-04-29,LinkedIn extension,Data Analyst,44,5,5,5,16,4,1
2026-04-29,LinkedIn extension,Finance Analyst,27,3,4,2,11,2,0
2026-04-29,LinkedIn extension,Product Manager,28,3,2,3,14,4,0
2026-04-29,LinkedIn extension,Software Engineer,21,5,3,2,10,0,1
2026-04-29,LinkedIn extension,UX Designer,28,3,4,1,9,1,0
2026-04-29,Manual paste,Data Analyst,14,1,2,3,6,1,0
2026-04-29,Manual paste,Finance Analyst,22,1,2,2,13,1,0
2026-04-29,Manual paste,Product Manager,4,0,1,0,1,1,0
2026-04-29,Manual paste,Software Engineer,18,3,3,0,9,2,1
2026-04-29,Manual paste,UX Designer,17,2,3,2,5,3,1
2026-04-30,Company career site,Data Analyst,12,0,0,1,6,0,0
2026-04-30,Company career site,Finance Analyst,10,3,1,1,3,1,0
2026-04-30,Company career site,Product Manager,7,0,1,1,6,2,0
2026-04-30,Company career site,Software Engineer,12,3,0,0,5,0,0
2026-04-30,Company career site,UX Designer,15,4,2,1,3,2,0
2026-04-30,Handshake extension,Data Analyst,25,1,1,3,18,0,0
2026-04-30,Handshake extension,Finance Analyst,21,2,3,2,15,2,1
2026-04-30,Handshake extension,Product Manager,17,1,0,2,9,2,0
2026-04-30,Handshake extension,Software Engineer,20,1,0,1,9,2,2
2026-04-30,Handshake extension,UX Designer,22,1,7,3,11,2,0
2026-04-30,LinkedIn extension,Data Analyst,34,1,3,4,20,6,1
2026-04-30,LinkedIn extension,Finance Analyst,19,0,5,1,9,6,1
2026-04-30,LinkedIn extension,Product Manager,25,3,3,1,6,3,0
2026-04-30,LinkedIn extension,Software Engineer,26,3,2,3,11,3,2
2026-04-30,LinkedIn extension,UX Designer,25,2,2,1,9,5,0
2026-04-30,Manual paste,Data Analyst,16,2,1,3,11,1,1
2026-04-30,Manual paste,Finance Analyst,17,1,1,2,3,4,0
2026-04-30,Manual paste,Product Manager,7,2,1,0,0,2,0
2026-04-30,Manual paste,Software Engineer,16,0,2,3,14,1,0
2026-04-30,Manual paste,UX Designer,19,1,3,2,8,2,1
2026-05-01,Company career site,Data Analyst,7,0,2,1,1,1,0
2026-05-01,Company career site,Finance Analyst,12,1,2,3,7,3,0
2026-05-01,Company career site,Product Manager,7,0,2,0,3,1,0
2026-05-01,Company career site,Software Engineer,12,3,1,0,3,0,0
2026-05-01,Company career site,UX Designer,11,3,1,0,5,0,0
2026-05-01,Handshake extension,Data Analyst,26,4,1,1,8,2,0
2026-05-01,Handshake extension,Finance Analyst,20,2,3,3,15,4,0
2026-05-01,Handshake extension,Product Manager,19,2,3,0,7,4,0
2026-05-01,Handshake extension,Software Engineer,20,3,1,1,9,0,0
2026-05-01,Handshake extension,UX Designer,22,2,1,4,15,4,0
2026-05-01,LinkedIn extension,Data Analyst,35,2,2,6,16,2,1
2026-05-01,LinkedIn extension,Finance Analyst,24,6,5,6,14,1,1
2026-05-01,LinkedIn extension,Product Manager,21,3,3,2,12,1,0
2026-05-01,LinkedIn extension,Software Engineer,22,0,2,2,14,2,0
2026-05-01,LinkedIn extension,UX Designer,25,3,2,1,12,2,1
2026-05-01,Manual paste,Data Analyst,14,0,1,0,5,4,1
2026-05-01,Manual paste,Finance Analyst,22,2,1,1,11,2,0
2026-05-01,Manual paste,Product Manager,8,0,4,1,3,2,0
2026-05-01,Manual paste,Software Engineer,18,2,3,1,5,1,1
2026-05-01,Manual paste,UX Designer,11,0,1,3,7,1,0
2026-05-02,Company career site,Data Analyst,6,0,0,0,5,4,0
2026-05-02,Company career site,Finance Analyst,11,2,2,1,5,3,0
2026-05-02,Company career site,Product Manager,12,1,2,2,4,1,0
2026-05-02,Company career site,Software Engineer,7,2,0,0,2,1,0
2026-05-02,Company career site,UX Designer,9,1,3,0,4,1,0
2026-05-02,Handshake extension,Data Analyst,29,1,7,1,13,3,1
2026-05-02,Handshake extension,Finance Analyst,23,3,2,3,17,6,0
2026-05-02,Handshake extension,Product Manager,19,2,2,0,7,2,1
2026-05-02,Handshake extension,Software Engineer,22,4,0,1,14,4,1
2026-05-02,Handshake extension,UX Designer,24,3,3,1,8,2,0
2026-05-02,LinkedIn extension,Data Analyst,41,5,2,2,29,5,0
2026-05-02,LinkedIn extension,Finance Analyst,22,2,2,1,17,3,0
2026-05-02,LinkedIn extension,Product Manager,26,2,3,2,6,4,1
2026-05-02,LinkedIn extension,Software Engineer,26,4,3,2,7,5,1
2026-05-02,LinkedIn extension,UX Designer,17,2,0,1,6,1,1
2026-05-02,Manual paste,Data Analyst,18,5,1,0,6,3,0
2026-05-02,Manual paste,Finance Analyst,22,5,1,0,12,2,1
2026-05-02,Manual paste,Product Manager,7,1,1,0,4,1,0
2026-05-02,Manual paste,Software Engineer,18,2,4,1,7,3,0
2026-05-02,Manual paste,UX Designer,17,4,2,0,8,2,0
2026-05-03,Company career site,Data Analyst,11,3,1,0,3,1,1
2026-05-03,Company career site,Finance Analyst,11,1,1,1,5,0,0
2026-05-03,Company career site,Product Manager,6,1,0,1,3,0,0
2026-05-03,Company career site,Software Engineer,8,2,0,0,10,1,1
2026-05-03,Company career site,UX Designer,7,0,3,0,2,0,0
2026-05-03,Handshake extension,Data Analyst,26,2,4,3,16,0,0
2026-05-03,Handshake extension,Finance Analyst,17,1,3,1,17,2,0
2026-05-03,Handshake extension,Product Manager,21,3,2,3,6,0,1
2026-05-03,Handshake extension,Software Engineer,14,5,1,0,8,2,0
2026-05-03,Handshake extension,UX Designer,25,2,1,3,18,2,0
2026-05-03,LinkedIn extension,Data Analyst,39,4,4,2,18,2,2
2026-05-03,LinkedIn extension,Finance Analyst,23,4,1,4,12,0,1
2026-05-03,LinkedIn extension,Product Manager,29,3,2,5,11,3,0
2026-05-03,LinkedIn extension,Software Engineer,26,3,5,2,10,3,0
2026-05-03,LinkedIn extension,UX Designer,26,4,3,1,10,5,2
2026-05-03,Manual paste,Data Analyst,20,5,2,0,7,4,0
2026-05-03,Manual paste,Finance Analyst,19,2,4,0,9,1,0
2026-05-03,Manual paste,Product Manager,7,1,1,2,1,0,0
2026-05-03,Manual paste,Software Engineer,19,3,5,3,4,2,0
2026-05-03,Manual paste,UX Designer,20,1,2,1,11,0,0
2026-05-04,Company career site,Data Analyst,7,0,0,0,2,0,0
2026-05-04,Company career site,Finance Analyst,7,1,1,0,6,0,0
2026-05-04,Company career site,Product Manager,4,1,0,0,0,2,0
2026-05-04,Company career site,Software Engineer,8,0,5,1,2,0,0
2026-05-04,Company career site,UX Designer,12,5,1,1,2,1,0
2026-05-04,Handshake extension,Data Analyst,25,3,2,4,8,5,1
2026-05-04,Handshake extension,Finance Analyst,25,2,5,1,11,3,0
2026-05-04,Handshake extension,Product Manager,16,4,1,0,6,2,0
2026-05-04,Handshake extension,Software Engineer,16,1,3,0,7,3,0
2026-05-04,Handshake extension,UX Designer,21,2,0,1,13,7,0
2026-05-04,LinkedIn extension,Data Analyst,46,8,3,2,23,3,1
2026-05-04,LinkedIn extension,Finance Analyst,30,8,2,0,21,5,2
2026-05-04,LinkedIn extension,Product Manager,21,1,1,1,12,3,0
2026-05-04,LinkedIn extension,Software Engineer,21,2,3,2,7,4,1
2026-05-04,LinkedIn extension,UX Designer,26,2,1,2,9,4,0
2026-05-04,Manual paste,Data Analyst,14,1,1,1,7,5,0
2026-05-04,Manual paste,Finance Analyst,19,3,4,2,15,1,0
2026-05-04,Manual paste,Product Manager,10,3,3,2,1,1,0
2026-05-04,Manual paste,Software Engineer,18,1,2,4,3,1,0
2026-05-04,Manual paste,UX Designer,20,3,3,0,10,1,1
2026-05-05,Company career site,Data Analyst,6,0,0,1,4,1,0
2026-05-05,Company career site,Finance Analyst,10,1,1,1,8,1,0
2026-05-05,Company career site,Product Manager,7,1,0,0,3,1,0
2026-05-05,Company career site,Software Engineer,4,1,0,0,0,0,0
2026-05-05,Company career site,UX Designer,9,0,3,2,3,0,0
2026-05-05,Handshake extension,Data Analyst,31,6,3,2,18,6,0
2026-05-05,Handshake extension,Finance Analyst,27,3,2,3,12,6,0
2026-05-05,Handshake extension,Product Manager,18,3,2,1,5,3,1
2026-05-05,Handshake extension,Software Engineer,15,2,4,0,4,0,1
2026-05-05,Handshake extension,UX Designer,26,4,3,1,12,2,0
2026-05-05,LinkedIn extension,Data Analyst,46,4,2,5,20,8,1
2026-05-05,LinkedIn extension,Finance Analyst,22,1,1,0,11,2,0
2026-05-05,LinkedIn extension,Product Manager,25,4,4,1,10,3,0
2026-05-05,LinkedIn extension,Software Engineer,31,6,1,1,10,5,1
2026-05-05,LinkedIn extension,UX Designer,16,2,4,1,8,1,0
2026-05-05,Manual paste,Data Analyst,17,2,1,1,7,4,1
2026-05-05,Manual paste,Finance Analyst,18,1,3,2,7,2,0
2026-05-05,Manual paste,Product Manager,6,0,2,0,3,0,0
2026-05-05,Manual paste,Software Engineer,22,2,2,2,10,1,0
2026-05-05,Manual paste,UX Designer,13,0,1,1,8,1,2
2026-05-06,Company career site,Data Analyst,11,4,0,0,1,0,0
2026-05-06,Company career site,Finance Analyst,17,4,3,0,4,4,0
2026-05-06,Company career site,Product Manager,8,2,1,0,3,1,0
2026-05-06,Company career site,Software Engineer,8,1,0,2,2,2,1
2026-05-06,Company career site,UX Designer,11,3,2,2,2,1,0
2026-05-06,Handshake extension,Data Analyst,29,2,3,1,20,3,0
2026-05-06,Handshake extension,Finance Analyst,20,1,1,0,8,5,0
2026-05-06,Handshake extension,Product Manager,24,1,3,1,5,4,0
2026-05-06,Handshake extension,Software Engineer,17,2,4,4,8,0,0
2026-05-06,Handshake extension,UX Designer,17,2,1,1,13,4,1
2026-05-06,LinkedIn extension,Data Analyst,35,1,5,2,24,6,1
2026-05-06,LinkedIn extension,Finance Analyst,28,8,6,4,19,4,0
2026-05-06,LinkedIn extension,Product Manager,27,5,4,1,9,2,1
2026-05-06,LinkedIn extension,Software Engineer,30,5,3,3,15,3,0
2026-05-06,LinkedIn extension,UX Designer,22,4,2,1,7,0,1
2026-05-06,Manual paste,Data Analyst,19,1,2,1,15,1,0
2026-05-06,Manual paste,Finance Analyst,21,1,3,4,9,4,0
2026-05-06,Manual paste,Product Manager,8,1,0,2,2,1,0
2026-05-06,Manual paste,Software Engineer,12,1,2,1,4,2,0
2026-05-06,Manual paste,UX Designer,17,1,4,1,6,2,0
2026-05-07,Company career site,Data Analyst,8,0,0,0,3,2,0
2026-05-07,Company career site,Finance Analyst,14,3,0,3,9,1,1
2026-05-07,Company career site,Product Manager,9,2,0,0,1,0,0
2026-05-07,Company career site,Software Engineer,9,2,0,0,8,0,0
2026-05-07,Company career site,UX Designer,12,3,2,1,3,0,0
2026-05-07,Handshake extension,Data Analyst,22,1,3,2,16,1,1
2026-05-07,Handshake extension,Finance Analyst,23,4,3,2,14,2,0
2026-05-07,Handshake extension,Product Manager,20,3,2,2,6,3,0
2026-05-07,Handshake extension,Software Engineer,22,3,3,2,5,5,0
2026-05-07,Handshake extension,UX Designer,26,1,4,2,13,3,1
2026-05-07,LinkedIn extension,Data Analyst,36,2,4,3,18,4,0
2026-05-07,LinkedIn extension,Finance Analyst,25,2,3,4,11,2,0
2026-05-07,LinkedIn extension,Product Manager,25,0,4,4,10,3,2
2026-05-07,LinkedIn extension,Software Engineer,26,2,2,1,8,2,0
2026-05-07,LinkedIn extension,UX Designer,19,6,0,1,5,3,0
2026-05-07,Manual paste,Data Analyst,12,1,2,1,5,2,0
2026-05-07,Manual paste,Finance Analyst,23,3,2,1,13,1,0
2026-05-07,Manual paste,Product Manager,9,2,0,0,3,0,0
2026-05-07,Manual paste,Software Engineer,21,6,2,0,11,5,1
2026-05-07,Manual paste,UX Designer,16,3,2,2,6,1,0
2026-05-08,Company career site,Data Analyst,7,2,0,0,0,1,0
2026-05-08,Company career site,Finance Analyst,13,3,1,0,4,0,0
2026-05-08,Company career site,Product Manager,7,2,1,0,3,1,0
2026-05-08,Company career site,Software Engineer,9,2,1,0,3,1,0
2026-05-08,Company career site,UX Designer,13,0,3,2,7,0,0
2026-05-08,Handshake extension,Data Analyst,25,2,1,4,14,3,0
2026-05-08,Handshake extension,Finance Analyst,21,2,3,0,7,7,1
2026-05-08,Handshake extension,Product Manager,20,1,2,1,6,5,0
2026-05-08,Handshake extension,Software Engineer,21,2,3,2,10,2,0
2026-05-08,Handshake extension,UX Designer,20,2,4,1,10,3,1
2026-05-08,LinkedIn extension,Data Analyst,41,3,0,2,25,10,0
2026-05-08,LinkedIn extension,Finance Analyst,27,0,3,1,9,3,1
2026-05-08,LinkedIn extension,Product Manager,28,2,3,5,18,4,0
2026-05-08,LinkedIn extension,Software Engineer,25,4,3,4,9,10,0
2026-05-08,LinkedIn extension,UX Designer,19,2,5,1,8,1,0
2026-05-08,Manual paste,Data Analyst,16,1,2,3,9,1,0
2026-05-08,Manual paste,Finance Analyst,20,0,5,1,10,0,1
2026-05-08,Manual paste,Product Manager,9,3,0,0,3,0,0
2026-05-08,Manual paste,Software Engineer,19,1,4,1,14,1,0
2026-05-08,Manual paste,UX Designer,10,2,0,1,5,1,0
2026-05-09,Company career site,Data Analyst,9,3,2,0,1,1,0
2026-05-09,Company career site,Finance Analyst,12,2,0,0,3,2,1
2026-05-09,Company career site,Product Manager,9,1,1,0,4,2,0
2026-05-09,Company career site,Software Engineer,7,1,2,0,3,1,0
2026-05-09,Company career site,UX Designer,14,3,2,3,4,1,0
2026-05-09,Handshake extension,Data Analyst,26,5,2,0,19,3,0
2026-05-09,Handshake extension,Finance Analyst,21,2,2,3,13,2,0
2026-05-09,Handshake extension,Product Manager,16,3,0,1,10,0,0
2026-05-09,Handshake extension,Software Engineer,18,0,2,1,10,3,0
2026-05-09,Handshake extension,UX Designer,24,1,2,6,12,3,1
2026-05-09,LinkedIn extension,Data Analyst,38,3,3,0,21,3,3
2026-05-09,LinkedIn extension,Finance Analyst,27,2,0,3,16,4,0
2026-05-09,LinkedIn extension,Product Manager,26,1,0,1,12,3,1
2026-05-09,LinkedIn extension,Software Engineer,27,2,4,2,11,10,0
2026-05-09,LinkedIn extension,UX Designer,20,3,3,3,9,1,0
2026-05-09,Manual paste,Data Analyst,11,1,0,0,5,2,0
2026-05-09,Manual paste,Finance Analyst,12,0,1,1,9,4,0
2026-05-09,Manual paste,Product Manager,12,2,1,1,2,0,0
2026-05-09,Manual paste,Software Engineer,17,0,2,2,7,2,0
2026-05-09,Manual paste,UX Designer,18,2,2,2,6,3,1
2026-05-10,Company career site,Data Analyst,10,2,0,1,0,1,1
2026-05-10,Company career site,Finance Analyst,10,1,1,0,6,1,0
2026-05-10,Company career site,Product Manager,14,2,3,0,2,2,1
2026-05-10,Company career site,Software Engineer,8,1,2,1,2,2,0
2026-05-10,Company career site,UX Designer,14,3,2,0,8,1,0
2026-05-10,Handshake extension,Data Analyst,25,4,3,0,9,2,0
2026-05-10,Handshake extension,Finance Analyst,23,3,5,1,11,4,0
2026-05-10,Handshake extension,Product Manager,17,0,2,1,8,4,0
2026-05-10,Handshake extension,Software Engineer,26,4,3,2,8,3,0
2026-05-10,Handshake extension,UX Designer,22,4,1,0,11,4,0
2026-05-10,LinkedIn extension,Data Analyst,36,7,1,0,20,4,2
2026-05-10,LinkedIn extension,Finance Analyst,27,3,3,0,14,2,0
2026-05-10,LinkedIn extension,Product Manager,30,6,3,1,11,7,0
2026-05-10,LinkedIn extension,Software Engineer,23,3,7,1,7,3,0
2026-05-10,LinkedIn extension,UX Designer,24,2,2,4,5,2,0
2026-05-10,Manual paste,Data Analyst,13,4,0,0,4,2,0
2026-05-10,Manual paste,Finance Analyst,17,2,1,0,10,2,0
2026-05-10,Manual paste,Product Manager,8,1,0,0,4,0,0
2026-05-10,Manual paste,Software Engineer,15,4,1,0,4,2,0
2026-05-10,Manual paste,UX Designer,18,1,3,2,8,1,1
2026-05-11,Company career site,Data Analyst,7,0,2,2,4,0,0
2026-05-11,Company career site,Finance Analyst,11,2,2,0,3,0,0
2026-05-11,Company career site,Product Manager,8,3,1,0,0,2,0
2026-05-11,Company career site,Software Engineer,8,0,1,2,3,0,0
2026-05-11,Company career site,UX Designer,11,3,1,0,4,2,0
2026-05-11,Handshake extension,Data Analyst,21,1,3,2,12,0,1
2026-05-11,Handshake extension,Finance Analyst,28,2,4,1,14,0,0
2026-05-11,Handshake extension,Product Manager,14,4,2,2,5,0,0
2026-05-11,Handshake extension,Software Engineer,19,1,1,1,8,1,0
2026-05-11,Handshake extension,UX Designer,22,4,2,1,16,5,0
2026-05-11,LinkedIn extension,Data Analyst,27,1,5,3,11,5,1
2026-05-11,LinkedIn extension,Finance Analyst,28,2,3,1,10,9,1
2026-05-11,LinkedIn extension,Product Manager,28,0,4,3,21,4,0
2026-05-11,LinkedIn extension,Software Engineer,23,0,1,2,11,2,0
2026-05-11,LinkedIn extension,UX Designer,29,2,4,3,6,3,0
2026-05-11,Manual paste,Data Analyst,12,1,1,0,4,1,0
2026-05-11,Manual paste,Finance Analyst,27,4,4,4,10,1,0
2026-05-11,Manual paste,Product Manager,9,0,2,0,5,0,0
2026-05-11,Manual paste,Software Engineer,19,0,2,2,7,3,1
2026-05-11,Manual paste,UX Designer,15,2,1,1,8,3,0
2026-05-12,Company career site,Data Analyst,12,5,1,1,5,0,0
2026-05-12,Company career site,Finance Analyst,11,3,2,0,4,0,0
2026-05-12,Company career site,Product Manager,7,2,0,0,1,0,0
2026-05-12,Company career site,Software Engineer,7,0,0,3,4,1,0
2026-05-12,Company career site,UX Designer,16,2,2,1,4,3,1
2026-05-12,Handshake extension,Data Analyst,23,4,0,3,16,3,0
2026-05-12,Handshake extension,Finance Analyst,24,1,2,5,12,5,0
2026-05-12,Handshake extension,Product Manager,17,1,2,0,8,2,1
2026-05-12,Handshake extension,Software Engineer,13,0,1,2,6,1,1
2026-05-12,Handshake extension,UX Designer,20,2,1,0,17,5,0
2026-05-12,LinkedIn extension,Data Analyst,35,2,0,2,19,4,1
2026-05-12,LinkedIn extension,Finance Analyst,34,3,4,3,13,7,1
2026-05-12,LinkedIn extension,Product Manager,20,0,1,4,9,5,0
2026-05-12,LinkedIn extension,Software Engineer,28,3,3,3,16,4,2
2026-05-12,LinkedIn extension,UX Designer,30,3,7,2,9,2,0
2026-05-12,Manual paste,Data Analyst,16,2,4,0,3,0,0
2026-05-12,Manual paste,Finance Analyst,20,2,0,1,9,3,0
2026-05-12,Manual paste,Product Manager,10,3,0,1,4,1,0
2026-05-12,Manual paste,Software Engineer,16,3,2,1,6,0,0
2026-05-12,Manual paste,UX Designer,19,1,3,1,9,4,2
2026-05-13,Company career site,Data Analyst,11,4,3,0,1,0,0
2026-05-13,Company career site,Finance Analyst,15,5,2,2,1,3,1
2026-05-13,Company career site,Product Manager,10,1,2,1,3,2,0
2026-05-13,Company career site,Software Engineer,11,3,0,0,4,0,0
2026-05-13,Company career site,UX Designer,10,1,0,0,5,2,0
2026-05-13,Handshake extension,Data Analyst,23,2,2,2,9,1,0
2026-05-13,Handshake extension,Finance Analyst,19,1,1,0,8,7,0
2026-05-13,Handshake extension,Product Manager,16,5,1,2,5,1,0
2026-05-13,Handshake extension,Software Engineer,21,3,4,1,12,0,0
2026-05-13,Handshake extension,UX Designer,23,3,2,2,9,2,1
2026-05-13,LinkedIn extension,Data Analyst,27,2,2,1,14,4,0
2026-05-13,LinkedIn extension,Finance Analyst,31,8,2,2,13,4,1
2026-05-13,LinkedIn extension,Product Manager,26,3,1,3,12,4,1
2026-05-13,LinkedIn extension,Software Engineer,28,2,2,1,9,7,3
2026-05-13,LinkedIn extension,UX Designer,25,3,3,1,9,1,0
2026-05-13,Manual paste,Data Analyst,14,2,2,0,3,0,1
2026-05-13,Manual paste,Finance Analyst,14,3,1,0,7,2,0
2026-05-13,Manual paste,Product Manager,8,1,1,0,3,0,0
2026-05-13,Manual paste,Software Engineer,20,4,2,1,7,4,0
2026-05-13,Manual paste,UX Designer,15,1,1,0,11,3,0
2026-05-14,Company career site,Data Analyst,8,1,0,1,3,1,0
2026-05-14,Company career site,Finance Analyst,14,1,1,2,7,2,1
2026-05-14,Company career site,Product Manager,9,1,2,3,1,1,0
2026-05-14,Company career site,Software Engineer,7,2,0,0,3,0,0
2026-05-14,Company career site,UX Designer,14,2,1,0,7,3,0
2026-05-14,Handshake extension,Data Analyst,22,3,1,0,10,3,1
2026-05-14,Handshake extension,Finance Analyst,16,2,1,2,9,2,0
2026-05-14,Handshake extension,Product Manager,21,2,4,1,11,1,0
2026-05-14,Handshake extension,Software Engineer,21,1,3,2,12,1,1
2026-05-14,Handshake extension,UX Designer,22,3,3,1,8,3,1
2026-05-14,LinkedIn extension,Data Analyst,32,4,4,0,13,4,1
2026-05-14,LinkedIn extension,Finance Analyst,28,2,4,3,16,6,1
2026-05-14,LinkedIn extension,Product Manager,27,1,5,0,17,3,0
2026-05-14,LinkedIn extension,Software Engineer,27,3,3,2,14,7,0
2026-05-14,LinkedIn extension,UX Designer,32,3,4,8,11,3,0
2026-05-14,Manual paste,Data Analyst,11,2,2,0,5,0,0
2026-05-14,Manual paste,Finance Analyst,13,3,0,0,4,1,0
2026-05-14,Manual paste,Product Manager,13,3,2,1,1,0,0
2026-05-14,Manual paste,Software Engineer,16,2,2,1,4,3,0
2026-05-14,Manual paste,UX Designer,18,2,1,2,6,0,2
2026-05-15,Company career site,Data Analyst,14,2,1,1,5,1,0
2026-05-15,Company career site,Finance Analyst,12,1,2,1,9,1,0
2026-05-15,Company career site,Product Manager,11,2,1,1,2,4,0
2026-05-15,Company career site,Software Engineer,11,2,2,1,5,1,0
2026-05-15,Company career site,UX Designer,13,4,1,1,5,2,1
2026-05-15,Handshake extension,Data Analyst,26,2,3,1,12,6,1
2026-05-15,Handshake extension,Finance Analyst,23,1,4,1,12,2,1
2026-05-15,Handshake extension,Product Manager,16,5,3,2,5,1,0
2026-05-15,Handshake extension,Software Engineer,25,2,4,1,14,1,0
2026-05-15,Handshake extension,UX Designer,24,5,2,2,14,4,0
2026-05-15,LinkedIn extension,Data Analyst,25,5,1,0,16,1,0
2026-05-15,LinkedIn extension,Finance Analyst,26,0,1,4,10,9,0
2026-05-15,LinkedIn extension,Product Manager,26,2,5,0,14,3,0
2026-05-15,LinkedIn extension,Software Engineer,28,4,4,2,17,4,1
2026-05-15,LinkedIn extension,UX Designer,25,2,5,1,17,4,0
2026-05-15,Manual paste,Data Analyst,13,3,2,2,5,3,0
2026-05-15,Manual paste,Finance Analyst,14,4,0,0,7,1,0
2026-05-15,Manual paste,Product Manager,12,2,2,1,3,2,0
2026-05-15,Manual paste,Software Engineer,23,5,1,1,9,2,0
2026-05-15,Manual paste,UX Designer,20,3,2,0,12,5,0
2026-05-16,Company career site,Data Analyst,10,0,1,0,3,1,0
2026-05-16,Company career site,Finance Analyst,9,0,0,1,3,2,1
2026-05-16,Company career site,Product Manager,12,1,3,1,2,0,0
2026-05-16,Company career site,Software Engineer,8,2,1,0,2,2,0
2026-05-16,Company career site,UX Designer,12,2,1,0,5,1,0
2026-05-16,Handshake extension,Data Analyst,22,3,3,3,13,1,0
2026-05-16,Handshake extension,Finance Analyst,19,1,0,2,13,3,1
2026-05-16,Handshake extension,Product Manager,20,3,2,1,11,1,0
2026-05-16,Handshake extension,Software Engineer,21,2,0,1,12,1,1
2026-05-16,Handshake extension,UX Designer,24,3,2,3,7,0,0
2026-05-16,LinkedIn extension,Data Analyst,32,6,0,2,9,8,0
2026-05-16,LinkedIn extension,Finance Analyst,32,7,1,1,14,11,0
2026-05-16,LinkedIn extension,Product Manager,24,1,2,4,19,4,0
2026-05-16,LinkedIn extension,Software Engineer,25,1,2,2,15,3,1
2026-05-16,LinkedIn extension,UX Designer,27,3,5,1,15,2,2
2026-05-16,Manual paste,Data Analyst,12,1,4,1,1,0,0
2026-05-16,Manual paste,Finance Analyst,12,2,0,0,3,2,1
2026-05-16,Manual paste,Product Manager,13,5,0,1,3,1,0
2026-05-16,Manual paste,Software Engineer,17,1,1,1,6,0,0
2026-05-16,Manual paste,UX Designer,18,3,2,1,3,7,0
2026-05-17,Company career site,Data Analyst,13,3,2,1,2,3,0
2026-05-17,Company career site,Finance Analyst,9,0,0,0,1,2,0
2026-05-17,Company career site,Product Manager,11,0,0,1,4,3,0
2026-05-17,Company career site,Software Engineer,10,2,0,0,2,1,0
2026-05-17,Company career site,UX Designer,12,2,2,1,8,2,0
2026-05-17,Handshake extension,Data Analyst,22,7,2,0,6,4,0
2026-05-17,Handshake extension,Finance Analyst,25,3,1,1,12,5,0
2026-05-17,Handshake extension,Product Manager,14,2,1,3,11,2,0
2026-05-17,Handshake extension,Software Engineer,26,2,2,3,15,2,0
2026-05-17,Handshake extension,UX Designer,19,3,3,1,12,1,1
2026-05-17,LinkedIn extension,Data Analyst,30,4,4,1,10,2,1
2026-05-17,LinkedIn extension,Finance Analyst,31,5,8,0,15,4,2
2026-05-17,LinkedIn extension,Product Manager,23,3,1,3,14,5,2
2026-05-17,LinkedIn extension,Software Engineer,23,2,3,2,12,3,0
2026-05-17,LinkedIn extension,UX Designer,29,1,4,4,13,6,0
2026-05-17,Manual paste,Data Analyst,12,5,0,2,3,0,0
2026-05-17,Manual paste,Finance Analyst,14,1,0,0,5,1,0
2026-05-17,Manual paste,Product Manager,11,1,3,0,6,2,1
2026-05-17,Manual paste,Software Engineer,14,1,2,1,6,2,0
2026-05-17,Manual paste,UX Designer,12,1,0,1,5,0,0
2026-05-18,Company career site,Data Analyst,9,1,1,1,6,0,0
2026-05-18,Company career site,Finance Analyst,15,1,2,1,7,3,0
2026-05-18,Company career site,Product Manager,12,5,2,2,2,0,0
2026-05-18,Company career site,Software Engineer,11,4,0,0,3,2,0
2026-05-18,Company career site,UX Designer,14,1,4,1,8,1,0
2026-05-18,Handshake extension,Data Analyst,22,3,2,2,6,3,0
2026-05-18,Handshake extension,Finance Analyst,27,2,5,0,13,7,0
2026-05-18,Handshake extension,Product Manager,19,3,4,1,10,0,1
2026-05-18,Handshake extension,Software Engineer,21,3,1,0,9,3,0
2026-05-18,Handshake extension,UX Designer,22,4,1,1,6,1,0
2026-05-18,LinkedIn extension,Data Analyst,26,3,2,1,11,2,0
2026-05-18,LinkedIn extension,Finance Analyst,28,8,5,0,9,4,1
2026-05-18,LinkedIn extension,Product Manager,32,7,3,2,17,6,1
2026-05-18,LinkedIn extension,Software Engineer,28,3,2,1,18,4,1
2026-05-18,LinkedIn extension,UX Designer,28,5,1,3,15,5,0
2026-05-18,Manual paste,Data Analyst,15,1,2,3,5,1,0
2026-05-18,Manual paste,Finance Analyst,8,0,0,0,6,1,0
2026-05-18,Manual paste,Product Manager,14,3,1,1,6,2,0
2026-05-18,Manual paste,Software Engineer,12,1,2,1,6,1,1
2026-05-18,Manual paste,UX Designer,13,0,1,0,8,4,0
2026-05-19,Company career site,Data Analyst,10,1,3,1,8,0,0
2026-05-19,Company career site,Finance Analyst,8,0,0,1,4,1,0
2026-05-19,Company career site,Product Manager,13,1,2,0,5,2,0
2026-05-19,Company career site,Software Engineer,12,3,0,0,5,1,0
2026-05-19,Company career site,UX Designer,5,0,1,0,2,0,0
2026-05-19,Handshake extension,Data Analyst,25,2,3,3,12,5,1
2026-05-19,Handshake extension,Finance Analyst,24,3,4,1,6,2,0
2026-05-19,Handshake extension,Product Manager,27,3,3,3,9,3,0
2026-05-19,Handshake extension,Software Engineer,20,0,3,3,13,1,0
2026-05-19,Handshake extension,UX Designer,25,4,4,1,9,5,3
2026-05-19,LinkedIn extension,Data Analyst,33,5,7,1,10,4,1
2026-05-19,LinkedIn extension,Finance Analyst,23,3,3,4,11,6,1
2026-05-19,LinkedIn extension,Product Manager,28,2,0,2,21,4,0
2026-05-19,LinkedIn extension,Software Engineer,22,2,4,3,7,1,0
2026-05-19,LinkedIn extension,UX Designer,31,2,3,3,18,5,2
2026-05-19,Manual paste,Data Analyst,14,4,4,0,4,3,0
2026-05-19,Manual paste,Finance Analyst,9,2,0,0,2,0,0
2026-05-19,Manual paste,Product Manager,9,1,1,0,2,2,0
2026-05-19,Manual paste,Software Engineer,17,6,1,1,3,2,1
2026-05-19,Manual paste,UX Designer,12,1,0,0,9,1,0
2026-05-20,Company career site,Data Analyst,13,1,1,2,4,0,1
2026-05-20,Company career site,Finance Analyst,10,3,3,1,1,1,0
2026-05-20,Company career site,Product Manager,16,2,4,5,4,1,0
2026-05-20,Company career site,Software Engineer,9,0,0,0,2,2,0
2026-05-20,Company career site,UX Designer,12,3,1,1,7,0,0
2026-05-20,Handshake extension,Data Analyst,20,1,2,0,9,3,2
2026-05-20,Handshake extension,Finance Analyst,17,2,1,1,5,3,1
2026-05-20,Handshake extension,Product Manager,24,5,3,1,7,4,0
2026-05-20,Handshake extension,Software Engineer,21,2,1,2,9,2,0
2026-05-20,Handshake extension,UX Designer,19,3,2,1,4,4,1
2026-05-20,LinkedIn extension,Data Analyst,27,1,4,3,6,2,0
2026-05-20,LinkedIn extension,Finance Analyst,26,2,0,4,4,7,0
2026-05-20,LinkedIn extension,Product Manager,24,1,2,0,14,6,1
2026-05-20,LinkedIn extension,Software Engineer,27,2,2,1,13,3,1
2026-05-20,LinkedIn extension,UX Designer,31,5,2,2,13,8,0
2026-05-20,Manual paste,Data Analyst,12,6,0,0,4,0,0
2026-05-20,Manual paste,Finance Analyst,20,3,3,0,5,2,0
2026-05-20,Manual paste,Product Manager,10,2,1,2,4,0,0
2026-05-20,Manual paste,Software Engineer,12,3,0,0,8,1,0
2026-05-20,Manual paste,UX Designer,9,0,1,1,2,1,0
2026-05-21,Company career site,Data Analyst,11,0,1,1,9,2,0
2026-05-21,Company career site,Finance Analyst,13,1,1,2,8,1,0
2026-05-21,Company career site,Product Manager,17,2,5,0,7,0,0
2026-05-21,Company career site,Software Engineer,9,2,0,0,5,2,0
2026-05-21,Company career site,UX Designer,9,1,0,0,1,1,0
2026-05-21,Handshake extension,Data Analyst,26,2,5,2,12,4,1
2026-05-21,Handshake extension,Finance Analyst,19,1,2,1,13,2,0
2026-05-21,Handshake extension,Product Manager,21,5,3,1,14,1,0
2026-05-21,Handshake extension,Software Engineer,24,2,0,1,12,5,2
2026-05-21,Handshake extension,UX Designer,21,3,1,2,9,7,0
2026-05-21,LinkedIn extension,Data Analyst,19,1,1,2,4,5,1
2026-05-21,LinkedIn extension,Finance Analyst,28,4,3,0,15,1,3
2026-05-21,LinkedIn extension,Product Manager,20,3,1,1,13,3,0
2026-05-21,LinkedIn extension,Software Engineer,19,1,1,2,9,1,0
2026-05-21,LinkedIn extension,UX Designer,31,2,3,1,17,7,1
2026-05-21,Manual paste,Data Analyst,9,1,3,0,2,2,0
2026-05-21,Manual paste,Finance Analyst,14,3,4,1,2,0,0
2026-05-21,Manual paste,Product Manager,8,2,1,0,3,1,1
2026-05-21,Manual paste,Software Engineer,15,1,2,0,6,1,0
2026-05-21,Manual paste,UX Designer,7,2,1,0,2,1,0
2026-05-22,Company career site,Data Analyst,10,0,1,0,7,2,0
2026-05-22,Company career site,Finance Analyst,12,2,0,0,6,1,0
2026-05-22,Company career site,Product Manager,19,3,2,2,9,2,1
2026-05-22,Company career site,Software Engineer,8,2,1,0,4,0,0
2026-05-22,Company career site,UX Designer,13,2,2,1,3,0,0
2026-05-22,Handshake extension,Data Analyst,24,0,3,4,15,0,0
2026-05-22,Handshake extension,Finance Analyst,20,3,1,2,7,4,0
2026-05-22,Handshake extension,Product Manager,24,4,2,2,10,1,0
2026-05-22,Handshake extension,Software Engineer,22,1,3,0,20,1,0
2026-05-22,Handshake extension,UX Designer,23,1,4,2,12,4,1
2026-05-22,LinkedIn extension,Data Analyst,24,3,5,3,11,1,0
2026-05-22,LinkedIn extension,Finance Analyst,24,5,2,2,8,8,1
2026-05-22,LinkedIn extension,Product Manager,22,2,1,1,10,4,1
2026-05-22,LinkedIn extension,Software Engineer,23,1,2,2,13,7,0
2026-05-22,LinkedIn extension,UX Designer,25,2,4,1,8,5,1
2026-05-22,Manual paste,Data Analyst,13,0,4,4,4,0,0
2026-05-22,Manual paste,Finance Analyst,14,2,2,1,6,1,0
2026-05-22,Manual paste,Product Manager,7,1,1,0,2,0,0
2026-05-22,Manual paste,Software Engineer,14,4,2,1,3,1,0
2026-05-22,Manual paste,UX Designer,11,3,2,2,1,2,0
2026-05-23,Company career site,Data Analyst,8,1,1,1,2,2,0
2026-05-23,Company career site,Finance Analyst,10,1,1,1,4,0,0
2026-05-23,Company career site,Product Manager,16,1,1,2,8,3,0
2026-05-23,Company career site,Software Engineer,9,3,0,0,8,1,0
2026-05-23,Company career site,UX Designer,10,1,0,1,4,2,0
2026-05-23,Handshake extension,Data Analyst,25,2,3,3,13,1,1
2026-05-23,Handshake extension,Finance Analyst,15,2,1,0,7,3,0
2026-05-23,Handshake extension,Product Manager,21,3,2,1,7,5,0
2026-05-23,Handshake extension,Software Engineer,23,3,2,1,9,3,1
2026-05-23,Handshake extension,UX Designer,23,3,3,2,13,3,0
2026-05-23,LinkedIn extension,Data Analyst,18,0,1,2,6,3,1
2026-05-23,LinkedIn extension,Finance Analyst,23,3,3,1,10,2,0
2026-05-23,LinkedIn extension,Product Manager,20,2,2,2,11,2,0
2026-05-23,LinkedIn extension,Software Engineer,21,2,1,1,8,2,1
2026-05-23,LinkedIn extension,UX Designer,30,3,1,2,16,8,1
2026-05-23,Manual paste,Data Analyst,15,2,1,2,6,1,1
2026-05-23,Manual paste,Finance Analyst,12,3,0,1,2,0,0
2026-05-23,Manual paste,Product Manager,9,3,1,1,5,0,0
2026-05-23,Manual paste,Software Engineer,11,2,0,0,4,3,0
2026-05-23,Manual paste,UX Designer,13,1,2,1,3,1,1
2026-05-24,Company career site,Data Analyst,10,0,2,0,8,1,1
2026-05-24,Company career site,Finance Analyst,13,1,1,0,8,4,0
2026-05-24,Company career site,Product Manager,9,2,0,0,4,0,0
2026-05-24,Company career site,Software Engineer,6,1,0,0,1,0,0
2026-05-24,Company career site,UX Designer,12,3,1,0,3,0,1
2026-05-24,Handshake extension,Data Analyst,16,1,3,1,10,1,0
2026-05-24,Handshake extension,Finance Analyst,18,1,2,2,11,2,0
2026-05-24,Handshake extension,Product Manager,22,3,0,2,7,6,1
2026-05-24,Handshake extension,Software Engineer,28,4,2,1,10,3,0
2026-05-24,Handshake extension,UX Designer,23,1,3,0,13,4,0
2026-05-24,LinkedIn extension,Data Analyst,27,7,1,2,12,2,0
2026-05-24,LinkedIn extension,Finance Analyst,29,1,7,1,11,2,1
2026-05-24,LinkedIn extension,Product Manager,25,3,1,0,14,4,0
2026-05-24,LinkedIn extension,Software Engineer,22,3,2,1,14,3,0
2026-05-24,LinkedIn extension,UX Designer,28,3,0,2,17,6,0
2026-05-24,Manual paste,Data Analyst,16,1,1,1,5,1,0
2026-05-24,Manual paste,Finance Analyst,16,3,2,2,2,1,0
2026-05-24,Manual paste,Product Manager,12,2,3,0,3,1,0
2026-05-24,Manual paste,Software Engineer,9,2,3,1,1,1,0
2026-05-24,Manual paste,UX Designer,14,2,2,3,2,2,0
2026-05-25,Company career site,Data Analyst,11,3,2,3,2,0,0
2026-05-25,Company career site,Finance Analyst,8,0,1,2,5,3,0
2026-05-25,Company career site,Product Manager,19,1,2,1,9,0,0
2026-05-25,Company career site,Software Engineer,12,2,2,1,1,2,0
2026-05-25,Company career site,UX Designer,14,4,2,2,4,0,0
2026-05-25,Handshake extension,Data Analyst,28,2,2,2,13,5,1
2026-05-25,Handshake extension,Finance Analyst,23,4,4,2,7,3,0
2026-05-25,Handshake extension,Product Manager,22,1,2,0,16,3,1
2026-05-25,Handshake extension,Software Engineer,19,1,5,1,9,5,0
2026-05-25,Handshake extension,UX Designer,23,4,4,2,14,4,1
2026-05-25,LinkedIn extension,Data Analyst,26,1,3,2,8,3,0
2026-05-25,LinkedIn extension,Finance Analyst,23,4,1,4,9,1,0
2026-05-25,LinkedIn extension,Product Manager,23,1,4,3,13,3,0
2026-05-25,LinkedIn extension,Software Engineer,20,1,2,1,11,1,0
2026-05-25,LinkedIn extension,UX Designer,33,6,4,0,16,4,0
2026-05-25,Manual paste,Data Analyst,10,0,0,0,8,2,0
2026-05-25,Manual paste,Finance Analyst,16,5,0,1,1,1,0
2026-05-25,Manual paste,Product Manager,10,4,0,2,0,1,0
2026-05-25,Manual paste,Software Engineer,11,2,0,1,0,1,0
2026-05-25,Manual paste,UX Designer,14,1,1,0,9,3,0
2026-05-26,Company career site,Data Analyst,10,1,0,1,6,3,0
2026-05-26,Company career site,Finance Analyst,12,4,0,0,4,2,0
2026-05-26,Company career site,Product Manager,15,3,1,0,6,2,0
2026-05-26,Company career site,Software Engineer,5,0,0,0,0,2,0
2026-05-26,Company career site,UX Designer,8,0,2,0,9,0,0
2026-05-26,Handshake extension,Data Analyst,23,1,2,2,12,4,0
2026-05-26,Handshake extension,Finance Analyst,16,3,2,0,7,2,0
2026-05-26,Handshake extension,Product Manager,28,3,7,2,11,3,1
2026-05-26,Handshake extension,Software Engineer,28,2,1,3,10,5,3
2026-05-26,Handshake extension,UX Designer,24,4,2,3,7,7,0
2026-05-26,LinkedIn extension,Data Analyst,18,2,0,2,6,5,2
2026-05-26,LinkedIn extension,Finance Analyst,37,9,5,3,10,2,1
2026-05-26,LinkedIn extension,Product Manager,19,2,2,0,13,6,0
2026-05-26,LinkedIn extension,Software Engineer,20,1,2,0,8,6,0
2026-05-26,LinkedIn extension,UX Designer,30,1,3,1,11,6,1
2026-05-26,Manual paste,Data Analyst,14,2,1,0,9,4,0
2026-05-26,Manual paste,Finance Analyst,10,0,2,1,3,1,0
2026-05-26,Manual paste,Product Manager,13,1,1,1,1,1,0
2026-05-26,Manual paste,Software Engineer,17,3,2,1,6,2,1
2026-05-26,Manual paste,UX Designer,11,3,0,1,4,1,0
2026-05-27,Company career site,Data Analyst,11,2,1,0,4,2,0
2026-05-27,Company career site,Finance Analyst,11,0,1,0,4,2,0
2026-05-27,Company career site,Product Manager,14,2,1,0,3,5,0
2026-05-27,Company career site,Software Engineer,9,2,1,1,0,1,0
2026-05-27,Company career site,UX Designer,9,1,2,0,6,0,0
2026-05-27,Handshake extension,Data Analyst,21,3,2,2,10,3,2
2026-05-27,Handshake extension,Finance Analyst,21,3,3,2,9,4,0
2026-05-27,Handshake extension,Product Manager,21,3,3,2,5,7,0
2026-05-27,Handshake extension,Software Engineer,21,0,4,1,12,1,0
2026-05-27,Handshake extension,UX Designer,20,3,2,2,6,2,0
2026-05-27,LinkedIn extension,Data Analyst,27,5,2,1,8,3,2
2026-05-27,LinkedIn extension,Finance Analyst,32,3,3,2,13,6,0
2026-05-27,LinkedIn extension,Product Manager,26,3,1,2,16,3,0
2026-05-27,LinkedIn extension,Software Engineer,19,2,2,2,7,3,1
2026-05-27,LinkedIn extension,UX Designer,24,2,4,1,8,3,1
2026-05-27,Manual paste,Data Analyst,19,5,2,0,9,0,1
2026-05-27,Manual paste,Finance Analyst,13,1,0,1,4,1,0
2026-05-27,Manual paste,Product Manager,15,4,3,1,5,0,0
2026-05-27,Manual paste,Software Engineer,12,1,3,1,3,1,0
2026-05-27,Manual paste,UX Designer,15,2,1,1,5,0,0
2026-05-28,Company career site,Data Analyst,12,5,1,1,6,0,0
2026-05-28,Company career site,Finance Analyst,9,1,0,0,2,1,0
2026-05-28,Company career site,Product Manager,15,2,0,1,11,5,0
2026-05-28,Company career site,Software Engineer,10,2,4,1,2,1,0
2026-05-28,Company career site,UX Designer,10,2,2,2,2,3,0
2026-05-28,Handshake extension,Data Analyst,24,5,0,2,13,3,0
2026-05-28,Handshake extension,Finance Analyst,17,2,2,4,3,2,1
2026-05-28,Handshake extension,Product Manager,26,1,3,3,8,2,1
2026-05-28,Handshake extension,Software Engineer,22,4,1,2,7,2,0
2026-05-28,Handshake extension,UX Designer,26,5,3,0,9,6,1
2026-05-28,LinkedIn extension,Data Analyst,33,3,5,3,10,1,1
2026-05-28,LinkedIn extension,Finance Analyst,31,5,4,4,16,4,0
2026-05-28,LinkedIn extension,Product Manager,14,0,2,1,7,4,1
2026-05-28,LinkedIn extension,Software Engineer,22,4,3,0,10,1,0
2026-05-28,LinkedIn extension,UX Designer,19,2,4,2,11,1,0
2026-05-28,Manual paste,Data Analyst,15,1,3,0,6,2,0
2026-05-28,Manual paste,Finance Analyst,13,2,0,0,4,2,0
2026-05-28,Manual paste,Product Manager,14,3,1,1,4,1,1
2026-05-28,Manual paste,Software Engineer,15,3,3,3,3,3,1
2026-05-28,Manual paste,UX Designer,16,3,2,0,5,1,1
2026-05-29,Company career site,Data Analyst,11,2,1,1,5,2,0
2026-05-29,Company career site,Finance Analyst,9,3,3,0,1,1,0
2026-05-29,Company career site,Product Manager,13,3,1,0,7,2,0
2026-05-29,Company career site,Software Engineer,7,0,2,0,2,1,0
2026-05-29,Company career site,UX Designer,14,2,1,3,3,2,1
2026-05-29,Handshake extension,Data Analyst,28,0,4,0,17,2,1
2026-05-29,Handshake extension,Finance Analyst,20,2,2,3,8,2,0
2026-05-29,Handshake extension,Product Manager,23,1,3,1,11,3,2
2026-05-29,Handshake extension,Software Engineer,19,2,2,2,9,0,0
2026-05-29,Handshake extension,UX Designer,27,5,6,2,13,2,0
2026-05-29,LinkedIn extension,Data Analyst,20,2,1,0,11,1,0
2026-05-29,LinkedIn extension,Finance Analyst,28,4,3,2,13,2,0
2026-05-29,LinkedIn extension,Product Manager,13,2,2,2,5,1,0
2026-05-29,LinkedIn extension,Software Engineer,22,1,0,2,7,3,1
2026-05-29,LinkedIn extension,UX Designer,25,6,2,3,8,6,0
2026-05-29,Manual paste,Data Analyst,7,2,1,0,4,0,0
2026-05-29,Manual paste,Finance Analyst,16,5,2,0,5,0,0
2026-05-29,Manual paste,Product Manager,16,2,1,2,5,0,0
2026-05-29,Manual paste,Software Engineer,15,1,2,2,6,2,0
2026-05-29,Manual paste,UX Designer,16,3,1,1,4,1,0
2026-05-30,Company career site,Data Analyst,13,1,2,0,5,1,0
2026-05-30,Company career site,Finance Analyst,13,3,1,2,4,0,0
2026-05-30,Company career site,Product Manager,15,2,2,1,10,3,0
2026-05-30,Company career site,Software Engineer,12,2,4,3,2,0,0
2026-05-30,Company career site,UX Designer,13,2,3,1,4,0,0
2026-05-30,Handshake extension,Data Analyst,21,2,1,1,12,4,2
2026-05-30,Handshake extension,Finance Analyst,24,2,4,1,13,1,0
2026-05-30,Handshake extension,Product Manager,16,2,2,1,8,4,2
2026-05-30,Handshake extension,Software Engineer,21,2,3,4,9,5,0
2026-05-30,Handshake extension,UX Designer,27,1,8,4,13,2,0
2026-05-30,LinkedIn extension,Data Analyst,24,1,3,5,11,0,0
2026-05-30,LinkedIn extension,Finance Analyst,26,2,4,5,6,3,0
2026-05-30,LinkedIn extension,Product Manager,29,7,5,1,7,5,0
2026-05-30,LinkedIn extension,Software Engineer,26,3,3,1,11,5,1
2026-05-30,LinkedIn extension,UX Designer,19,4,4,1,10,4,0
2026-05-30,Manual paste,Data Analyst,13,1,4,0,8,1,0
2026-05-30,Manual paste,Finance Analyst,14,3,0,1,4,0,0
2026-05-30,Manual paste,Product Manager,9,1,2,1,2,0,0
2026-05-30,Manual paste,Software Engineer,20,6,2,1,6,0,0
2026-05-30,Manual paste,UX Designer,13,2,2,1,5,2,1
2026-05-31,Company career site,Data Analyst,6,0,1,1,2,2,0
2026-05-31,Company career site,Finance Analyst,11,4,0,0,3,1,0
2026-05-31,Company career site,Product Manager,12,0,2,1,6,1,1
2026-05-31,Company career site,Software Engineer,7,0,0,1,4,1,0
2026-05-31,Company career site,UX Designer,15,2,1,0,2,2,0
2026-05-31,Handshake extension,Data Analyst,25,4,3,0,7,5,0
2026-05-31,Handshake extension,Finance Analyst,17,2,2,0,9,3,0
2026-05-31,Handshake extension,Product Manager,29,2,7,3,6,5,0
2026-05-31,Handshake extension,Software Engineer,27,2,2,2,18,4,0
2026-05-31,Handshake extension,UX Designer,35,6,4,6,14,3,0
2026-05-31,LinkedIn extension,Data Analyst,22,3,3,0,12,3,0
2026-05-31,LinkedIn extension,Finance Analyst,30,2,8,2,19,2,0
2026-05-31,LinkedIn extension,Product Manager,22,2,2,2,9,2,0
2026-05-31,LinkedIn extension,Software Engineer,18,2,2,3,17,0,0
2026-05-31,LinkedIn extension,UX Designer,26,4,3,2,7,6,0
2026-05-31,Manual paste,Data Analyst,11,2,0,3,3,1,0
2026-05-31,Manual paste,Finance Analyst,8,1,1,1,0,0,0
2026-05-31,Manual paste,Product Manager,17,2,3,0,6,2,1
2026-05-31,Manual paste,Software Engineer,13,1,2,0,5,4,0
2026-05-31,Manual paste,UX Designer,12,4,1,1,10,1,0
2026-06-01,Company career site,Data Analyst,11,4,0,1,2,1,0
2026-06-01,Company career site,Finance Analyst,11,2,3,1,3,1,0
2026-06-01,Company career site,Product Manager,16,2,1,2,12,1,0
2026-06-01,Company career site,Software Engineer,9,0,2,1,5,0,0
2026-06-01,Company career site,UX Designer,13,4,2,0,7,2,0
2026-06-01,Handshake extension,Data Analyst,18,3,2,3,10,0,0
2026-06-01,Handshake extension,Finance Analyst,21,4,1,1,13,1,0
2026-06-01,Handshake extension,Product Manager,17,2,5,3,11,3,1
2026-06-01,Handshake extension,Software Engineer,23,3,4,2,12,4,0
2026-06-01,Handshake extension,UX Designer,29,1,1,1,13,7,2
2026-06-01,LinkedIn extension,Data Analyst,25,2,5,3,11,0,1
2026-06-01,LinkedIn extension,Finance Analyst,30,2,7,4,13,4,1
2026-06-01,LinkedIn extension,Product Manager,17,2,2,2,9,2,0
2026-06-01,LinkedIn extension,Software Engineer,22,5,0,2,14,4,0
2026-06-01,LinkedIn extension,UX Designer,23,2,2,1,9,2,0
2026-06-01,Manual paste,Data Analyst,12,4,2,0,3,0,0
2026-06-01,Manual paste,Finance Analyst,13,1,0,1,5,1,0
2026-06-01,Manual paste,Product Manager,15,2,3,1,8,1,0
2026-06-01,Manual paste,Software Engineer,13,0,1,1,6,3,0
2026-06-01,Manual paste,UX Designer,16,4,0,2,4,2,0
2026-06-02,Company career site,Data Analyst,9,2,0,0,4,1,1
2026-06-02,Company career site,Finance Analyst,7,1,1,0,4,0,0
2026-06-02,Company career site,Product Manager,14,2,2,0,3,1,0
2026-06-02,Company career site,Software Engineer,10,2,1,3,6,0,0
2026-06-02,Company career site,UX Designer,14,2,1,0,4,3,0
2026-06-02,Handshake extension,Data Analyst,20,1,0,2,13,5,1
2026-06-02,Handshake extension,Finance Analyst,21,1,2,3,11,6,0
2026-06-02,Handshake extension,Product Manager,17,1,0,2,10,2,0
2026-06-02,Handshake extension,Software Engineer,23,3,0,1,12,4,1
2026-06-02,Handshake extension,UX Designer,28,3,5,3,10,8,2
2026-06-02,LinkedIn extension,Data Analyst,27,1,1,3,8,8,0
2026-06-02,LinkedIn extension,Finance Analyst,26,1,2,3,18,2,0
2026-06-02,LinkedIn extension,Product Manager,21,3,1,1,9,2,1
2026-06-02,LinkedIn extension,Software Engineer,21,3,3,0,7,3,0
2026-06-02,LinkedIn extension,UX Designer,32,6,8,5,12,1,1
2026-06-02,Manual paste,Data Analyst,13,2,1,2,5,0,0
2026-06-02,Manual paste,Finance Analyst,13,1,0,0,7,1,0
2026-06-02,Manual paste,Product Manager,18,4,2,2,10,1,0
2026-06-02,Manual paste,Software Engineer,11,3,2,0,4,1,0
2026-06-02,Manual paste,UX Designer,12,1,1,1,3,0,0
2026-06-03,Company career site,Data Analyst,8,0,0,0,1,2,1
2026-06-03,Company career site,Finance Analyst,4,0,1,0,2,1,0
2026-06-03,Company career site,Product Manager,13,2,1,1,5,3,0
2026-06-03,Company career site,Software Engineer,10,4,0,0,4,1,0
2026-06-03,Company career site,UX Designer,8,0,2,2,3,0,1
2026-06-03,Handshake extension,Data Analyst,20,1,1,1,11,5,0
2026-06-03,Handshake extension,Finance Analyst,17,4,1,1,10,3,0
2026-06-03,Handshake extension,Product Manager,19,2,4,3,11,4,0
2026-06-03,Handshake extension,Software Engineer,21,3,1,0,19,1,1
2026-06-03,Handshake extension,UX Designer,36,6,5,2,18,3,1
2026-06-03,LinkedIn extension,Data Analyst,26,1,2,2,13,3,1
2026-06-03,LinkedIn extension,Finance Analyst,29,4,3,2,18,1,0
2026-06-03,LinkedIn extension,Product Manager,19,2,2,2,7,3,0
2026-06-03,LinkedIn extension,Software Engineer,15,3,0,0,5,2,0
2026-06-03,LinkedIn extension,UX Designer,23,4,2,0,9,3,0
2026-06-03,Manual paste,Data Analyst,14,4,1,2,4,2,0
2026-06-03,Manual paste,Finance Analyst,15,2,5,1,1,2,0
2026-06-03,Manual paste,Product Manager,11,1,2,0,6,1,0
2026-06-03,Manual paste,Software Engineer,17,3,2,1,6,2,0
2026-06-03,Manual paste,UX Designer,11,0,0,0,4,5,0
2026-06-04,Company career site,Data Analyst,6,2,1,0,0,1,0
2026-06-04,Company career site,Finance Analyst,5,0,1,0,3,0,0
2026-06-04,Company career site,Product Manager,9,1,0,0,4,2,0
2026-06-04,Company career site,Software Engineer,10,1,1,1,5,2,0
2026-06-04,Company career site,UX Designer,13,2,0,1,8,2,0
2026-06-04,Handshake extension,Data Analyst,24,4,2,1,12,1,1
2026-06-04,Handshake extension,Finance Analyst,23,4,3,1,11,4,0
2026-06-04,Handshake extension,Product Manager,24,3,2,3,13,5,2
2026-06-04,Handshake extension,Software Engineer,19,1,1,0,9,1,0
2026-06-04,Handshake extension,UX Designer,27,1,4,2,19,3,1
2026-06-04,LinkedIn extension,Data Analyst,28,3,3,2,12,3,1
2026-06-04,LinkedIn extension,Finance Analyst,34,3,4,3,15,6,0
2026-06-04,LinkedIn extension,Product Manager,19,1,4,1,12,4,0
2026-06-04,LinkedIn extension,Software Engineer,23,3,4,2,10,2,0
2026-06-04,LinkedIn extension,UX Designer,25,2,5,3,11,3,1
2026-06-04,Manual paste,Data Analyst,8,0,1,1,4,0,0
2026-06-04,Manual paste,Finance Analyst,13,5,0,0,5,0,0
2026-06-04,Manual paste,Product Manager,17,2,1,2,7,2,1
2026-06-04,Manual paste,Software Engineer,16,2,3,1,3,0,0
2026-06-04,Manual paste,UX Designer,14,3,2,0,4,0,0
2026-06-05,Company career site,Data Analyst,8,1,0,0,5,0,0
2026-06-05,Company career site,Finance Analyst,9,3,1,0,1,0,0
2026-06-05,Company career site,Product Manager,11,1,2,0,6,1,0
2026-06-05,Company career site,Software Engineer,11,1,1,0,5,0,0
2026-06-05,Company career site,UX Designer,14,2,1,1,6,1,1
2026-06-05,Handshake extension,Data Analyst,24,2,3,0,9,5,1
2026-06-05,Handshake extension,Finance Analyst,24,3,4,3,15,3,0
2026-06-05,Handshake extension,Product Manager,23,3,1,1,11,2,0
2026-06-05,Handshake extension,Software Engineer,16,1,2,2,10,2,1
2026-06-05,Handshake extension,UX Designer,29,3,5,4,15,4,0
2026-06-05,LinkedIn extension,Data Analyst,27,5,1,0,12,3,1
2026-06-05,LinkedIn extension,Finance Analyst,21,0,1,1,11,4,1
2026-06-05,LinkedIn extension,Product Manager,22,2,2,4,9,2,0
2026-06-05,LinkedIn extension,Software Engineer,21,5,1,2,10,5,0
2026-06-05,LinkedIn extension,UX Designer,31,2,2,4,17,3,0
2026-06-05,Manual paste,Data Analyst,15,2,2,0,8,0,0
2026-06-05,Manual paste,Finance Analyst,13,3,3,0,4,1,0
2026-06-05,Manual paste,Product Manager,18,6,2,2,6,0,0
2026-06-05,Manual paste,Software Engineer,18,2,3,0,3,5,1
2026-06-05,Manual paste,UX Designer,13,2,3,1,1,3,0
2026-06-06,Company career site,Data Analyst,5,0,2,0,1,0,0
2026-06-06,Company career site,Finance Analyst,9,1,3,0,1,0,0
2026-06-06,Company career site,Product Manager,10,0,1,3,3,2,1
2026-06-06,Company career site,Software Engineer,10,2,0,0,3,2,1
2026-06-06,Company career site,UX Designer,13,2,1,1,5,0,0
2026-06-06,Handshake extension,Data Analyst,20,5,3,0,8,2,0
2026-06-06,Handshake extension,Finance Analyst,28,6,1,2,10,3,0
2026-06-06,Handshake extension,Product Manager,24,3,2,1,16,5,1
2026-06-06,Handshake extension,Software Engineer,20,4,3,1,10,3,1
2026-06-06,Handshake extension,UX Designer,34,2,4,6,17,9,0
2026-06-06,LinkedIn extension,Data Analyst,26,2,3,2,11,4,0
2026-06-06,LinkedIn extension,Finance Analyst,30,2,3,2,14,4,1
2026-06-06,LinkedIn extension,Product Manager,24,6,2,1,12,3,0
2026-06-06,LinkedIn extension,Software Engineer,23,2,5,1,11,3,1
2026-06-06,LinkedIn extension,UX Designer,29,2,4,2,24,2,1
2026-06-06,Manual paste,Data Analyst,13,1,1,0,1,0,0
2026-06-06,Manual paste,Finance Analyst,14,0,4,2,4,0,1
2026-06-06,Manual paste,Product Manager,16,2,0,1,6,2,0
2026-06-06,Manual paste,Software Engineer,22,2,2,3,6,1,0
2026-06-06,Manual paste,UX Designer,9,2,2,0,1,1,0
2026-06-07,Company career site,Data Analyst,9,0,1,2,2,2,0
2026-06-07,Company career site,Finance Analyst,9,4,1,1,1,0,0
2026-06-07,Company career site,Product Manager,12,1,2,1,3,2,0
2026-06-07,Company career site,Software Engineer,10,1,1,0,7,3,1
2026-06-07,Company career site,UX Designer,14,4,2,1,5,2,0
2026-06-07,Handshake extension,Data Analyst,18,2,4,3,11,1,0
2026-06-07,Handshake extension,Finance Analyst,23,2,3,0,12,6,0
2026-06-07,Handshake extension,Product Manager,22,2,5,3,11,4,0
2026-06-07,Handshake extension,Software Engineer,25,4,4,0,14,5,2
2026-06-07,Handshake extension,UX Designer,30,1,2,1,9,8,1
2026-06-07,LinkedIn extension,Data Analyst,25,5,1,1,8,4,0
2026-06-07,LinkedIn extension,Finance Analyst,32,2,6,4,9,6,0
2026-06-07,LinkedIn extension,Product Manager,28,7,3,2,13,2,0
2026-06-07,LinkedIn extension,Software Engineer,15,0,2,3,4,2,0
2026-06-07,LinkedIn extension,UX Designer,26,4,1,4,13,0,0
2026-06-07,Manual paste,Data Analyst,10,2,1,0,2,0,0
2026-06-07,Manual paste,Finance Analyst,9,1,0,2,4,1,0
2026-06-07,Manual paste,Product Manager,17,4,2,1,8,4,0
2026-06-07,Manual paste,Software Engineer,14,3,3,2,4,3,0
2026-06-07,Manual paste,UX Designer,12,2,1,2,4,2,0
2026-06-08,Company career site,Data Analyst,7,0,3,1,3,2,0
2026-06-08,Company career site,Finance Analyst,11,2,1,1,1,1,0
2026-06-08,Company career site,Product Manager,14,2,1,1,3,2,0
2026-06-08,Company career site,Software Engineer,10,2,1,0,3,1,0
2026-06-08,Company career site,UX Designer,10,1,2,1,1,3,1
2026-06-08,Handshake extension,Data Analyst,24,1,4,4,17,2,1
2026-06-08,Handshake extension,Finance Analyst,21,1,3,1,5,2,0
2026-06-08,Handshake extension,Product Manager,27,1,3,2,12,5,1
2026-06-08,Handshake extension,Software Engineer,24,5,1,3,13,5,2
2026-06-08,Handshake extension,UX Designer,33,3,2,3,20,7,1
2026-06-08,LinkedIn extension,Data Analyst,26,3,2,1,7,6,0
2026-06-08,LinkedIn extension,Finance Analyst,41,5,2,5,20,4,1
2026-06-08,LinkedIn extension,Product Manager,25,3,1,1,19,3,1
2026-06-08,LinkedIn extension,Software Engineer,16,2,2,0,8,1,0
2026-06-08,LinkedIn extension,UX Designer,37,6,2,1,12,4,1
2026-06-08,Manual paste,Data Analyst,10,2,1,0,3,2,1
2026-06-08,Manual paste,Finance Analyst,11,3,4,1,2,1,0
2026-06-08,Manual paste,Product Manager,14,3,2,0,4,2,0
2026-06-08,Manual paste,Software Engineer,17,2,4,1,3,1,0
2026-06-08,Manual paste,UX Designer,12,0,5,0,3,1,0
2026-06-09,Company career site,Data Analyst,10,3,1,0,6,0,0
2026-06-09,Company career site,Finance Analyst,9,1,4,2,2,0,0
2026-06-09,Company career site,Product Manager,22,5,4,0,4,3,0
2026-06-09,Company career site,Software Engineer,7,1,0,1,4,0,0
2026-06-09,Company career site,UX Designer,14,2,4,1,6,1,0
2026-06-09,Handshake extension,Data Analyst,26,4,4,6,10,2,0
2026-06-09,Handshake extension,Finance Analyst,24,3,3,3,11,3,1
2026-06-09,Handshake extension,Product Manager,21,3,1,2,12,0,2
2026-06-09,Handshake extension,Software Engineer,20,2,2,2,6,5,1
2026-06-09,Handshake extension,UX Designer,37,2,2,4,23,3,1
2026-06-09,LinkedIn extension,Data Analyst,25,4,4,0,12,3,0
2026-06-09,LinkedIn extension,Finance Analyst,38,4,7,5,18,9,0
2026-06-09,LinkedIn extension,Product Manager,25,2,6,1,14,2,0
2026-06-09,LinkedIn extension,Software Engineer,23,3,4,4,6,5,0
2026-06-09,LinkedIn extension,UX Designer,26,2,2,1,13,0,0
2026-06-09,Manual paste,Data Analyst,10,4,1,1,2,0,0
2026-06-09,Manual paste,Finance Analyst,11,1,2,1,3,1,0
2026-06-09,Manual paste,Product Manager,16,1,5,1,7,2,1
2026-06-09,Manual paste,Software Engineer,13,1,2,3,4,5,0
2026-06-09,Manual paste,UX Designer,10,0,0,3,8,2,0
2026-06-10,Company career site,Data Analyst,7,1,1,2,1,0,0
2026-06-10,Company career site,Finance Analyst,12,2,1,1,4,1,0
2026-06-10,Company career site,Product Manager,11,1,1,0,3,1,0
2026-06-10,Company career site,Software Engineer,10,2,1,0,5,2,0
2026-06-10,Company career site,UX Designer,9,0,0,1,6,1,0
2026-06-10,Handshake extension,Data Analyst,24,3,5,0,11,1,1
2026-06-10,Handshake extension,Finance Analyst,17,1,1,2,9,4,0
2026-06-10,Handshake extension,Product Manager,27,2,1,1,17,1,1
2026-06-10,Handshake extension,Software Engineer,20,1,5,2,11,4,1
2026-06-10,Handshake extension,UX Designer,27,4,4,1,23,3,0
2026-06-10,LinkedIn extension,Data Analyst,20,3,2,1,8,1,0
2026-06-10,LinkedIn extension,Finance Analyst,42,6,3,2,19,2,1
2026-06-10,LinkedIn extension,Product Manager,21,1,4,2,8,1,2
2026-06-10,LinkedIn extension,Software Engineer,34,11,1,3,8,3,0
2026-06-10,LinkedIn extension,UX Designer,22,3,3,1,10,5,0
2026-06-10,Manual paste,Data Analyst,12,2,4,0,3,1,0
2026-06-10,Manual paste,Finance Analyst,17,2,0,1,2,1,1
2026-06-10,Manual paste,Product Manager,15,0,2,1,10,4,0
2026-06-10,Manual paste,Software Engineer,16,3,1,1,4,0,0
2026-06-10,Manual paste,UX Designer,12,2,1,0,6,4,0
2026-06-11,Company career site,Data Analyst,9,1,3,1,2,2,0
2026-06-11,Company career site,Finance Analyst,14,1,3,2,3,1,0
2026-06-11,Company career site,Product Manager,13,5,1,1,2,2,0
2026-06-11,Company career site,Software Engineer,11,1,3,0,5,2,0
2026-06-11,Company career site,UX Designer,13,1,0,2,5,2,1
2026-06-11,Handshake extension,Data Analyst,22,2,3,1,10,3,2
2026-06-11,Handshake extension,Finance Analyst,23,2,3,1,10,3,1
2026-06-11,Handshake extension,Product Manager,21,2,2,1,11,5,1
2026-06-11,Handshake extension,Software Engineer,19,3,0,0,6,4,0
2026-06-11,Handshake extension,UX Designer,30,2,3,2,13,8,2
2026-06-11,LinkedIn extension,Data Analyst,22,4,2,1,15,3,0
2026-06-11,LinkedIn extension,Finance Analyst,33,4,1,1,22,5,2
2026-06-11,LinkedIn extension,Product Manager,19,2,2,4,11,3,0
2026-06-11,LinkedIn extension,Software Engineer,29,4,4,0,11,1,0
2026-06-11,LinkedIn extension,UX Designer,27,3,4,2,13,5,0
2026-06-11,Manual paste,Data Analyst,12,2,4,0,3,0,0
2026-06-11,Manual paste,Finance Analyst,16,3,1,1,7,1,0
2026-06-11,Manual paste,Product Manager,16,4,0,0,5,2,0
2026-06-11,Manual paste,Software Engineer,21,5,3,1,7,3,1
2026-06-11,Manual paste,UX Designer,13,1,3,1,3,1,1
2026-06-12,Company career site,Data Analyst,11,1,2,2,3,1,0
2026-06-12,Company career site,Finance Analyst,14,4,2,2,8,0,0
2026-06-12,Company career site,Product Manager,11,3,0,2,5,2,0
2026-06-12,Company career site,Software Engineer,7,0,3,2,3,0,0
2026-06-12,Company career site,UX Designer,10,0,0,0,8,1,0
2026-06-12,Handshake extension,Data Analyst,18,1,2,1,11,1,1
2026-06-12,Handshake extension,Finance Analyst,24,1,5,1,12,3,1
2026-06-12,Handshake extension,Product Manager,26,4,3,0,11,3,1
2026-06-12,Handshake extension,Software Engineer,21,4,2,1,8,4,0
2026-06-12,Handshake extension,UX Designer,38,7,4,3,22,7,1
2026-06-12,LinkedIn extension,Data Analyst,18,3,2,0,9,2,0
2026-06-12,LinkedIn extension,Finance Analyst,28,1,2,0,18,5,0
2026-06-12,LinkedIn extension,Product Manager,30,3,7,2,11,7,0
2026-06-12,LinkedIn extension,Software Engineer,25,2,2,4,12,3,0
2026-06-12,LinkedIn extension,UX Designer,24,3,4,3,7,6,0
2026-06-12,Manual paste,Data Analyst,9,3,0,1,5,1,0
2026-06-12,Manual paste,Finance Analyst,7,2,1,0,2,0,0
2026-06-12,Manual paste,Product Manager,15,2,1,4,9,0,0
2026-06-12,Manual paste,Software Engineer,19,4,1,2,6,3,2
2026-06-12,Manual paste,UX Designer,14,3,3,2,2,0,0
2026-06-13,Company career site,Data Analyst,11,4,0,0,5,1,0
2026-06-13,Company career site,Finance Analyst,17,1,4,0,5,1,0
2026-06-13,Company career site,Product Manager,10,1,1,0,4,1,0
2026-06-13,Company career site,Software Engineer,10,1,3,1,6,2,0
2026-06-13,Company career site,UX Designer,12,3,1,0,4,2,0
2026-06-13,Handshake extension,Data Analyst,20,0,2,4,12,3,0
2026-06-13,Handshake extension,Finance Analyst,19,2,1,3,8,4,4
2026-06-13,Handshake extension,Product Manager,22,1,1,3,8,2,0
2026-06-13,Handshake extension,Software Engineer,21,5,1,2,7,3,0
2026-06-13,Handshake extension,UX Designer,29,3,1,1,19,3,1
2026-06-13,LinkedIn extension,Data Analyst,15,0,2,0,6,3,2
2026-06-13,LinkedIn extension,Finance Analyst,31,2,4,1,11,4,2
2026-06-13,LinkedIn extension,Product Manager,29,4,6,2,11,2,0
2026-06-13,LinkedIn extension,Software Engineer,26,2,0,1,14,1,1
2026-06-13,LinkedIn extension,UX Designer,31,2,5,2,10,5,0
2026-06-13,Manual paste,Data Analyst,11,3,0,2,2,1,0
2026-06-13,Manual paste,Finance Analyst,8,1,1,0,2,0,1
2026-06-13,Manual paste,Product Manager,15,2,2,0,7,1,0
2026-06-13,Manual paste,Software Engineer,19,2,1,1,7,1,0
2026-06-13,Manual paste,UX Designer,10,0,0,1,3,1,0
2026-06-14,Company career site,Data Analyst,9,0,1,1,5,3,0
2026-06-14,Company career site,Finance Analyst,17,3,4,1,2,3,1
2026-06-14,Company career site,Product Manager,12,2,2,0,2,4,0
2026-06-14,Company career site,Software Engineer,9,0,1,2,3,1,0
2026-06-14,Company career site,UX Designer,18,5,1,1,6,1,1
2026-06-14,Handshake extension,Data Analyst,18,0,4,1,9,4,0
2026-06-14,Handshake extension,Finance Analyst,26,2,1,4,10,1,1
2026-06-14,Handshake extension,Product Manager,18,2,0,0,18,3,1
2026-06-14,Handshake extension,Software Engineer,16,1,0,0,7,2,1
2026-06-14,Handshake extension,UX Designer,32,5,4,2,13,5,3
2026-06-14,LinkedIn extension,Data Analyst,17,3,1,3,6,1,1
2026-06-14,LinkedIn extension,Finance Analyst,36,6,2,5,14,3,0
2026-06-14,LinkedIn extension,Product Manager,34,6,3,5,13,6,1
2026-06-14,LinkedIn extension,Software Engineer,22,5,2,0,11,4,0
2026-06-14,LinkedIn extension,UX Designer,30,2,2,3,12,5,1
2026-06-14,Manual paste,Data Analyst,12,2,2,0,5,0,0
2026-06-14,Manual paste,Finance Analyst,15,3,2,0,2,4,0
2026-06-14,Manual paste,Product Manager,13,1,2,1,6,1,0
2026-06-14,Manual paste,Software Engineer,14,2,0,0,9,1,0
2026-06-14,Manual paste,UX Designer,11,2,0,1,5,1,0
2026-06-15,Company career site,Data Analyst,8,3,0,0,3,0,1
2026-06-15,Company career site,Finance Analyst,16,0,1,5,8,0,0
2026-06-15,Company career site,Product Manager,11,2,0,0,5,0,1
2026-06-15,Company career site,Software Engineer,13,5,1,1,3,5,1
2026-06-15,Company career site,UX Designer,12,0,2,1,5,2,0
2026-06-15,Handshake extension,Data Analyst,20,0,0,3,18,4,0
2026-06-15,Handshake extension,Finance Analyst,20,1,3,0,9,8,0
2026-06-15,Handshake extension,Product Manager,18,1,4,3,8,3,0
2026-06-15,Handshake extension,Software Engineer,21,1,7,2,6,2,0
2026-06-15,Handshake extension,UX Designer,32,2,5,1,15,1,0
2026-06-15,LinkedIn extension,Data Analyst,18,2,1,0,2,0,0
2026-06-15,LinkedIn extension,Finance Analyst,35,2,4,2,21,6,2
2026-06-15,LinkedIn extension,Product Manager,26,2,1,2,10,5,0
2026-06-15,LinkedIn extension,Software Engineer,27,2,3,2,23,4,0
2026-06-15,LinkedIn extension,UX Designer,25,1,2,2,14,3,2
2026-06-15,Manual paste,Data Analyst,9,2,1,0,3,2,0
2026-06-15,Manual paste,Finance Analyst,9,2,1,0,1,1,0
2026-06-15,Manual paste,Product Manager,14,2,1,1,7,3,0
2026-06-15,Manual paste,Software Engineer,13,1,2,0,3,5,0
2026-06-15,Manual paste,UX Designer,17,3,1,1,5,3,0
2026-06-16,Company career site,Data Analyst,7,1,1,0,4,2,0
2026-06-16,Company career site,Finance Analyst,17,2,2,2,7,3,0
2026-06-16,Company career site,Product Manager,17,3,3,2,5,3,0
2026-06-16,Company career site,Software Engineer,8,0,0,0,3,0,0
2026-06-16,Company career site,UX Designer,14,3,2,1,8,0,0
2026-06-16,Handshake extension,Data Analyst,27,3,3,2,12,2,0
2026-06-16,Handshake extension,Finance Analyst,19,0,3,4,8,1,0
2026-06-16,Handshake extension,Product Manager,18,1,2,2,13,2,0
2026-06-16,Handshake extension,Software Engineer,21,1,1,2,5,1,0
2026-06-16,Handshake extension,UX Designer,28,3,2,3,23,5,1
2026-06-16,LinkedIn extension,Data Analyst,18,2,0,2,5,2,1
2026-06-16,LinkedIn extension,Finance Analyst,33,4,2,2,24,2,0
2026-06-16,LinkedIn extension,Product Manager,29,2,4,2,17,2,1
2026-06-16,LinkedIn extension,Software Engineer,17,1,2,0,9,4,0
2026-06-16,LinkedIn extension,UX Designer,25,3,2,1,6,5,0
2026-06-16,Manual paste,Data Analyst,9,3,1,2,5,0,0
2026-06-16,Manual paste,Finance Analyst,14,3,1,2,4,1,1
2026-06-16,Manual paste,Product Manager,14,4,2,3,5,2,0
2026-06-16,Manual paste,Software Engineer,13,1,1,1,2,1,0
2026-06-16,Manual paste,UX Designer,13,3,2,0,5,2,0
2026-06-17,Company career site,Data Analyst,12,2,2,1,2,2,1
2026-06-17,Company career site,Finance Analyst,15,1,4,1,9,0,0
2026-06-17,Company career site,Product Manager,14,3,1,0,4,4,0
2026-06-17,Company career site,Software Engineer,10,4,1,1,6,4,0
2026-06-17,Company career site,UX Designer,16,1,2,0,5,5,0
2026-06-17,Handshake extension,Data Analyst,23,3,3,1,11,1,1
2026-06-17,Handshake extension,Finance Analyst,23,3,1,0,13,6,0
2026-06-17,Handshake extension,Product Manager,14,1,2,0,8,4,1
2026-06-17,Handshake extension,Software Engineer,20,3,2,2,7,2,0
2026-06-17,Handshake extension,UX Designer,24,2,1,2,11,3,0
2026-06-17,LinkedIn extension,Data Analyst,21,2,5,1,5,1,0
2026-06-17,LinkedIn extension,Finance Analyst,29,4,3,1,13,2,2
2026-06-17,LinkedIn extension,Product Manager,23,4,3,1,12,3,0
2026-06-17,LinkedIn extension,Software Engineer,20,3,3,0,6,2,0
2026-06-17,LinkedIn extension,UX Designer,33,4,5,1,12,5,0
2026-06-17,Manual paste,Data Analyst,10,0,3,0,6,3,0
2026-06-17,Manual paste,Finance Analyst,12,3,0,0,4,1,0
2026-06-17,Manual paste,Product Manager,14,1,3,2,7,3,0
2026-06-17,Manual paste,Software Engineer,13,3,0,0,6,2,0
2026-06-17,Manual paste,UX Designer,16,2,1,0,6,2,1
2026-06-18,Company career site,Data Analyst,10,1,2,0,3,1,0
2026-06-18,Company career site,Finance Analyst,19,2,1,1,7,5,0
2026-06-18,Company career site,Product Manager,13,2,1,1,3,0,2
2026-06-18,Company career site,Software Engineer,12,4,1,0,3,1,1
2026-06-18,Company career site,UX Designer,15,2,1,0,6,0,1
2026-06-18,Handshake extension,Data Analyst,18,0,0,3,16,0,0
2026-06-18,Handshake extension,Finance Analyst,22,2,2,0,16,3,2
2026-06-18,Handshake extension,Product Manager,19,2,2,3,7,3,0
2026-06-18,Handshake extension,Software Engineer,23,2,5,3,5,1,0
2026-06-18,Handshake extension,UX Designer,28,2,5,1,16,3,0
2026-06-18,LinkedIn extension,Data Analyst,20,2,2,4,7,2,0
2026-06-18,LinkedIn extension,Finance Analyst,32,2,3,1,12,2,0
2026-06-18,LinkedIn extension,Product Manager,26,3,1,4,11,9,1
2026-06-18,LinkedIn extension,Software Engineer,23,4,3,3,7,4,0
2026-06-18,LinkedIn extension,UX Designer,19,2,2,1,9,4,0
2026-06-18,Manual paste,Data Analyst,7,0,0,2,4,0,0
2026-06-18,Manual paste,Finance Analyst,10,3,2,1,2,0,0
2026-06-18,Manual paste,Product Manager,9,0,1,1,7,1,1
2026-06-18,Manual paste,Software Engineer,15,3,2,1,5,3,0
2026-06-18,Manual paste,UX Designer,15,5,1,0,7,1,0
2026-06-19,Company career site,Data Analyst,14,5,2,1,5,3,1
2026-06-19,Company career site,Finance Analyst,17,1,1,3,15,1,0
2026-06-19,Company career site,Product Manager,15,2,2,3,10,0,0
2026-06-19,Company career site,Software Engineer,12,3,2,0,2,1,0
2026-06-19,Company career site,UX Designer,11,2,2,1,2,2,0
2026-06-19,Handshake extension,Data Analyst,18,2,1,0,9,2,0
2026-06-19,Handshake extension,Finance Analyst,23,6,1,2,9,3,0
2026-06-19,Handshake extension,Product Manager,21,2,2,1,6,1,0
2026-06-19,Handshake extension,Software Engineer,22,1,6,0,13,0,0
2026-06-19,Handshake extension,UX Designer,26,2,2,3,16,4,2
2026-06-19,LinkedIn extension,Data Analyst,18,1,3,0,8,2,0
2026-06-19,LinkedIn extension,Finance Analyst,30,3,1,2,12,3,0
2026-06-19,LinkedIn extension,Product Manager,33,5,7,3,17,5,0
2026-06-19,LinkedIn extension,Software Engineer,26,2,1,2,7,1,0
2026-06-19,LinkedIn extension,UX Designer,22,1,3,5,17,3,0
2026-06-19,Manual paste,Data Analyst,12,2,1,1,5,3,1
2026-06-19,Manual paste,Finance Analyst,11,4,1,1,2,1,0
2026-06-19,Manual paste,Product Manager,12,2,1,0,10,2,1
2026-06-19,Manual paste,Software Engineer,14,3,0,0,2,1,0
2026-06-19,Manual paste,UX Designer,14,4,2,2,5,1,0
2026-06-20,Company career site,Data Analyst,8,0,2,1,4,0,0
2026-06-20,Company career site,Finance Analyst,14,0,0,1,11,1,1
2026-06-20,Company career site,Product Manager,11,0,3,1,3,3,0
2026-06-20,Company career site,Software Engineer,9,0,1,1,4,1,1
2026-06-20,Company career site,UX Designer,14,0,2,2,4,3,0
2026-06-20,Handshake extension,Data Analyst,21,1,2,0,16,5,1
2026-06-20,Handshake extension,Finance Analyst,26,3,5,1,16,4,2
2026-06-20,Handshake extension,Product Manager,17,1,2,1,9,2,0
2026-06-20,Handshake extension,Software Engineer,24,2,1,4,7,3,0
2026-06-20,Handshake extension,UX Designer,19,1,3,0,6,3,0
2026-06-20,LinkedIn extension,Data Analyst,17,0,1,2,8,0,0
2026-06-20,LinkedIn extension,Finance Analyst,28,3,3,4,9,4,0
2026-06-20,LinkedIn extension,Product Manager,32,4,2,2,15,3,1
2026-06-20,LinkedIn extension,Software Engineer,23,3,6,2,7,3,0
2026-06-20,LinkedIn extension,UX Designer,26,3,1,2,10,5,2
2026-06-20,Manual paste,Data Analyst,14,3,2,0,3,0,0
2026-06-20,Manual paste,Finance Analyst,14,1,5,1,3,0,0
2026-06-20,Manual paste,Product Manager,13,1,0,1,7,1,0
2026-06-20,Manual paste,Software Engineer,9,2,2,1,3,2,0
2026-06-20,Manual paste,UX Designer,14,2,1,1,5,3,0
2026-06-21,Company career site,Data Analyst,8,1,1,2,4,1,0
2026-06-21,Company career site,Finance Analyst,14,1,0,0,4,5,0
2026-06-21,Company career site,Product Manager,9,1,1,1,1,1,0
2026-06-21,Company career site,Software Engineer,7,0,2,2,3,2,0
2026-06-21,Company career site,UX Designer,10,1,0,1,4,1,0
2026-06-21,Handshake extension,Data Analyst,19,3,2,1,11,6,0
2026-06-21,Handshake extension,Finance Analyst,25,1,3,4,19,2,0
2026-06-21,Handshake extension,Product Manager,18,3,3,0,11,4,0
2026-06-21,Handshake extension,Software Engineer,21,1,5,3,9,4,0
2026-06-21,Handshake extension,UX Designer,20,4,1,3,9,4,0
2026-06-21,LinkedIn extension,Data Analyst,21,3,1,3,8,0,1
2026-06-21,LinkedIn extension,Finance Analyst,24,4,3,0,18,4,0
2026-06-21,LinkedIn extension,Product Manager,27,3,1,2,13,2,2
2026-06-21,LinkedIn extension,Software Engineer,31,7,2,2,8,1,2
2026-06-21,LinkedIn extension,UX Designer,33,6,8,1,14,2,1
2026-06-21,Manual paste,Data Analyst,11,3,1,1,5,0,0
2026-06-21,Manual paste,Finance Analyst,12,4,0,2,5,1,0
2026-06-21,Manual paste,Product Manager,15,2,1,0,6,3,0
2026-06-21,Manual paste,Software Engineer,12,2,4,1,6,0,0
2026-06-21,Manual paste,UX Designer,16,4,3,2,3,1,0
2026-06-22,Company career site,Data Analyst,10,2,0,1,5,3,0
2026-06-22,Company career site,Finance Analyst,19,1,2,0,13,1,0
2026-06-22,Company career site,Product Manager,10,1,3,1,4,2,1
2026-06-22,Company career site,Software Engineer,9,1,0,0,1,1,0
2026-06-22,Company career site,UX Designer,11,0,1,1,4,1,0
2026-06-22,Handshake extension,Data Analyst,16,2,0,1,9,2,0
2026-06-22,Handshake extension,Finance Analyst,25,3,5,0,12,3,0
2026-06-22,Handshake extension,Product Manager,21,1,3,3,10,2,0
2026-06-22,Handshake extension,Software Engineer,30,1,6,2,12,7,0
2026-06-22,Handshake extension,UX Designer,25,3,4,2,14,1,1
2026-06-22,LinkedIn extension,Data Analyst,20,0,0,1,14,1,0
2026-06-22,LinkedIn extension,Finance Analyst,30,4,6,2,10,1,0
2026-06-22,LinkedIn extension,Product Manager,32,5,4,1,16,3,1
2026-06-22,LinkedIn extension,Software Engineer,29,4,4,2,13,5,1
2026-06-22,LinkedIn extension,UX Designer,17,2,2,1,13,3,0
2026-06-22,Manual paste,Data Analyst,11,0,2,2,5,0,0
2026-06-22,Manual paste,Finance Analyst,19,5,3,0,3,0,0
2026-06-22,Manual paste,Product Manager,11,0,1,0,7,2,0
2026-06-22,Manual paste,Software Engineer,17,3,4,0,5,2,0
2026-06-22,Manual paste,UX Designer,15,3,1,1,6,1,0
2026-06-23,Company career site,Data Analyst,7,2,2,0,3,1,0
2026-06-23,Company career site,Finance Analyst,14,1,0,1,6,3,0
2026-06-23,Company career site,Product Manager,15,3,3,1,4,3,0
2026-06-23,Company career site,Software Engineer,7,2,2,0,1,0,0
2026-06-23,Company career site,UX Designer,13,1,1,0,6,3,1
2026-06-23,Handshake extension,Data Analyst,19,1,1,3,11,2,0
2026-06-23,Handshake extension,Finance Analyst,18,1,1,4,10,5,0
2026-06-23,Handshake extension,Product Manager,19,5,2,1,10,1,0
2026-06-23,Handshake extension,Software Engineer,27,3,1,2,13,8,4
2026-06-23,Handshake extension,UX Designer,27,4,0,1,15,6,1
2026-06-23,LinkedIn extension,Data Analyst,28,5,4,1,9,2,0
2026-06-23,LinkedIn extension,Finance Analyst,28,5,1,1,9,1,3
2026-06-23,LinkedIn extension,Product Manager,28,2,1,4,26,5,0
2026-06-23,LinkedIn extension,Software Engineer,22,5,2,1,10,1,0
2026-06-23,LinkedIn extension,UX Designer,28,4,4,3,11,1,0
2026-06-23,Manual paste,Data Analyst,16,6,1,2,6,1,0
2026-06-23,Manual paste,Finance Analyst,17,3,4,1,4,2,0
2026-06-23,Manual paste,Product Manager,11,0,0,0,7,0,0
2026-06-23,Manual paste,Software Engineer,17,2,2,5,2,2,1
2026-06-23,Manual paste,UX Designer,13,1,1,2,4,1,2
2026-06-24,Company career site,Data Analyst,9,0,0,0,1,4,0
2026-06-24,Company career site,Finance Analyst,11,0,0,0,7,1,0
2026-06-24,Company career site,Product Manager,13,0,2,3,2,4,2
2026-06-24,Company career site,Software Engineer,7,0,2,0,7,1,0
2026-06-24,Company career site,UX Designer,11,0,3,1,3,0,0
2026-06-24,Handshake extension,Data Analyst,16,0,0,0,7,7,0
2026-06-24,Handshake extension,Finance Analyst,26,0,4,5,17,3,1
2026-06-24,Handshake extension,Product Manager,21,0,2,3,12,1,0
2026-06-24,Handshake extension,Software Engineer,18,0,0,4,9,6,0
2026-06-24,Handshake extension,UX Designer,22,0,3,2,17,5,0
2026-06-24,LinkedIn extension,Data Analyst,21,0,4,1,4,2,0
2026-06-24,LinkedIn extension,Finance Analyst,23,0,2,3,9,5,0
2026-06-24,LinkedIn extension,Product Manager,23,0,6,2,14,2,0
2026-06-24,LinkedIn extension,Software Engineer,25,0,6,3,9,6,0
2026-06-24,LinkedIn extension,UX Designer,28,0,4,4,11,1,0
2026-06-24,Manual paste,Data Analyst,13,0,1,1,5,1,0
2026-06-24,Manual paste,Finance Analyst,10,0,0,2,7,1,0
2026-06-24,Manual paste,Product Manager,8,0,2,1,3,1,0
2026-06-24,Manual paste,Software Engineer,12,0,0,1,6,1,0
2026-06-24,Manual paste,UX Designer,16,0,3,1,5,2,0
2026-06-25,Company career site,Data Analyst,7,0,1,0,3,0,0
2026-06-25,Company career site,Finance Analyst,9,0,1,0,4,3,0
2026-06-25,Company career site,Product Manager,15,0,3,1,6,2,0
2026-06-25,Company career site,Software Engineer,7,0,0,2,1,2,0
2026-06-25,Company career site,UX Designer,10,0,0,1,4,2,0
2026-06-25,Handshake extension,Data Analyst,17,0,0,0,5,3,0
2026-06-25,Handshake extension,Finance Analyst,14,0,1,1,9,1,0
2026-06-25,Handshake extension,Product Manager,18,0,3,2,10,1,0
2026-06-25,Handshake extension,Software Engineer,28,0,1,2,17,8,1
2026-06-25,Handshake extension,UX Designer,19,0,1,1,13,8,0
2026-06-25,LinkedIn extension,Data Analyst,18,0,1,4,14,1,0
2026-06-25,LinkedIn extension,Finance Analyst,24,0,3,1,8,5,0
2026-06-25,LinkedIn extension,Product Manager,30,0,1,3,26,10,0
2026-06-25,LinkedIn extension,Software Engineer,25,0,4,4,11,2,0
2026-06-25,LinkedIn extension,UX Designer,27,0,1,2,15,3,0
2026-06-25,Manual paste,Data Analyst,11,0,3,0,8,1,0
2026-06-25,Manual paste,Finance Analyst,15,0,2,3,6,2,0
2026-06-25,Manual paste,Product Manager,9,0,1,0,6,0,0
2026-06-25,Manual paste,Software Engineer,14,0,3,2,3,2,0
2026-06-25,Manual paste,UX Designer,11,0,1,0,8,0,0
2026-06-26,Company career site,Data Analyst,5,0,0,2,2,0,0
2026-06-26,Company career site,Finance Analyst,10,0,1,2,13,1,0
2026-06-26,Company career site,Product Manager,16,0,2,1,7,5,0
2026-06-26,Company career site,Software Engineer,12,0,2,1,5,1,1
2026-06-26,Company career site,UX Designer,12,0,3,3,5,1,0
2026-06-26,Handshake extension,Data Analyst,14,0,0,0,8,3,1
2026-06-26,Handshake extension,Finance Analyst,26,0,3,0,12,6,0
2026-06-26,Handshake extension,Product Manager,23,0,3,1,6,3,0
2026-06-26,Handshake extension,Software Engineer,21,0,2,0,11,7,1
2026-06-26,Handshake extension,UX Designer,19,0,4,3,8,3,0
2026-06-26,LinkedIn extension,Data Analyst,17,0,3,1,14,0,0
2026-06-26,LinkedIn extension,Finance Analyst,17,0,4,0,15,1,0
2026-06-26,LinkedIn extension,Product Manager,23,0,3,1,20,3,0
2026-06-26,LinkedIn extension,Software Engineer,21,0,3,3,13,1,0
2026-06-26,LinkedIn extension,UX Designer,27,0,3,3,13,5,0
2026-06-26,Manual paste,Data Analyst,10,0,0,1,6,0,0
2026-06-26,Manual paste,Finance Analyst,13,0,5,1,7,4,0
2026-06-26,Manual paste,Product Manager,10,0,0,0,2,2,0
2026-06-26,Manual paste,Software Engineer,15,0,1,0,9,2,0
2026-06-26,Manual paste,UX Designer,9,0,3,0,4,2,0
2026-06-27,Company career site,Data Analyst,7,0,1,0,4,1,0
2026-06-27,Company career site,Finance Analyst,12,0,2,1,4,1,0
2026-06-27,Company career site,Product Manager,10,0,0,2,5,2,0
2026-06-27,Company career site,Software Engineer,11,0,3,0,4,1,0
2026-06-27,Company career site,UX Designer,11,0,0,0,7,1,0
2026-06-27,Handshake extension,Data Analyst,13,0,1,0,5,2,0
2026-06-27,Handshake extension,Finance Analyst,24,0,3,1,10,3,0
2026-06-27,Handshake extension,Product Manager,14,0,0,0,9,7,1
2026-06-27,Handshake extension,Software Engineer,21,0,0,2,13,7,0
2026-06-27,Handshake extension,UX Designer,21,0,4,2,9,1,1
2026-06-27,LinkedIn extension,Data Analyst,18,0,0,2,12,1,0
2026-06-27,LinkedIn extension,Finance Analyst,18,0,0,2,11,2,0
2026-06-27,LinkedIn extension,Product Manager,22,0,3,1,12,2,1
2026-06-27,LinkedIn extension,Software Engineer,25,0,6,2,11,4,0
2026-06-27,LinkedIn extension,UX Designer,29,0,5,1,12,3,0
2026-06-27,Manual paste,Data Analyst,7,0,0,1,12,1,0
2026-06-27,Manual paste,Finance Analyst,11,0,3,3,6,0,0
2026-06-27,Manual paste,Product Manager,6,0,0,1,6,1,0
2026-06-27,Manual paste,Software Engineer,15,0,2,2,6,1,0
2026-06-27,Manual paste,UX Designer,13,0,2,1,6,1,0
2026-06-28,Company career site,Data Analyst,6,0,1,0,2,0,0
2026-06-28,Company career site,Finance Analyst,9,0,1,0,5,1,0
2026-06-28,Company career site,Product Manager,13,0,0,2,14,1,0
2026-06-28,Company career site,Software Engineer,9,0,1,2,3,1,0
2026-06-28,Company career site,UX Designer,11,0,2,1,6,1,0
2026-06-28,Handshake extension,Data Analyst,12,0,0,0,4,1,4
2026-06-28,Handshake extension,Finance Analyst,19,0,2,1,11,2,2
2026-06-28,Handshake extension,Product Manager,17,0,4,0,12,2,1
2026-06-28,Handshake extension,Software Engineer,20,0,1,1,16,3,1
2026-06-28,Handshake extension,UX Designer,21,0,4,2,14,5,0
2026-06-28,LinkedIn extension,Data Analyst,23,0,1,1,10,4,0
2026-06-28,LinkedIn extension,Finance Analyst,24,0,4,1,7,6,1
2026-06-28,LinkedIn extension,Product Manager,17,0,3,2,10,3,0
2026-06-28,LinkedIn extension,Software Engineer,16,0,1,1,12,1,0
2026-06-28,LinkedIn extension,UX Designer,26,0,1,1,16,4,2
2026-06-28,Manual paste,Data Analyst,6,0,2,2,3,2,0
2026-06-28,Manual paste,Finance Analyst,11,0,0,2,11,0,2
2026-06-28,Manual paste,Product Manager,4,0,0,0,4,0,1
2026-06-28,Manual paste,Software Engineer,16,0,2,1,8,3,0
2026-06-28,Manual paste,UX Designer,14,0,1,3,6,1,1
2026-06-29,Company career site,Data Analyst,7,0,0,1,2,1,0
2026-06-29,Company career site,Finance Analyst,8,0,0,0,4,1,0
2026-06-29,Company career site,Product Manager,9,0,0,0,13,2,0
2026-06-29,Company career site,Software Engineer,6,0,1,0,8,0,0
2026-06-29,Company career site,UX Designer,12,0,1,1,9,2,0
2026-06-29,Handshake extension,Data Analyst,10,0,1,1,4,2,1
2026-06-29,Handshake extension,Finance Analyst,19,0,0,1,13,4,2
2026-06-29,Handshake extension,Product Manager,10,0,1,0,9,1,0
2026-06-29,Handshake extension,Software Engineer,22,0,0,0,14,7,2
2026-06-29,Handshake extension,UX Designer,22,0,5,2,15,4,0
2026-06-29,LinkedIn extension,Data Analyst,16,0,0,0,6,3,0
2026-06-29,LinkedIn extension,Finance Analyst,24,0,3,2,12,0,1
2026-06-29,LinkedIn extension,Product Manager,20,0,2,2,15,5,1
2026-06-29,LinkedIn extension,Software Engineer,24,0,1,1,17,3,1
2026-06-29,LinkedIn extension,UX Designer,18,0,0,3,9,2,0
2026-06-29,Manual paste,Data Analyst,7,0,0,0,4,1,0
2026-06-29,Manual paste,Finance Analyst,12,0,0,0,8,1,0
2026-06-29,Manual paste,Product Manager,6,0,1,0,3,1,0
2026-06-29,Manual paste,Software Engineer,9,0,0,0,11,1,0
2026-06-29,Manual paste,UX Designer,10,0,0,1,6,0,0
2026-06-30,Company career site,Data Analyst,4,0,0,0,23,5,0
2026-06-30,Company career site,Finance Analyst,10,0,1,0,14,4,1
2026-06-30,Company career site,Product Manager,13,0,1,0,36,4,0
2026-06-30,Company career site,Software Engineer,8,0,0,2,27,2,0
2026-06-30,Company career site,UX Designer,12,0,2,1,43,7,0
2026-06-30,Handshake extension,Data Analyst,7,0,1,0,22,1,1
2026-06-30,Handshake extension,Finance Analyst,28,0,1,1,42,15,3
2026-06-30,Handshake extension,Product Manager,17,0,0,1,20,4,0
2026-06-30,Handshake extension,Software Engineer,24,0,0,1,49,10,1
2026-06-30,Handshake extension,UX Designer,21,0,2,1,55,8,1
2026-06-30,LinkedIn extension,Data Analyst,17,0,2,0,59,12,1
2026-06-30,LinkedIn extension,Finance Analyst,19,0,1,1,51,7,0
2026-06-30,LinkedIn extension,Product Manager,25,0,3,1,71,8,0
2026-06-30,LinkedIn extension,Software Engineer,26,0,4,3,68,15,2
2026-06-30,LinkedIn extension,UX Designer,22,0,3,2,83,12,0
2026-06-30,Manual paste,Data Analyst,11,0,1,0,22,3,0
2026-06-30,Manual paste,Finance Analyst,16,0,3,0,38,9,0
2026-06-30,Manual paste,Product Manager,4,0,1,0,4,1,0
2026-06-30,Manual paste,Software Engineer,16,0,2,1,34,6,1
2026-06-30,Manual paste,UX Designer,15,0,0,0,30,7,0
2026-07-01,Company career site,Data Analyst,2,0,0,0,2,0,0
2026-07-01,Company career site,Finance Analyst,2,0,0,0,2,0,0
2026-07-01,Company career site,Product Manager,3,0,0,0,3,1,0
2026-07-01,Company career site,Software Engineer,1,0,0,0,1,0,0
2026-07-01,Company career site,UX Designer,2,0,0,0,3,0,0
2026-07-01,Handshake extension,Data Analyst,1,0,0,0,1,0,0
2026-07-01,Handshake extension,Finance Analyst,7,0,0,0,7,0,0
2026-07-01,Handshake extension,Product Manager,3,0,0,0,5,0,0
2026-07-01,Handshake extension,Software Engineer,9,0,0,0,10,3,0
2026-07-01,Handshake extension,UX Designer,3,0,0,0,3,1,0
2026-07-01,LinkedIn extension,Data Analyst,3,0,0,0,2,1,0
2026-07-01,LinkedIn extension,Finance Analyst,9,0,0,0,10,0,0
2026-07-01,LinkedIn extension,Product Manager,6,0,0,0,10,0,0
2026-07-01,LinkedIn extension,Software Engineer,9,0,0,0,9,1,0
2026-07-01,LinkedIn extension,UX Designer,9,0,0,0,13,1,0
2026-07-01,Manual paste,Data Analyst,3,0,0,0,4,0,0
2026-07-01,Manual paste,Finance Analyst,4,0,0,0,7,0,0
2026-07-01,Manual paste,Product Manager,2,0,0,0,2,0,0
2026-07-01,Manual paste,Software Engineer,2,0,0,0,2,0,0
2026-07-01,Manual paste,UX Designer,1,0,0,0,1,0,0
